=== [17:07:40] P5 汇总链启动 ===
=== 前置通过：三种子 + 任务2 三种子 test_probs.pt 齐备 ===
=== [17:07:40] calibrate ① ===
seed0: T=0.6785 (val BCE 0.0755→0.0664) | test micro-F1 基线 0.8095 / 温度 0.8000 / per-class 0.8000 / 组合 0.8182
seed1: T=1.2668 (val BCE 0.0721→0.0689) | test micro-F1 基线 0.8293 / 温度 0.8372 / per-class 0.7500 / 组合 0.7200
seed2: T=1.3188 (val BCE 0.0994→0.0932) | test micro-F1 基线 0.8000 / 温度 0.8000 / per-class 0.7826 / 组合 0.7660
跨种子聚合 → eval_results/calibration/summary.json
    ✅ calibrate ①
=== [17:07:45] calibrate ② ===
usage: calibrate.py [-h] [--seed SEED] [--batch-size BATCH_SIZE]
                    [--graph-dir GRAPH_DIR] [--split-dir SPLIT_DIR]
                    [--runs-dir RUNS_DIR] [--out-dir OUT_DIR]
calibrate.py: error: unrecognized arguments: --label-file products/augmentation/contract_labels_repaired.json --label-key-mode stem
    ❌ calibrate ② rc=2
=== [17:07:47] collect_per_class_f1 --check ===

## ① alldata（池 453，多标签）

| 配置 | 工作点 | access_control | arithmetic | dos | front_running | reentrancy | time_manipulation | uncheck | micro-F1 | macro-F1 | mAP | 合约级 F1 |
|---|---|---|---|---|---|---|---|---|---|---|---|---|
| 正典 RGCN（微调 CodeBERT） | @val_thr | 0.6667±0.2309 | 1.0000±0.0000 | 0.5556±0.5092 | 0.3333±0.5774 | 0.8660±0.0580 | 0.5556±0.5092 | 0.8593±0.1224 | 0.8192±0.0186 | 0.6909±0.1911 | 0.8952±0.0613 | 0.8964±0.0679 |
| 正典 RGCN（微调 CodeBERT） | @0.5 | 0.6444±0.2694 | 0.9333±0.1155 | 0.8889±0.1925 | 0.3333±0.5774 | 0.8660±0.0580 | 0.2222±0.3849 | 0.8745±0.1093 | 0.8129±0.0149 | 0.6804±0.0908 | 0.8952±0.0613 | 0.9068±0.0507 |
| GCN 基线（关系盲） | @val_thr | 0.7238±0.1320 | 1.0000±0.0000 | 0.4444±0.3849 | 0.2222±0.3849 | 0.8660±0.0580 | 0.2667±0.4619 | 0.8601±0.0634 | 0.8040±0.0324 | 0.6262±0.1538 | 0.8905±0.0484 | 0.9275±0.0214 |
| GCN 基线（关系盲） | @0.5 | 0.6667±0.2309 | 1.0000±0.0000 | 0.5556±0.5092 | 0.3333±0.5774 | 0.8963±0.1002 | 0.3333±0.5774 | 0.8824±0.1019 | 0.8352±0.0819 | 0.6668±0.2210 | 0.8905±0.0484 | 0.9263±0.0213 |
| 消融 cb_frozen（冻结 CodeBERT） | @val_thr | 0.1333±0.2309 | 0.4889±0.1540 | 0.0000±0.0000 | 0.0000±0.0000 | 0.6342±0.0696 | 0.0000±0.0000 | 0.4895±0.1106 | 0.4540±0.0796 | 0.2494±0.0309 | 0.3278±0.0334 | 0.7550±0.0324 |
| 消融 cb_frozen（冻结 CodeBERT） | @0.5 | 0.1212±0.2099 | 0.4960±0.2183 | 0.0000±0.0000 | 0.0000±0.0000 | 0.5382±0.0453 | 0.0000±0.0000 | 0.5172±0.0757 | 0.4274±0.0336 | 0.2389±0.0139 | 0.3278±0.0334 | 0.8133±0.0382 |
| 正典 RGCN + per-class 阈值（val 逐类选） | @per-class | 0.6444±0.2694 | 1.0000±0.0000 | 0.4333±0.0577 | 0.5000±0.5000 | 0.8660±0.0580 | 0.8889±0.1925 | 0.8426±0.1370 | 0.7775±0.0254 | 0.7393±0.0560 | — | 0.9355±0.0344 |

测试集逐类 support（3 种子均值）：access_control 3.0、arithmetic 2.3、dos 1.0、front_running 1.0、reentrancy 5.3、time_manipulation 1.3、uncheck 7.0

## ② augmentation（池 1774，单标签）

| 配置 | 工作点 | access_control | arithmetic | dos | front_running | reentrancy | time_manipulation | uncheck | micro-F1 | macro-F1 | mAP | 合约级 F1 |
|---|---|---|---|---|---|---|---|---|---|---|---|---|
| 正典 RGCN（微调 CodeBERT） | @val_thr | 0.9932±0.0118 | 0.9942±0.0101 | 0.9910±0.0156 | 1.0000±0.0000 | 0.9787±0.0369 | 1.0000±0.0000 | 0.9899±0.0175 | 0.9913±0.0076 | 0.9924±0.0066 | 0.9975±0.0025 | 0.9967±0.0034 |
| 正典 RGCN（微调 CodeBERT） | @0.5 | 0.9867±0.0231 | 0.9942±0.0101 | 0.9910±0.0156 | 1.0000±0.0000 | 0.9855±0.0251 | 1.0000±0.0000 | 0.9851±0.0259 | 0.9901±0.0100 | 0.9918±0.0080 | 0.9975±0.0025 | 0.9978±0.0039 |
| GCN 基线（关系盲） | @val_thr | 0.9867±0.0231 | 0.9677±0.0313 | 0.9648±0.0389 | 0.9905±0.0165 | 0.9926±0.0128 | 1.0000±0.0000 | 0.9767±0.0224 | 0.9802±0.0176 | 0.9827±0.0150 | 0.9975±0.0042 | 0.9911±0.0104 |
| GCN 基线（关系盲） | @0.5 | 0.9867±0.0231 | 0.9788±0.0233 | 0.9648±0.0389 | 0.9905±0.0165 | 0.9848±0.0262 | 1.0000±0.0000 | 0.9809±0.0231 | 0.9824±0.0157 | 0.9838±0.0141 | 0.9975±0.0042 | 0.9933±0.0089 |
| 消融 cb_frozen（冻结 CodeBERT） | @val_thr | 0.9872±0.0222 | 0.9568±0.0326 | 0.9434±0.0556 | 1.0000±0.0000 | 0.9317±0.0633 | 0.9596±0.0405 | 0.9159±0.0560 | 0.9508±0.0267 | 0.9564±0.0228 | 0.9808±0.0034 | 0.9835±0.0121 |
| 消融 cb_frozen（冻结 CodeBERT） | @0.5 | 0.9504±0.0474 | 0.9524±0.0149 | 0.9444±0.0556 | 0.9885±0.0199 | 0.9317±0.0633 | 0.9359±0.0575 | 0.8856±0.0787 | 0.9336±0.0310 | 0.9413±0.0225 | 0.9808±0.0034 | 0.9838±0.0117 |
| 正典 RGCN + per-class 阈值（val 逐类选） | @per-class | 0.9932±0.0118 | 0.9892±0.0095 | 0.9910±0.0156 | 1.0000±0.0000 | 0.9787±0.0369 | 1.0000±0.0000 | 0.9851±0.0259 | 0.9891±0.0101 | 0.9910±0.0080 | — | 0.9956±0.0051 |

测试集逐类 support（3 种子均值）：access_control 23.0、arithmetic 30.7、dos 17.7、front_running 16.7、reentrancy 15.7、time_manipulation 14.0、uncheck 36.3

[对拍] 本脚本复算 vs calibrate.py：✅ 逐位一致

已落盘：/home/saumarez/projects/deep-learning/SSM-HG/eval_results/per_class_f1.json
    ✅ collect_per_class_f1 --check
=== [17:07:49] error_rates ① ===

### L3 合约级 = 二分类视图（安全工具的实际代价；FPR/FNR 即「有没有漏洞」的误报/漏报率）

| 臂 | 工作点 | 误报率 FPR | 漏报率 FNR | 二分类 F1 | 二分类 P | 二分类 R | 误报数/干净数 | 漏报数/有漏洞数 |
|---|---|---|---|---|---|---|---|---|
| seed | @0.5 | 0.027 ± 0.046 | 0.144 ± 0.045 | 0.907 ± 0.051 | 0.965 ± 0.061 | 0.856 ± 0.045 | 0.7/25 | 3.0/21 |
| seed | @val_thr | 0.027 ± 0.046 | 0.160 ± 0.098 | 0.896 ± 0.068 | 0.965 ± 0.061 | 0.840 ± 0.098 | 0.7/25 | 3.3/21 |
| augmentation | @0.5 | 0.012 ± 0.021 | 0.002 ± 0.004 | 0.998 ± 0.004 | 0.998 ± 0.004 | 0.998 ± 0.004 | 0.3/23 | 0.3/154 |
| augmentation | @val_thr | 0.028 ± 0.025 | 0.002 ± 0.004 | 0.997 ± 0.003 | 0.996 ± 0.004 | 0.998 ± 0.004 | 0.7/23 | 0.3/154 |
| loss_focal | @0.5 | 0.251 ± 0.065 | 0.081 ± 0.029 | 0.827 ± 0.010 | 0.752 ± 0.035 | 0.919 ± 0.029 | 6.3/25 | 1.7/21 |
| loss_focal | @val_thr | 0.172 ± 0.049 | 0.243 ± 0.087 | 0.769 ± 0.044 | 0.785 ± 0.037 | 0.757 ± 0.087 | 4.3/25 | 5.0/21 |
| loss_asl | @0.5 | 0.936 ± 0.111 | 0.000 ± 0.000 | 0.636 ± 0.017 | 0.467 ± 0.018 | 1.000 ± 0.000 | 23.7/25 | 0.0/21 |
| loss_asl | @val_thr | 0.146 ± 0.063 | 0.260 ± 0.121 | 0.769 ± 0.055 | 0.813 ± 0.042 | 0.740 ± 0.121 | 3.7/25 | 5.3/21 |
| pw_unclamped | @0.5 | 0.238 ± 0.146 | 0.147 ± 0.101 | 0.797 ± 0.018 | 0.761 ± 0.085 | 0.853 ± 0.101 | 6.0/25 | 3.0/21 |
| pw_unclamped | @val_thr | 0.133 ± 0.101 | 0.194 ± 0.128 | 0.818 ± 0.043 | 0.847 ± 0.085 | 0.806 ± 0.128 | 3.3/25 | 4.0/21 |

### L1 标签对级（micro，全部 (合约, 类别) 对汇总）

| 臂 | 工作点 | FPR（误报率） | FNR（漏报率） | micro-P | micro-R |
|---|---|---|---|---|---|
| seed | @0.5 | 0.011 ± 0.002 | 0.206 ± 0.027 | 0.834 ± 0.021 | 0.794 ± 0.027 |
| seed | @val_thr | 0.010 ± 0.003 | 0.206 ± 0.055 | 0.850 ± 0.036 | 0.794 ± 0.055 |
| augmentation | @0.5 | 0.002 ± 0.002 | 0.007 ± 0.007 | 0.987 ± 0.013 | 0.993 ± 0.007 |
| augmentation | @val_thr | 0.002 ± 0.001 | 0.007 ± 0.007 | 0.989 ± 0.010 | 0.993 ± 0.007 |
| loss_focal | @0.5 | 0.105 ± 0.034 | 0.365 ± 0.027 | 0.309 ± 0.089 | 0.635 ± 0.027 |
| loss_focal | @val_thr | 0.059 ± 0.031 | 0.444 ± 0.027 | 0.423 ± 0.123 | 0.556 ± 0.027 |
| loss_asl | @0.5 | 0.425 ± 0.133 | 0.159 ± 0.073 | 0.127 ± 0.028 | 0.841 ± 0.073 |
| loss_asl | @val_thr | 0.040 ± 0.027 | 0.492 ± 0.027 | 0.524 ± 0.232 | 0.508 ± 0.027 |
| pw_unclamped | @0.5 | 0.137 ± 0.048 | 0.349 ± 0.027 | 0.261 ± 0.066 | 0.651 ± 0.027 |
| pw_unclamped | @val_thr | 0.074 ± 0.020 | 0.444 ± 0.027 | 0.351 ± 0.068 | 0.556 ± 0.027 |

### L2 逐类 FPR / FNR（@val_thr）

| 类别 | seed FPR | seed FNR | augmentation FPR | augmentation FNR | loss_focal FPR | loss_focal FNR | loss_asl FPR | loss_asl FNR | pw_unclamped FPR | pw_unclamped FNR |
|---|---|---|---|---|---|---|---|---|---|---|
| access_control | 0.008 ± 0.013 | 0.444 ± 0.192 | 0.002 ± 0.004 | 0.000 ± 0.000 | 0.062 ± 0.027 | 0.667 ± 0.333 | 0.031 ± 0.054 | 0.889 ± 0.192 | 0.109 ± 0.094 | 0.778 ± 0.385 |
| arithmetic | 0.000 ± 0.000 | 0.000 ± 0.000 | 0.002 ± 0.004 | 0.000 ± 0.000 | 0.030 ± 0.035 | 0.667 ± 0.289 | 0.023 ± 0.023 | 0.500 ± 0.500 | 0.061 ± 0.057 | 0.667 ± 0.289 |
| dos | 0.007 ± 0.013 | 0.333 ± 0.577 | 0.002 ± 0.004 | 0.000 ± 0.000 | 0.030 ± 0.051 | 1.000 ± 0.000 | 0.000 ± 0.000 | 1.000 ± 0.000 | 0.015 ± 0.026 | 1.000 ± 0.000 |
| front_running | 0.000 ± 0.000 | 0.667 ± 0.577 | 0.000 ± 0.000 | 0.000 ± 0.000 | 0.000 ± 0.000 | 1.000 ± 0.000 | 0.000 ± 0.000 | 1.000 ± 0.000 | 0.007 ± 0.013 | 1.000 ± 0.000 |
| reentrancy | 0.008 ± 0.014 | 0.178 ± 0.168 | 0.004 ± 0.007 | 0.014 ± 0.025 | 0.098 ± 0.084 | 0.178 ± 0.168 | 0.123 ± 0.084 | 0.233 ± 0.252 | 0.148 ± 0.068 | 0.189 ± 0.201 |
| time_manipulation | 0.000 ± 0.000 | 0.500 ± 0.500 | 0.000 ± 0.000 | 0.000 ± 0.000 | 0.000 ± 0.000 | 1.000 ± 0.000 | 0.000 ± 0.000 | 1.000 ± 0.000 | 0.022 ± 0.038 | 1.000 ± 0.000 |
| uncheck | 0.051 ± 0.051 | 0.048 ± 0.082 | 0.000 ± 0.000 | 0.020 ± 0.034 | 0.214 ± 0.053 | 0.190 ± 0.082 | 0.120 ± 0.129 | 0.238 ± 0.218 | 0.179 ± 0.077 | 0.143 ± 0.143 |

⚠ 无 `test_probs.pt` 缓存、**未统计**的臂：augmentation_dedup, neardup, withbuggy
  （`evaluate.py` 会落盘该缓存；如需补齐，重跑对应臂的 evaluate 即可，分钟级、无需重训。）

已落盘：runs/error_rates.json
    ✅ error_rates ①
=== [17:07:50] error_rates 消融 ===

### L3 合约级 = 二分类视图（安全工具的实际代价；FPR/FNR 即「有没有漏洞」的误报/漏报率）

| 臂 | 工作点 | 误报率 FPR | 漏报率 FNR | 二分类 F1 | 二分类 P | 二分类 R | 误报数/干净数 | 漏报数/有漏洞数 |
|---|---|---|---|---|---|---|---|---|

### L1 标签对级（micro，全部 (合约, 类别) 对汇总）

| 臂 | 工作点 | FPR（误报率） | FNR（漏报率） | micro-P | micro-R |
|---|---|---|---|---|---|

### L2 逐类 FPR / FNR（@val_thr）

| 类别 |  |
|---|

⚠ 无 `test_probs.pt` 缓存、**未统计**的臂：seed, augmentation, augmentation_dedup, loss_focal, loss_asl, pw_unclamped, neardup, withbuggy
  （`evaluate.py` 会落盘该缓存；如需补齐，重跑对应臂的 evaluate 即可，分钟级、无需重训。）

已落盘：runs/error_rates_ablation.json
    ✅ error_rates 消融
=== [17:07:54] error_rates 消融② ===

### L3 合约级 = 二分类视图（安全工具的实际代价；FPR/FNR 即「有没有漏洞」的误报/漏报率）

| 臂 | 工作点 | 误报率 FPR | 漏报率 FNR | 二分类 F1 | 二分类 P | 二分类 R | 误报数/干净数 | 漏报数/有漏洞数 |
|---|---|---|---|---|---|---|---|---|

### L1 标签对级（micro，全部 (合约, 类别) 对汇总）

| 臂 | 工作点 | FPR（误报率） | FNR（漏报率） | micro-P | micro-R |
|---|---|---|---|---|---|

### L2 逐类 FPR / FNR（@val_thr）

| 类别 |  |
|---|

⚠ 无 `test_probs.pt` 缓存、**未统计**的臂：seed, augmentation, augmentation_dedup, loss_focal, loss_asl, pw_unclamped, neardup, withbuggy
  （`evaluate.py` 会落盘该缓存；如需补齐，重跑对应臂的 evaluate 即可，分钟级、无需重训。）

已落盘：runs/error_rates_ablation_aug.json
    ✅ error_rates 消融②
=== [17:07:55] collect_ablation_results main ===
# 消融结果汇总：① 主库 alldata(readonly)

---

# 主口径：最佳种子（用户 2026-09-20 裁定）

> 🔴 **本节按「最佳种子」口径**：第 **1** 号种子（判据 = **正典**在 micro-F1@val_thr 上最高，即 0.8372）。
> **正典与全部 21 个臂一律取该种子**，故表内可比。
> ⚠ 单种子**无方差**可言，且重跑抖动 ≈0.012（约为种子间 std 的 40%，`decisions.md` §36.4）
> ⇒ **不得**据此下「某干预有效/无效」的结论；mean±std 与同配对 t 见**附录**。

## 表 A′：绝对值（**最佳种子 seed1**）

| 臂 | micro-F1@0.5 | micro-F1@val_thr | macro-F1@0.5 | macro-F1@val_thr | 精确匹配@0.5 | mAP |
| --- | --- | --- | --- | --- | --- | --- |
| **正典** | 0.8293 | 0.8372 | 0.7748 | 0.9111 | 0.8696 | 0.9349 |
| ast_parent | 0.8293 | 0.8372 | 0.7748 | 0.9111 | 0.8696 | 0.9374 |
| callback_risk | 0.8571 | 0.8182 | 0.9176 | 0.8635 | 0.8696 | 0.9367 |
| cb_frozen | 0.4615 | 0.5455 | 0.2507 | 0.2789 | 0.5870 | 0.3651 |
| cb_func_only | 0.8372 | 0.8372 | 0.9111 | 0.9111 | 0.8696 | 0.9375 |
| cb_node_only | 0.7368 | 0.7692 | 0.4786 | 0.4891 | 0.8478 | 0.7539 |
| cb_rev | 0.7805 | 0.7273 | 0.5843 | 0.5397 | 0.8696 | 0.9368 |
| cb_unlimited | 0.8293 | 0.8372 | 0.7748 | 0.9111 | 0.8696 | 0.9349 |
| cfg_flow | 0.7111 | 0.7442 | 0.5063 | 0.5778 | 0.8261 | 0.9264 |
| dfg_dep | 0.7907 | 0.7907 | 0.7206 | 0.7206 | 0.8696 | 0.9337 |
| dropedge02 | 0.8571 | 0.8182 | 0.9176 | 0.8635 | 0.8696 | 0.9343 |
| feat_base | 0.8571 | 0.8372 | 0.9176 | 0.9111 | 0.8696 | 0.9338 |
| feat_base_sem | 0.8293 | 0.8372 | 0.7748 | 0.9111 | 0.8696 | 0.9362 |
| hid256 | 0.8000 | 0.8000 | 0.6319 | 0.6319 | 0.8696 | 0.9232 |
| layers1 | 0.7692 | 0.7692 | 0.4891 | 0.4891 | 0.8696 | 0.9287 |
| layers3 | 0.8293 | 0.8293 | 0.7748 | 0.7748 | 0.8696 | 0.8386 |
| meanpool | 0.8293 | 0.8000 | 0.7748 | 0.8397 | 0.8696 | 0.9253 |
| no_lvar | 0.8293 | 0.8372 | 0.7748 | 0.9111 | 0.8696 | 0.9349 |
| no_prior_drop | 0.8293 | 0.8372 | 0.7748 | 0.9111 | 0.8696 | 0.9335 |
| numbases1 | 0.6977 | 0.7368 | 0.4176 | 0.4462 | 0.8043 | 0.7003 |
| numbases3 | 0.7317 | 0.7778 | 0.4564 | 0.4939 | 0.8261 | 0.9253 |
| numbases4 | 0.7273 | 0.7692 | 0.6195 | 0.4891 | 0.7826 | 0.7942 |

## 表 B′：Δ 相对正典（**最佳种子 seed1**）

| 臂 | Δmicro-F1@0.5 | Δmicro-F1@val_thr | Δmacro-F1@0.5 | Δmacro-F1@val_thr | Δ精确匹配@0.5 | ΔmAP |
| --- | --- | --- | --- | --- | --- | --- |
| ast_parent | +0.0000 | +0.0000 | +0.0000 | +0.0000 | +0.0000 | +0.0025 |
| callback_risk | +0.0279 | -0.0190 | +0.1429 | -0.0476 | +0.0000 | +0.0018 |
| cb_frozen | -0.3677 | -0.2918 | -0.5241 | -0.6322 | -0.2826 | -0.5698 |
| cb_func_only | +0.0079 | +0.0000 | +0.1363 | +0.0000 | +0.0000 | +0.0026 |
| cb_node_only | -0.0924 | -0.0680 | -0.2962 | -0.4220 | -0.0217 | -0.1810 |
| cb_rev | -0.0488 | -0.1099 | -0.1905 | -0.3714 | +0.0000 | +0.0019 |
| cb_unlimited | +0.0000 | +0.0000 | +0.0000 | +0.0000 | +0.0000 | +0.0000 |
| cfg_flow | -0.1182 | -0.0930 | -0.2684 | -0.3333 | -0.0435 | -0.0085 |
| dfg_dep | -0.0386 | -0.0465 | -0.0542 | -0.1905 | +0.0000 | -0.0012 |
| dropedge02 | +0.0279 | -0.0190 | +0.1429 | -0.0476 | +0.0000 | -0.0006 |
| feat_base | +0.0279 | +0.0000 | +0.1429 | +0.0000 | +0.0000 | -0.0011 |
| feat_base_sem | +0.0000 | +0.0000 | +0.0000 | +0.0000 | +0.0000 | +0.0013 |
| hid256 | -0.0293 | -0.0372 | -0.1429 | -0.2792 | +0.0000 | -0.0117 |
| layers1 | -0.0600 | -0.0680 | -0.2857 | -0.4220 | +0.0000 | -0.0062 |
| layers3 | +0.0000 | -0.0079 | +0.0000 | -0.1363 | +0.0000 | -0.0963 |
| meanpool | +0.0000 | -0.0372 | +0.0000 | -0.0714 | +0.0000 | -0.0096 |
| no_lvar | +0.0000 | +0.0000 | +0.0000 | +0.0000 | +0.0000 | +0.0000 |
| no_prior_drop | +0.0000 | +0.0000 | +0.0000 | +0.0000 | +0.0000 | -0.0014 |
| numbases1 | -0.1316 | -0.1004 | -0.3571 | -0.4649 | -0.0652 | -0.2346 |
| numbases3 | -0.0976 | -0.0594 | -0.3184 | -0.4172 | -0.0435 | -0.0096 |
| numbases4 | -0.1020 | -0.0680 | -0.1552 | -0.4220 | -0.0870 | -0.1407 |

---

# 附录：3 种子 mean±std（保留——单种子无方差，见上）

## 表 A：绝对值（3 种子 mean±std）

| 臂 | micro-F1@0.5 | micro-F1@val_thr | macro-F1@0.5 | macro-F1@val_thr | 精确匹配@0.5 | mAP | 训练 wall(s) | epoch 数 | 参数量 |
| --- | --- | --- | --- | --- | --- | --- | --- | --- | --- |
| **正典** | 0.8129±0.0149 | 0.8192±0.0186 | 0.6804±0.0908 | 0.6909±0.1911 | 0.8623±0.0126 | 0.8952±0.0613 | — (+微调 848.5) | — | — |
| ast_parent | 0.8544±0.0436 | 0.8501±0.0294 | 0.7486±0.1331 | 0.7909±0.1638 | 0.8841±0.0251 | 0.9333±0.0046 | 11.2 | 19 | 415226 |
| callback_risk | 0.8222±0.0306 | 0.8190±0.0013 | 0.7280±0.1689 | 0.7600±0.1664 | 0.8623±0.0126 | 0.8939±0.0628 | 10.5 | 16.3 | 415226 |
| cb_frozen | 0.4274±0.0336 | 0.4540±0.0796 | 0.2389±0.0139 | 0.2494±0.0309 | 0.5725±0.0664 | 0.3278±0.0334 | 13.7 | 18 | 415226 |
| cb_func_only | 0.6915±0.2381 | 0.7811±0.0831 | 0.6122±0.2938 | 0.6441±0.2485 | 0.7391±0.2074 | 0.8278±0.1069 | 9.8 | 15 | 316922 |
| cb_node_only | 0.7059±0.0358 | 0.7633±0.0182 | 0.4352±0.0507 | 0.4516±0.0332 | 0.8188±0.0332 | 0.7218±0.0286 | 12.5 | 18 | 316922 |
| cb_rev | 0.8366±0.0601 | 0.8006±0.0692 | 0.6899±0.1428 | 0.5734±0.0296 | 0.8841±0.0251 | 0.8685±0.1019 | 11.6 | 15.7 | 415236 |
| cb_unlimited | 0.8129±0.0149 | 0.8192±0.0186 | 0.6804±0.0908 | 0.6909±0.1911 | 0.8623±0.0126 | 0.8952±0.0613 | 11.3 | 16.3 | 415226 |
| cfg_flow | 0.7549±0.0501 | 0.7702±0.0347 | 0.5385±0.0508 | 0.5349±0.0915 | 0.8406±0.0251 | 0.8650±0.1095 | 9.4 | 14.3 | 415226 |
| dfg_dep | 0.8375±0.0420 | 0.8489±0.0504 | 0.7419±0.0200 | 0.7773±0.0701 | 0.8768±0.0126 | 0.8850±0.0424 | 11.2 | 18.3 | 415226 |
| dropedge02 | 0.8567±0.0272 | 0.8370±0.0237 | 0.7994±0.1702 | 0.7655±0.1406 | 0.8768±0.0126 | 0.9306±0.0033 | 14.4 | 22 | 415226 |
| feat_base | 0.8222±0.0306 | 0.8156±0.0193 | 0.7280±0.1689 | 0.7258±0.1653 | 0.8623±0.0126 | 0.8945±0.0607 | 11.0 | 16.3 | 415226 |
| feat_base_sem | 0.8129±0.0149 | 0.8192±0.0186 | 0.6804±0.0908 | 0.6909±0.1911 | 0.8623±0.0126 | 0.8953±0.0616 | 10.7 | 16.3 | 415226 |
| hid256 | 0.7956±0.0567 | 0.8098±0.0169 | 0.5652±0.0994 | 0.5751±0.0758 | 0.8478±0.0377 | 0.8014±0.1661 | 10.6 | 14.7 | 817018 |
| layers1 | 0.8352±0.0819 | 0.8397±0.0967 | 0.6550±0.2131 | 0.7012±0.2176 | 0.8913±0.0377 | 0.9182±0.0441 | 7.5 | 14 | 316769 |
| layers3 | 0.7733±0.0557 | 0.7889±0.0352 | 0.5799±0.1834 | 0.5901±0.1696 | 0.8478±0.0377 | 0.7900±0.1757 | 12.6 | 14.3 | 513683 |
| meanpool | 0.8426±0.0310 | 0.8100±0.0431 | 0.7441±0.1297 | 0.7508±0.1595 | 0.8768±0.0332 | 0.9249±0.0035 | 15.0 | 24 | 415226 |
| no_lvar | 0.8129±0.0149 | 0.8192±0.0186 | 0.6804±0.0908 | 0.6909±0.1911 | 0.8623±0.0126 | 0.8952±0.0613 | 10.7 | 16.3 | 415226 |
| no_prior_drop | 0.8129±0.0149 | 0.8192±0.0186 | 0.6804±0.0908 | 0.6909±0.1911 | 0.8623±0.0126 | 0.8946±0.0609 | 11.1 | 16.3 | 415226 |
| numbases1 | 0.7721±0.0675 | 0.7932±0.0503 | 0.5030±0.1144 | 0.5105±0.0701 | 0.8406±0.0332 | 0.7344±0.0772 | 9.1 | 13.3 | 284114 |
| numbases3 | 0.7981±0.0585 | 0.8177±0.0349 | 0.5107±0.0551 | 0.5038±0.0122 | 0.8551±0.0251 | 0.7733±0.1361 | 9.3 | 13.7 | 349670 |
| numbases4 | 0.7833±0.0620 | 0.7931±0.0383 | 0.6680±0.1278 | 0.6143±0.1512 | 0.8478±0.0575 | 0.8191±0.0886 | 9.8 | 14 | 382448 |

## 表 B：Δ 相对正典（★ = |Δ| 超过正典的种子间 std）

| 臂 | Δmicro-F1@0.5 | Δmicro-F1@val_thr | Δmacro-F1@0.5 | Δmacro-F1@val_thr | Δ精确匹配@0.5 | ΔmAP |
| --- | --- | --- | --- | --- | --- | --- |
| cb_frozen | -0.3856★ | -0.3652★ | -0.4414★ | -0.4415★ | -0.2899★ | -0.5674★ |
| cb_func_only | -0.1215★ | -0.0381★ | -0.0682 | -0.0468 | -0.1232★ | -0.0674★ |
| cb_node_only | -0.1070★ | -0.0560★ | -0.2451★ | -0.2394★ | -0.0435★ | -0.1734★ |
| cfg_flow | -0.0580★ | -0.0491★ | -0.1419★ | -0.1560 | -0.0217★ | -0.0301 |
| numbases1 | -0.0408★ | -0.0260★ | -0.1774★ | -0.1804 | -0.0217★ | -0.1608★ |
| layers3 | -0.0396★ | -0.0303★ | -0.1005★ | -0.1008 | -0.0145★ | -0.1051★ |
| numbases4 | -0.0296★ | -0.0262★ | -0.0124 | -0.0767 | -0.0145★ | -0.0761★ |
| hid256 | -0.0173★ | -0.0095 | -0.1152★ | -0.1158 | -0.0145★ | -0.0938★ |
| numbases3 | -0.0148 | -0.0015 | -0.1696★ | -0.1871 | -0.0072 | -0.1219★ |
| cb_unlimited | +0.0000 | +0.0000 | +0.0000 | +0.0000 | +0.0000 | +0.0000 |
| feat_base_sem | +0.0000 | +0.0000 | +0.0000 | +0.0000 | +0.0000 | +0.0002 |
| no_lvar | +0.0000 | +0.0000 | +0.0000 | +0.0000 | +0.0000 | +0.0000 |
| no_prior_drop | +0.0000 | +0.0000 | +0.0000 | +0.0000 | +0.0000 | -0.0005 |
| callback_risk | +0.0093 | -0.0003 | +0.0476 | +0.0690 | +0.0000 | -0.0013 |
| feat_base | +0.0093 | -0.0037 | +0.0476 | +0.0349 | +0.0000 | -0.0007 |
| layers1 | +0.0223★ | +0.0205★ | -0.0254 | +0.0103 | +0.0290★ | +0.0231 |
| cb_rev | +0.0237★ | -0.0187★ | +0.0095 | -0.1175 | +0.0217★ | -0.0267 |
| dfg_dep | +0.0246★ | +0.0297★ | +0.0615 | +0.0864 | +0.0145★ | -0.0102 |
| meanpool | +0.0297★ | -0.0093 | +0.0637 | +0.0599 | +0.0145★ | +0.0297 |
| ast_parent | +0.0415★ | +0.0308★ | +0.0682 | +0.1000 | +0.0217★ | +0.0381 |
| dropedge02 | +0.0438★ | +0.0178 | +0.1190★ | +0.0746 | +0.0145★ | +0.0355 |

## 表 C：同配对 t（臂 seed{s} ↔ 正典 runs/seed{s}，同划分同数据）

| 臂 | t(micro-F1@0.5) | t(micro-F1@val_thr) | t(macro-F1@0.5) | t(macro-F1@val_thr) | t(精确匹配@0.5) | t(mAP) |
| --- | --- | --- | --- | --- | --- | --- |
| cb_frozen | -35.05 | -9.94 | -9.85 | -4.63 | -9.18 | -23.12 |
| cb_func_only | -0.90 | -0.78 | -0.47 | -0.92 | -1.00 | -1.93 |
| cb_node_only | -5.93 | -7.65 | -4.95 | -2.60 | -2.00 | -6.70 |
| cfg_flow | -1.57 | -1.61 | -1.80 | -1.60 | -1.00 | -1.07 |
| numbases1 | -0.86 | -0.70 | -1.53 | -1.26 | -0.87 | -4.15 |
| layers3 | -1.46 | -2.18 | -1.23 | -3.27 | -0.56 | -1.51 |
| numbases4 | -0.72 | -1.07 | -0.14 | -0.41 | -0.40 | -0.89 |
| hid256 | -0.48 | -0.47 | -1.62 | -1.35 | -0.56 | -1.54 |
| numbases3 | -0.36 | -0.05 | -2.27 | -1.63 | -0.38 | -1.63 |
| cb_unlimited | — | — | — | — | — | — |
| feat_base_sem | — | — | — | — | — | +0.33 |
| no_lvar | — | — | — | — | — | — |
| no_prior_drop | — | — | — | — | — | -1.15 |
| callback_risk | +1.00 | -0.03 | +1.00 | +0.74 | — | -0.82 |
| feat_base | +1.00 | -1.00 | +1.00 | +1.00 | — | -1.98 |
| layers1 | +0.43 | +0.35 | -0.17 | +0.04 | +1.51 | +0.41 |
| cb_rev | +0.59 | -0.40 | +0.09 | -0.92 | +1.73 | -0.34 |
| dfg_dep | +0.77 | +0.77 | +1.01 | +0.60 | +2.00 | -0.38 |
| meanpool | +1.46 | -0.40 | +1.07 | +0.55 | +1.00 | +0.88 |
| ast_parent | +1.47 | +1.69 | +1.08 | +1.06 | +1.73 | +1.16 |
| dropedge02 | +2.88 | +0.94 | +2.09 | +0.79 | +2.00 | +1.02 |

## 表 D-@0.5：逐类 F1（test，3 种子 mean±std）

**support（逐种子 s0/s1/s2；与臂无关，同一 seed 共用同一划分）**：access_control=3/3/3；arithmetic=2/2/3；dos=1/1/1；front_running=1/1/1；reentrancy=5/6/5；time_manipulation=2/1/1；uncheck=7/7/7

| 臂 | access_control | arithmetic | dos | front_running | reentrancy | time_manipulation | uncheck |
| --- | --- | --- | --- | --- | --- | --- | --- |
| **正典** | 0.6444±0.2694 | 0.9333±0.1155 | 0.8889±0.1925 | 0.3333±0.5774 | 0.8660±0.0580 | 0.2222±0.3849 | 0.8745±0.1093 |
| cb_frozen | 0.1212±0.2099 | 0.4960±0.2183 | 0.0000±0.0000 | 0.0000±0.0000 | 0.5382±0.0453 | 0.0000±0.0000 | 0.5172±0.0757 |
| cb_func_only | 0.6074±0.3336 | 0.7368±0.4558 | 0.5556±0.5092 | 0.3333±0.5774 | 0.7217±0.2172 | 0.5000±0.5000 | 0.8307±0.0458 |
| cb_node_only | 0.6000±0.2404 | 0.8222±0.1678 | 0.0000±0.0000 | 0.0000±0.0000 | 0.8407±0.0449 | 0.0000±0.0000 | 0.7838±0.0371 |
| cfg_flow | 0.6444±0.2694 | 0.8222±0.1678 | 0.3889±0.3469 | 0.0000±0.0000 | 0.8660±0.0580 | 0.2222±0.3849 | 0.8254±0.0486 |
| numbases1 | 0.5556±0.0962 | 0.8667±0.1155 | 0.3333±0.5774 | 0.0000±0.0000 | 0.8660±0.0580 | 0.0000±0.0000 | 0.8995±0.0908 |
| layers3 | 0.6556±0.1503 | 0.8333±0.2887 | 0.5000±0.5000 | 0.3333±0.5774 | 0.8963±0.1002 | 0.0000±0.0000 | 0.8407±0.0297 |
| numbases4 | 0.6556±0.1503 | 1.0000±0.0000 | 0.7778±0.1925 | 0.3333±0.5774 | 0.8963±0.1002 | 0.2222±0.3849 | 0.7906±0.0612 |
| hid256 | 0.7000±0.1732 | 0.9333±0.1155 | 0.5556±0.5092 | 0.0000±0.0000 | 0.8963±0.1002 | 0.0000±0.0000 | 0.8713±0.0563 |
| numbases3 | 0.6238±0.1567 | 0.9333±0.1155 | 0.0000±0.0000 | 0.0000±0.0000 | 0.8963±0.1002 | 0.2222±0.3849 | 0.8995±0.0908 |
| cb_unlimited | 0.6444±0.2694 | 0.9333±0.1155 | 0.8889±0.1925 | 0.3333±0.5774 | 0.8660±0.0580 | 0.2222±0.3849 | 0.8745±0.1093 |
| feat_base_sem | 0.6444±0.2694 | 0.9333±0.1155 | 0.8889±0.1925 | 0.3333±0.5774 | 0.8660±0.0580 | 0.2222±0.3849 | 0.8745±0.1093 |
| no_lvar | 0.6444±0.2694 | 0.9333±0.1155 | 0.8889±0.1925 | 0.3333±0.5774 | 0.8660±0.0580 | 0.2222±0.3849 | 0.8745±0.1093 |
| no_prior_drop | 0.6444±0.2694 | 0.9333±0.1155 | 0.8889±0.1925 | 0.3333±0.5774 | 0.8660±0.0580 | 0.2222±0.3849 | 0.8745±0.1093 |
| callback_risk | 0.6444±0.2694 | 0.9333±0.1155 | 0.8889±0.1925 | 0.3333±0.5774 | 0.8660±0.0580 | 0.5556±0.5092 | 0.8745±0.1093 |
| feat_base | 0.6444±0.2694 | 0.9333±0.1155 | 0.8889±0.1925 | 0.3333±0.5774 | 0.8660±0.0580 | 0.5556±0.5092 | 0.8745±0.1093 |
| layers1 | 0.8000±0.0000 | 0.9333±0.1155 | 0.5000±0.5000 | 0.3333±0.5774 | 0.8963±0.1002 | 0.2222±0.3849 | 0.8995±0.0908 |
| cb_rev | 0.6556±0.1503 | 0.9333±0.1155 | 0.8889±0.1925 | 0.3333±0.5774 | 0.8963±0.1002 | 0.2222±0.3849 | 0.8995±0.0908 |
| dfg_dep | 0.6667±0.2309 | 1.0000±0.0000 | 0.7778±0.1925 | 0.6667±0.5774 | 0.8963±0.1002 | 0.3333±0.5774 | 0.8527±0.0728 |
| meanpool | 0.6667±0.2309 | 1.0000±0.0000 | 0.8889±0.1925 | 0.5556±0.5092 | 0.8963±0.1002 | 0.3333±0.5774 | 0.8679±0.0506 |
| ast_parent | 0.6667±0.2309 | 1.0000±0.0000 | 0.7778±0.1925 | 0.3333±0.5774 | 0.8963±0.1002 | 0.6667±0.5774 | 0.8995±0.0908 |
| dropedge02 | 0.6444±0.2694 | 1.0000±0.0000 | 0.8889±0.1925 | 0.6667±0.5774 | 0.8963±0.1002 | 0.6000±0.5292 | 0.8995±0.0908 |

## 表 D-@val_thr：逐类 F1（test，3 种子 mean±std）

**support（逐种子 s0/s1/s2；与臂无关，同一 seed 共用同一划分）**：access_control=3/3/3；arithmetic=2/2/3；dos=1/1/1；front_running=1/1/1；reentrancy=5/6/5；time_manipulation=2/1/1；uncheck=7/7/7

| 臂 | access_control | arithmetic | dos | front_running | reentrancy | time_manipulation | uncheck |
| --- | --- | --- | --- | --- | --- | --- | --- |
| **正典** | 0.6667±0.2309 | 1.0000±0.0000 | 0.5556±0.5092 | 0.3333±0.5774 | 0.8660±0.0580 | 0.5556±0.5092 | 0.8593±0.1224 |
| cb_frozen | 0.1333±0.2309 | 0.4889±0.1540 | 0.0000±0.0000 | 0.0000±0.0000 | 0.6342±0.0696 | 0.0000±0.0000 | 0.4895±0.1106 |
| cb_func_only | 0.7000±0.1732 | 0.9333±0.1155 | 0.5556±0.5092 | 0.3333±0.5774 | 0.8660±0.0580 | 0.3333±0.5774 | 0.7874±0.0655 |
| cb_node_only | 0.7000±0.1732 | 0.7222±0.2546 | 0.0000±0.0000 | 0.0000±0.0000 | 0.8197±0.0814 | 0.0000±0.0000 | 0.9190±0.0891 |
| cfg_flow | 0.7000±0.1732 | 0.7778±0.1925 | 0.5556±0.5092 | 0.0000±0.0000 | 0.8660±0.0580 | 0.0000±0.0000 | 0.8449±0.0799 |
| numbases1 | 0.5556±0.0962 | 1.0000±0.0000 | 0.2222±0.3849 | 0.0000±0.0000 | 0.8963±0.1002 | 0.0000±0.0000 | 0.8995±0.0908 |
| layers3 | 0.6556±0.1503 | 0.8889±0.1925 | 0.5000±0.5000 | 0.3333±0.5774 | 0.8963±0.1002 | 0.0000±0.0000 | 0.8567±0.0575 |
| numbases4 | 0.6556±0.1503 | 0.9333±0.1155 | 0.4444±0.3849 | 0.3333±0.5774 | 0.8660±0.0580 | 0.2222±0.3849 | 0.8449±0.0799 |
| hid256 | 0.7000±0.1732 | 1.0000±0.0000 | 0.5556±0.5092 | 0.0000±0.0000 | 0.8963±0.1002 | 0.0000±0.0000 | 0.8739±0.0498 |
| numbases3 | 0.7000±0.1732 | 1.0000±0.0000 | 0.0000±0.0000 | 0.0000±0.0000 | 0.8963±0.1002 | 0.0000±0.0000 | 0.9302±0.0715 |
| cb_unlimited | 0.6667±0.2309 | 1.0000±0.0000 | 0.5556±0.5092 | 0.3333±0.5774 | 0.8660±0.0580 | 0.5556±0.5092 | 0.8593±0.1224 |
| feat_base_sem | 0.6667±0.2309 | 1.0000±0.0000 | 0.5556±0.5092 | 0.3333±0.5774 | 0.8660±0.0580 | 0.5556±0.5092 | 0.8593±0.1224 |
| no_lvar | 0.6667±0.2309 | 1.0000±0.0000 | 0.5556±0.5092 | 0.3333±0.5774 | 0.8660±0.0580 | 0.5556±0.5092 | 0.8593±0.1224 |
| no_prior_drop | 0.6667±0.2309 | 1.0000±0.0000 | 0.5556±0.5092 | 0.3333±0.5774 | 0.8660±0.0580 | 0.5556±0.5092 | 0.8593±0.1224 |
| callback_risk | 0.6667±0.2309 | 1.0000±0.0000 | 0.3889±0.3469 | 0.6667±0.5774 | 0.8660±0.0580 | 0.8889±0.1925 | 0.8426±0.1370 |
| feat_base | 0.6444±0.2694 | 0.9333±0.1155 | 0.8889±0.1925 | 0.3333±0.5774 | 0.8660±0.0580 | 0.5556±0.5092 | 0.8593±0.1224 |
| layers1 | 0.7238±0.1320 | 1.0000±0.0000 | 0.5000±0.5000 | 0.6667±0.5774 | 0.8963±0.1002 | 0.2222±0.3849 | 0.8995±0.0908 |
| cb_rev | 0.6556±0.1503 | 1.0000±0.0000 | 0.3556±0.3355 | 0.0000±0.0000 | 0.8963±0.1002 | 0.2222±0.3849 | 0.8843±0.1114 |
| dfg_dep | 0.6667±0.2309 | 1.0000±0.0000 | 0.7778±0.1925 | 0.8889±0.1925 | 0.8963±0.1002 | 0.3333±0.5774 | 0.8781±0.0870 |
| meanpool | 0.6444±0.2694 | 1.0000±0.0000 | 0.8333±0.2887 | 0.3889±0.3469 | 0.8963±0.1002 | 0.6667±0.5774 | 0.8262±0.0839 |
| ast_parent | 0.6444±0.2694 | 1.0000±0.0000 | 0.7778±0.1925 | 0.6667±0.5774 | 0.8963±0.1002 | 0.6667±0.5774 | 0.8843±0.1114 |
| dropedge02 | 0.6444±0.2694 | 1.0000±0.0000 | 0.7778±0.1925 | 0.5556±0.5092 | 0.8963±0.1002 | 0.6000±0.5292 | 0.8843±0.1114 |

## 表 E：逐类 Precision / Recall（test @val_thr，3 种子 mean±std）

**Precision**

| 臂 | access_control | arithmetic | dos | front_running | reentrancy | time_manipulation | uncheck |
| --- | --- | --- | --- | --- | --- | --- | --- |
| **正典** | 0.8333±0.2887 | 1.0000±0.0000 | 0.5000±0.5000 | 0.3333±0.5774 | 0.9444±0.0962 | 0.6667±0.5774 | 0.7955±0.1860 |
| cb_frozen | 0.1667±0.2887 | 0.6111±0.3469 | 0.0000±0.0000 | 0.0000±0.0000 | 0.5472±0.1138 | 0.0000±0.0000 | 0.3984±0.1196 |
| cb_func_only | 1.0000±0.0000 | 0.8889±0.1925 | 0.5000±0.5000 | 0.3333±0.5774 | 0.9444±0.0962 | 0.3333±0.5774 | 0.8312±0.1832 |
| cb_node_only | 1.0000±0.0000 | 1.0000±0.0000 | 0.0000±0.0000 | 0.0000±0.0000 | 0.9444±0.0962 | 0.0000±0.0000 | 0.8583±0.1507 |
| cfg_flow | 1.0000±0.0000 | 0.8333±0.2887 | 0.5000±0.5000 | 0.0000±0.0000 | 0.9444±0.0962 | 0.0000±0.0000 | 0.7371±0.1236 |
| numbases1 | 0.8889±0.1925 | 1.0000±0.0000 | 0.1667±0.2887 | 0.0000±0.0000 | 1.0000±0.0000 | 0.0000±0.0000 | 0.8259±0.1557 |
| layers3 | 0.8889±0.1925 | 1.0000±0.0000 | 0.4444±0.5092 | 0.3333±0.5774 | 1.0000±0.0000 | 0.0000±0.0000 | 0.8000±0.1732 |
| numbases4 | 0.8889±0.1925 | 0.8889±0.1925 | 0.3333±0.2887 | 0.3333±0.5774 | 0.9444±0.0962 | 0.3333±0.5774 | 0.7371±0.1236 |
| hid256 | 1.0000±0.0000 | 1.0000±0.0000 | 0.5000±0.5000 | 0.0000±0.0000 | 1.0000±0.0000 | 0.0000±0.0000 | 0.8259±0.1557 |
| numbases3 | 1.0000±0.0000 | 1.0000±0.0000 | 0.0000±0.0000 | 0.0000±0.0000 | 1.0000±0.0000 | 0.0000±0.0000 | 0.9107±0.0778 |
| cb_unlimited | 0.8333±0.2887 | 1.0000±0.0000 | 0.5000±0.5000 | 0.3333±0.5774 | 0.9444±0.0962 | 0.6667±0.5774 | 0.7955±0.1860 |
| feat_base_sem | 0.8333±0.2887 | 1.0000±0.0000 | 0.5000±0.5000 | 0.3333±0.5774 | 0.9444±0.0962 | 0.6667±0.5774 | 0.7955±0.1860 |
| no_lvar | 0.8333±0.2887 | 1.0000±0.0000 | 0.5000±0.5000 | 0.3333±0.5774 | 0.9444±0.0962 | 0.6667±0.5774 | 0.7955±0.1860 |
| no_prior_drop | 0.8333±0.2887 | 1.0000±0.0000 | 0.5000±0.5000 | 0.3333±0.5774 | 0.9444±0.0962 | 0.6667±0.5774 | 0.7955±0.1860 |
| callback_risk | 0.8333±0.2887 | 1.0000±0.0000 | 0.2778±0.2546 | 0.6667±0.5774 | 0.9444±0.0962 | 1.0000±0.0000 | 0.7677±0.2018 |
| feat_base | 0.7778±0.3849 | 0.8889±0.1925 | 0.8333±0.2887 | 0.3333±0.5774 | 0.9444±0.0962 | 0.6667±0.5774 | 0.7955±0.1860 |
| layers1 | 0.8333±0.2887 | 1.0000±0.0000 | 0.4444±0.5092 | 0.6667±0.5774 | 1.0000±0.0000 | 0.3333±0.5774 | 0.8259±0.1557 |
| cb_rev | 0.8889±0.1925 | 1.0000±0.0000 | 0.2500±0.2500 | 0.0000±0.0000 | 1.0000±0.0000 | 0.3333±0.5774 | 0.8047±0.1833 |
| dfg_dep | 0.8333±0.2887 | 1.0000±0.0000 | 0.6667±0.2887 | 0.8333±0.2887 | 1.0000±0.0000 | 0.3333±0.5774 | 0.8371±0.1848 |
| meanpool | 0.7778±0.3849 | 1.0000±0.0000 | 0.7778±0.3849 | 0.2778±0.2546 | 1.0000±0.0000 | 0.6667±0.5774 | 0.7576±0.2099 |
| ast_parent | 0.7778±0.3849 | 1.0000±0.0000 | 0.6667±0.2887 | 0.6667±0.5774 | 1.0000±0.0000 | 0.6667±0.5774 | 0.8047±0.1833 |
| dropedge02 | 0.7778±0.3849 | 1.0000±0.0000 | 0.6667±0.2887 | 0.5000±0.5000 | 1.0000±0.0000 | 0.5556±0.5092 | 0.8047±0.1833 |

**Recall**

| 臂 | access_control | arithmetic | dos | front_running | reentrancy | time_manipulation | uncheck |
| --- | --- | --- | --- | --- | --- | --- | --- |
| **正典** | 0.5556±0.1925 | 1.0000±0.0000 | 0.6667±0.5774 | 0.3333±0.5774 | 0.8222±0.1678 | 0.5000±0.5000 | 0.9524±0.0825 |
| cb_frozen | 0.1111±0.1925 | 0.4444±0.0962 | 0.0000±0.0000 | 0.0000±0.0000 | 0.8111±0.2009 | 0.0000±0.0000 | 0.6667±0.1650 |
| cb_func_only | 0.5556±0.1925 | 1.0000±0.0000 | 0.6667±0.5774 | 0.3333±0.5774 | 0.8222±0.1678 | 0.3333±0.5774 | 0.8095±0.2182 |
| cb_node_only | 0.5556±0.1925 | 0.6111±0.3469 | 0.0000±0.0000 | 0.0000±0.0000 | 0.7556±0.2143 | 0.0000±0.0000 | 1.0000±0.0000 |
| cfg_flow | 0.5556±0.1925 | 0.8333±0.2887 | 0.6667±0.5774 | 0.0000±0.0000 | 0.8222±0.1678 | 0.0000±0.0000 | 1.0000±0.0000 |
| numbases1 | 0.4444±0.1925 | 1.0000±0.0000 | 0.3333±0.5774 | 0.0000±0.0000 | 0.8222±0.1678 | 0.0000±0.0000 | 1.0000±0.0000 |
| layers3 | 0.5556±0.1925 | 0.8333±0.2887 | 0.6667±0.5774 | 0.3333±0.5774 | 0.8222±0.1678 | 0.0000±0.0000 | 0.9524±0.0825 |
| numbases4 | 0.5556±0.1925 | 1.0000±0.0000 | 0.6667±0.5774 | 0.3333±0.5774 | 0.8222±0.1678 | 0.1667±0.2887 | 1.0000±0.0000 |
| hid256 | 0.5556±0.1925 | 1.0000±0.0000 | 0.6667±0.5774 | 0.0000±0.0000 | 0.8222±0.1678 | 0.0000±0.0000 | 0.9524±0.0825 |
| numbases3 | 0.5556±0.1925 | 1.0000±0.0000 | 0.0000±0.0000 | 0.0000±0.0000 | 0.8222±0.1678 | 0.0000±0.0000 | 0.9524±0.0825 |
| cb_unlimited | 0.5556±0.1925 | 1.0000±0.0000 | 0.6667±0.5774 | 0.3333±0.5774 | 0.8222±0.1678 | 0.5000±0.5000 | 0.9524±0.0825 |
| feat_base_sem | 0.5556±0.1925 | 1.0000±0.0000 | 0.6667±0.5774 | 0.3333±0.5774 | 0.8222±0.1678 | 0.5000±0.5000 | 0.9524±0.0825 |
| no_lvar | 0.5556±0.1925 | 1.0000±0.0000 | 0.6667±0.5774 | 0.3333±0.5774 | 0.8222±0.1678 | 0.5000±0.5000 | 0.9524±0.0825 |
| no_prior_drop | 0.5556±0.1925 | 1.0000±0.0000 | 0.6667±0.5774 | 0.3333±0.5774 | 0.8222±0.1678 | 0.5000±0.5000 | 0.9524±0.0825 |
| callback_risk | 0.5556±0.1925 | 1.0000±0.0000 | 0.6667±0.5774 | 0.6667±0.5774 | 0.8222±0.1678 | 0.8333±0.2887 | 0.9524±0.0825 |
| feat_base | 0.5556±0.1925 | 1.0000±0.0000 | 1.0000±0.0000 | 0.3333±0.5774 | 0.8222±0.1678 | 0.5000±0.5000 | 0.9524±0.0825 |
| layers1 | 0.6667±0.0000 | 1.0000±0.0000 | 0.6667±0.5774 | 0.6667±0.5774 | 0.8222±0.1678 | 0.1667±0.2887 | 1.0000±0.0000 |
| cb_rev | 0.5556±0.1925 | 1.0000±0.0000 | 0.6667±0.5774 | 0.0000±0.0000 | 0.8222±0.1678 | 0.1667±0.2887 | 1.0000±0.0000 |
| dfg_dep | 0.5556±0.1925 | 1.0000±0.0000 | 1.0000±0.0000 | 1.0000±0.0000 | 0.8222±0.1678 | 0.3333±0.5774 | 0.9524±0.0825 |
| meanpool | 0.5556±0.1925 | 1.0000±0.0000 | 1.0000±0.0000 | 0.6667±0.5774 | 0.8222±0.1678 | 0.6667±0.5774 | 0.9524±0.0825 |
| ast_parent | 0.5556±0.1925 | 1.0000±0.0000 | 1.0000±0.0000 | 0.6667±0.5774 | 0.8222±0.1678 | 0.6667±0.5774 | 1.0000±0.0000 |
| dropedge02 | 0.5556±0.1925 | 1.0000±0.0000 | 1.0000±0.0000 | 0.6667±0.5774 | 0.8222±0.1678 | 0.6667±0.5774 | 1.0000±0.0000 |

⚠ 逐类值**必须与 support 同时读**（见表 D-@val_thr 表头）：`dos`/`front_running` 等类的 test support 只有 1–2，**单张图判对判错即可让该类 F1 跳 ±1.0**，故这些类的 std 常达 ±0.3～±0.5。`—` = 该臂无 per_class 数据。


⚠ n=3 时 df=2，**|t| > 4.303 才是 p<0.05**；但本仓规范是**判方向须 n≥9 同配对**（噪声 ±0.05–0.07 量级，n=3 的表面模式不可信，`decisions.md` §26.7/§27.5）。故 t 与 ★ 同级——**值得复核，不是结论**。⚠ t 无定义（`—`）= 三个配对差完全相同且为 0，或样本不足 2。


**正典的种子间 std（判 ★ 的阈值）**：micro-F1@0.5 ±0.0149；micro-F1@val_thr ±0.0186；macro-F1@0.5 ±0.0908；macro-F1@val_thr ±0.1911；精确匹配@0.5 ±0.0126；mAP ±0.0613

⚠ 全部为 **n=3 描述性**读数：正典 micro-F1@0.5 的 std 达 ±0.03 量级，3 种子**判不了** ±0.05 的效应；下「干预有效/无效」的结论须另做同配对 ≥9 点（`decisions.md` §26.7/§27.5）。★ 只表示**值得复核**，不是效应。


[collect] 已写 /home/saumarez/projects/deep-learning/SSM-HG/eval_results/ablation/collected.{json,md}

    ✅ collect_ablation_results main
=== [17:07:56] collect_ablation_results aug ===
# 消融结果汇总：② 增强集 alldata_augmentation

---

# 主口径：最佳种子（用户 2026-09-20 裁定）

> 🔴 **本节按「最佳种子」口径**：第 **1** 号种子（判据 = **正典**在 micro-F1@val_thr 上最高，即 1.0000）。
> **正典与全部 21 个臂一律取该种子**，故表内可比。
> ⚠ 单种子**无方差**可言，且重跑抖动 ≈0.012（约为种子间 std 的 40%，`decisions.md` §36.4）
> ⇒ **不得**据此下「某干预有效/无效」的结论；mean±std 与同配对 t 见**附录**。

## 表 A′：绝对值（**最佳种子 seed1**）

| 臂 | micro-F1@0.5 | micro-F1@val_thr | macro-F1@0.5 | macro-F1@val_thr | 精确匹配@0.5 | mAP |
| --- | --- | --- | --- | --- | --- | --- |
| **正典** | 1.0000 | 1.0000 | 1.0000 | 1.0000 | 1.0000 | 1.0000 |
| ast_parent | 1.0000 | 0.9968 | 1.0000 | 0.9977 | 1.0000 | 1.0000 |
| callback_risk | 1.0000 | 1.0000 | 1.0000 | 1.0000 | 1.0000 | 1.0000 |
| cb_frozen | 0.9598 | 0.9809 | 0.9626 | 0.9827 | 0.9379 | 0.9784 |
| cb_func_only | 1.0000 | 1.0000 | 1.0000 | 1.0000 | 1.0000 | 1.0000 |
| cb_node_only | 1.0000 | 1.0000 | 1.0000 | 1.0000 | 1.0000 | 1.0000 |
| cb_rev | 1.0000 | 1.0000 | 1.0000 | 1.0000 | 1.0000 | 1.0000 |
| cb_unlimited | 1.0000 | 1.0000 | 1.0000 | 1.0000 | 1.0000 | 1.0000 |
| cfg_flow | 1.0000 | 1.0000 | 1.0000 | 1.0000 | 1.0000 | 1.0000 |
| dfg_dep | 0.9905 | 0.9905 | 0.9934 | 0.9934 | 0.9831 | 1.0000 |
| dropedge02 | 1.0000 | 1.0000 | 1.0000 | 1.0000 | 1.0000 | 1.0000 |
| feat_base | 1.0000 | 1.0000 | 1.0000 | 1.0000 | 1.0000 | 1.0000 |
| feat_base_sem | 1.0000 | 1.0000 | 1.0000 | 1.0000 | 1.0000 | 1.0000 |
| hid256 | 1.0000 | 1.0000 | 1.0000 | 1.0000 | 1.0000 | 1.0000 |
| layers1 | 1.0000 | 0.9968 | 1.0000 | 0.9980 | 1.0000 | 1.0000 |
| layers3 | 1.0000 | 1.0000 | 1.0000 | 1.0000 | 1.0000 | 1.0000 |
| meanpool | 1.0000 | 0.9968 | 1.0000 | 0.9977 | 1.0000 | 1.0000 |
| no_lvar | 1.0000 | 1.0000 | 1.0000 | 1.0000 | 1.0000 | 1.0000 |
| no_prior_drop | 1.0000 | 1.0000 | 1.0000 | 1.0000 | 1.0000 | 1.0000 |
| numbases1 | 0.9905 | 0.9905 | 0.9934 | 0.9934 | 0.9831 | 1.0000 |
| numbases3 | 1.0000 | 1.0000 | 1.0000 | 1.0000 | 1.0000 | 1.0000 |
| numbases4 | 1.0000 | 1.0000 | 1.0000 | 1.0000 | 1.0000 | 1.0000 |

## 表 B′：Δ 相对正典（**最佳种子 seed1**）

| 臂 | Δmicro-F1@0.5 | Δmicro-F1@val_thr | Δmacro-F1@0.5 | Δmacro-F1@val_thr | Δ精确匹配@0.5 | ΔmAP |
| --- | --- | --- | --- | --- | --- | --- |
| ast_parent | +0.0000 | -0.0032 | +0.0000 | -0.0023 | +0.0000 | +0.0000 |
| callback_risk | +0.0000 | +0.0000 | +0.0000 | +0.0000 | +0.0000 | +0.0000 |
| cb_frozen | -0.0402 | -0.0191 | -0.0374 | -0.0173 | -0.0621 | -0.0216 |
| cb_func_only | +0.0000 | +0.0000 | +0.0000 | +0.0000 | +0.0000 | +0.0000 |
| cb_node_only | +0.0000 | +0.0000 | +0.0000 | +0.0000 | +0.0000 | +0.0000 |
| cb_rev | +0.0000 | +0.0000 | +0.0000 | +0.0000 | +0.0000 | +0.0000 |
| cb_unlimited | +0.0000 | +0.0000 | +0.0000 | +0.0000 | +0.0000 | +0.0000 |
| cfg_flow | +0.0000 | +0.0000 | +0.0000 | +0.0000 | +0.0000 | +0.0000 |
| dfg_dep | -0.0095 | -0.0095 | -0.0066 | -0.0066 | -0.0169 | +0.0000 |
| dropedge02 | +0.0000 | +0.0000 | +0.0000 | +0.0000 | +0.0000 | +0.0000 |
| feat_base | +0.0000 | +0.0000 | +0.0000 | +0.0000 | +0.0000 | +0.0000 |
| feat_base_sem | +0.0000 | +0.0000 | +0.0000 | +0.0000 | +0.0000 | +0.0000 |
| hid256 | +0.0000 | +0.0000 | +0.0000 | +0.0000 | +0.0000 | +0.0000 |
| layers1 | +0.0000 | -0.0032 | +0.0000 | -0.0020 | +0.0000 | +0.0000 |
| layers3 | +0.0000 | +0.0000 | +0.0000 | +0.0000 | +0.0000 | +0.0000 |
| meanpool | +0.0000 | -0.0032 | +0.0000 | -0.0023 | +0.0000 | -0.0000 |
| no_lvar | +0.0000 | +0.0000 | +0.0000 | +0.0000 | +0.0000 | -0.0000 |
| no_prior_drop | +0.0000 | +0.0000 | +0.0000 | +0.0000 | +0.0000 | -0.0000 |
| numbases1 | -0.0095 | -0.0095 | -0.0066 | -0.0066 | -0.0169 | +0.0000 |
| numbases3 | +0.0000 | +0.0000 | +0.0000 | +0.0000 | +0.0000 | +0.0000 |
| numbases4 | +0.0000 | +0.0000 | +0.0000 | +0.0000 | +0.0000 | +0.0000 |

---

# 附录：3 种子 mean±std（保留——单种子无方差，见上）

## 表 A：绝对值（3 种子 mean±std）

| 臂 | micro-F1@0.5 | micro-F1@val_thr | macro-F1@0.5 | macro-F1@val_thr | 精确匹配@0.5 | mAP | 训练 wall(s) | epoch 数 | 参数量 |
| --- | --- | --- | --- | --- | --- | --- | --- | --- | --- |
| **正典** | 0.9901±0.0100 | 0.9913±0.0076 | 0.9918±0.0080 | 0.9924±0.0066 | 0.9887±0.0113 | 0.9975±0.0025 | — (+微调 3797.3) | — | — |
| ast_parent | 0.9858±0.0133 | 0.9859±0.0095 | 0.9855±0.0127 | 0.9865±0.0099 | 0.9831±0.0169 | 0.9967±0.0029 | 40.9 | 10 | 415226 |
| callback_risk | 0.9901±0.0100 | 0.9891±0.0094 | 0.9918±0.0080 | 0.9911±0.0077 | 0.9887±0.0113 | 0.9975±0.0025 | 43.0 | 11.3 | 415226 |
| cb_frozen | 0.9336±0.0310 | 0.9508±0.0267 | 0.9413±0.0225 | 0.9564±0.0228 | 0.9058±0.0460 | 0.9808±0.0034 | 118.4 | 42 | 415226 |
| cb_func_only | 0.9847±0.0137 | 0.9847±0.0137 | 0.9844±0.0135 | 0.9844±0.0135 | 0.9812±0.0173 | 0.9915±0.0123 | 41.3 | 10.7 | 316922 |
| cb_node_only | 0.9868±0.0120 | 0.9879±0.0117 | 0.9883±0.0103 | 0.9891±0.0099 | 0.9849±0.0142 | 0.9982±0.0021 | 46.0 | 13.3 | 316922 |
| cb_rev | 0.9869±0.0113 | 0.9902±0.0085 | 0.9876±0.0110 | 0.9913±0.0083 | 0.9849±0.0130 | 0.9977±0.0030 | 65.7 | 13.7 | 415236 |
| cb_unlimited | 0.9901±0.0100 | 0.9923±0.0069 | 0.9918±0.0080 | 0.9937±0.0055 | 0.9887±0.0113 | 0.9975±0.0024 | 81.8 | 11.3 | 415226 |
| cfg_flow | 0.9858±0.0149 | 0.9879±0.0118 | 0.9890±0.0111 | 0.9908±0.0083 | 0.9812±0.0198 | 0.9928±0.0085 | 46.6 | 12.3 | 415226 |
| dfg_dep | 0.9838±0.0059 | 0.9838±0.0059 | 0.9856±0.0074 | 0.9856±0.0074 | 0.9793±0.0065 | 0.9995±0.0005 | 48.4 | 12.7 | 415226 |
| dropedge02 | 0.9858±0.0125 | 0.9881±0.0104 | 0.9866±0.0120 | 0.9905±0.0083 | 0.9831±0.0149 | 0.9974±0.0026 | 36.3 | 10.3 | 415226 |
| feat_base | 0.9901±0.0100 | 0.9912±0.0084 | 0.9918±0.0080 | 0.9927±0.0067 | 0.9887±0.0113 | 0.9975±0.0026 | 41.8 | 11.3 | 415226 |
| feat_base_sem | 0.9901±0.0100 | 0.9913±0.0076 | 0.9918±0.0080 | 0.9926±0.0064 | 0.9887±0.0113 | 0.9975±0.0026 | 42.6 | 11.3 | 415226 |
| hid256 | 0.9880±0.0114 | 0.9880±0.0114 | 0.9882±0.0122 | 0.9882±0.0122 | 0.9849±0.0142 | 0.9986±0.0018 | 36.2 | 9 | 817018 |
| layers1 | 0.9912±0.0084 | 0.9912±0.0071 | 0.9907±0.0083 | 0.9932±0.0059 | 0.9868±0.0118 | 0.9991±0.0016 | 30.2 | 8.7 | 316769 |
| layers3 | 0.9711±0.0307 | 0.9793±0.0187 | 0.9754±0.0235 | 0.9818±0.0158 | 0.9605±0.0427 | 0.9969±0.0035 | 65.4 | 11.7 | 513683 |
| meanpool | 0.9816±0.0180 | 0.9816±0.0137 | 0.9848±0.0137 | 0.9845±0.0114 | 0.9736±0.0255 | 0.9948±0.0054 | 43.8 | 11 | 415226 |
| no_lvar | 0.9901±0.0100 | 0.9923±0.0069 | 0.9918±0.0080 | 0.9934±0.0058 | 0.9887±0.0113 | 0.9976±0.0026 | 43.5 | 11.3 | 415226 |
| no_prior_drop | 0.9901±0.0100 | 0.9892±0.0098 | 0.9918±0.0080 | 0.9912±0.0079 | 0.9887±0.0113 | 0.9975±0.0026 | 41.3 | 11.3 | 415226 |
| numbases1 | 0.9806±0.0096 | 0.9880±0.0042 | 0.9805±0.0148 | 0.9886±0.0042 | 0.9699±0.0182 | 0.9958±0.0039 | 33.4 | 8 | 284114 |
| numbases3 | 0.9837±0.0148 | 0.9838±0.0147 | 0.9845±0.0152 | 0.9842±0.0156 | 0.9793±0.0198 | 0.9989±0.0016 | 39.5 | 10.7 | 349670 |
| numbases4 | 0.9352±0.0960 | 0.9798±0.0206 | 0.9489±0.0687 | 0.9799±0.0184 | 0.8908±0.1700 | 0.9948±0.0055 | 36.6 | 8.7 | 382448 |

## 表 B：Δ 相对正典（★ = |Δ| 超过正典的种子间 std）

| 臂 | Δmicro-F1@0.5 | Δmicro-F1@val_thr | Δmacro-F1@0.5 | Δmacro-F1@val_thr | Δ精确匹配@0.5 | ΔmAP |
| --- | --- | --- | --- | --- | --- | --- |
| cb_frozen | -0.0566★ | -0.0405★ | -0.0505★ | -0.0361★ | -0.0829★ | -0.0167★ |
| numbases4 | -0.0550★ | -0.0114★ | -0.0428★ | -0.0125★ | -0.0979★ | -0.0027★ |
| layers3 | -0.0190★ | -0.0120★ | -0.0164★ | -0.0106★ | -0.0282★ | -0.0006 |
| numbases1 | -0.0095 | -0.0033 | -0.0112★ | -0.0038 | -0.0188★ | -0.0017 |
| meanpool | -0.0085 | -0.0097★ | -0.0070 | -0.0080★ | -0.0151★ | -0.0026★ |
| numbases3 | -0.0064 | -0.0075 | -0.0073 | -0.0082★ | -0.0094 | +0.0014 |
| dfg_dep | -0.0064 | -0.0075 | -0.0062 | -0.0068★ | -0.0094 | +0.0020 |
| cb_func_only | -0.0054 | -0.0066 | -0.0074 | -0.0080★ | -0.0075 | -0.0060★ |
| dropedge02 | -0.0043 | -0.0032 | -0.0052 | -0.0019 | -0.0056 | -0.0001 |
| ast_parent | -0.0043 | -0.0054 | -0.0062 | -0.0060 | -0.0056 | -0.0007 |
| cfg_flow | -0.0043 | -0.0034 | -0.0028 | -0.0016 | -0.0075 | -0.0046★ |
| cb_node_only | -0.0033 | -0.0034 | -0.0035 | -0.0033 | -0.0038 | +0.0007 |
| cb_rev | -0.0032 | -0.0010 | -0.0042 | -0.0011 | -0.0038 | +0.0002 |
| hid256 | -0.0022 | -0.0033 | -0.0036 | -0.0043 | -0.0038 | +0.0011 |
| callback_risk | +0.0000 | -0.0021 | +0.0000 | -0.0013 | +0.0000 | +0.0000 |
| cb_unlimited | +0.0000 | +0.0011 | +0.0000 | +0.0013 | +0.0000 | +0.0001 |
| feat_base | +0.0000 | -0.0000 | +0.0000 | +0.0003 | +0.0000 | +0.0000 |
| feat_base_sem | +0.0000 | +0.0000 | +0.0000 | +0.0002 | +0.0000 | +0.0001 |
| no_lvar | +0.0000 | +0.0011 | +0.0000 | +0.0010 | +0.0000 | +0.0001 |
| no_prior_drop | +0.0000 | -0.0021 | +0.0000 | -0.0012 | +0.0000 | +0.0000 |
| layers1 | +0.0011 | -0.0001 | -0.0011 | +0.0008 | -0.0019 | +0.0016 |

## 表 C：同配对 t（臂 seed{s} ↔ 正典 runs/seed{s}，同划分同数据）

| 臂 | t(micro-F1@0.5) | t(micro-F1@val_thr) | t(macro-F1@0.5) | t(macro-F1@val_thr) | t(精确匹配@0.5) | t(mAP) |
| --- | --- | --- | --- | --- | --- | --- |
| cb_frozen | -4.61 | -3.65 | -6.00 | -3.85 | -4.00 | -6.51 |
| numbases4 | -1.10 | -1.37 | -1.21 | -1.73 | -1.06 | -1.59 |
| layers3 | -1.59 | -1.79 | -1.83 | -2.00 | -1.55 | -0.29 |
| numbases1 | -1.75 | -0.91 | -1.40 | -2.73 | -1.64 | -2.00 |
| meanpool | -1.83 | -2.57 | -2.00 | -2.83 | -1.83 | -1.62 |
| numbases3 | -1.01 | -1.64 | -1.01 | -1.40 | -1.00 | +0.87 |
| dfg_dep | -2.00 | -7.69 | -1.58 | -4.13 | -2.50 | +1.49 |
| cb_func_only | -1.89 | -1.74 | -1.79 | -1.99 | -2.00 | -1.03 |
| dropedge02 | -1.51 | -1.76 | -1.14 | -1.80 | -1.73 | -1.99 |
| ast_parent | -2.00 | -4.85 | -1.91 | -2.93 | -1.73 | -1.51 |
| cfg_flow | -1.51 | -1.00 | -1.52 | -0.98 | -1.51 | -0.99 |
| cb_node_only | -1.76 | -1.02 | -1.68 | -1.33 | -2.00 | +1.98 |
| cb_rev | -1.00 | -1.00 | -1.00 | -0.53 | -1.00 | +0.39 |
| hid256 | -0.38 | -1.00 | -0.58 | -1.00 | -0.56 | +0.70 |
| callback_risk | — | -2.00 | — | -1.99 | — | +1.00 |
| cb_unlimited | — | +1.00 | — | +1.45 | — | +0.64 |
| feat_base | — | -0.03 | — | +0.19 | — | +0.65 |
| feat_base_sem | — | — | — | +1.00 | — | +0.46 |
| no_lvar | — | +1.00 | — | +1.00 | — | +1.00 |
| no_prior_drop | — | -1.00 | — | -1.00 | — | +0.23 |
| layers1 | +0.94 | -0.03 | -1.08 | +0.27 | -1.00 | +0.92 |

## 表 D-@0.5：逐类 F1（test，3 种子 mean±std）

**support（逐种子 s0/s1/s2；与臂无关，同一 seed 共用同一划分）**：access_control=24/27/18；arithmetic=33/31/28；dos=18/21/14；front_running=14/19/17；reentrancy=14/10/23；time_manipulation=12/13/17；uncheck=34/36/39

| 臂 | access_control | arithmetic | dos | front_running | reentrancy | time_manipulation | uncheck |
| --- | --- | --- | --- | --- | --- | --- | --- |
| **正典** | 0.9867±0.0231 | 0.9942±0.0101 | 0.9910±0.0156 | 1.0000±0.0000 | 0.9855±0.0251 | 1.0000±0.0000 | 0.9851±0.0259 |
| cb_frozen | 0.9504±0.0474 | 0.9524±0.0150 | 0.9444±0.0556 | 0.9885±0.0199 | 0.9317±0.0633 | 0.9359±0.0575 | 0.8856±0.0787 |
| numbases4 | 0.8718±0.2221 | 0.9259±0.1135 | 0.9744±0.0444 | 0.9905±0.0165 | 0.9182±0.1048 | 1.0000±0.0000 | 0.9619±0.0660 |
| layers3 | 0.9842±0.0141 | 0.9732±0.0255 | 0.9653±0.0390 | 1.0000±0.0000 | 0.9926±0.0128 | 0.9744±0.0444 | 0.9380±0.0966 |
| numbases1 | 0.9867±0.0231 | 0.9846±0.0266 | 0.9648±0.0389 | 1.0000±0.0000 | 0.9926±0.0128 | 0.9500±0.0866 | 0.9851±0.0259 |
| meanpool | 0.9804±0.0340 | 0.9892±0.0095 | 0.9910±0.0156 | 0.9905±0.0165 | 0.9855±0.0251 | 0.9899±0.0175 | 0.9672±0.0463 |
| numbases3 | 0.9777±0.0204 | 0.9831±0.0294 | 0.9648±0.0389 | 1.0000±0.0000 | 0.9848±0.0262 | 1.0000±0.0000 | 0.9809±0.0231 |
| dfg_dep | 0.9932±0.0118 | 0.9788±0.0233 | 0.9786±0.0192 | 0.9905±0.0165 | 0.9778±0.0385 | 1.0000±0.0000 | 0.9804±0.0340 |
| cb_func_only | 0.9867±0.0231 | 0.9892±0.0095 | 0.9648±0.0389 | 1.0000±0.0000 | 0.9778±0.0385 | 0.9867±0.0231 | 0.9855±0.0251 |
| dropedge02 | 0.9932±0.0118 | 0.9892±0.0095 | 0.9653±0.0390 | 1.0000±0.0000 | 0.9778±0.0385 | 1.0000±0.0000 | 0.9804±0.0340 |
| ast_parent | 0.9867±0.0231 | 0.9942±0.0101 | 0.9653±0.0390 | 1.0000±0.0000 | 0.9855±0.0251 | 0.9867±0.0231 | 0.9804±0.0340 |
| cfg_flow | 0.9867±0.0231 | 0.9843±0.0148 | 0.9910±0.0156 | 1.0000±0.0000 | 0.9848±0.0262 | 1.0000±0.0000 | 0.9762±0.0310 |
| cb_node_only | 0.9867±0.0231 | 0.9890±0.0096 | 0.9877±0.0214 | 1.0000±0.0000 | 0.9740±0.0230 | 1.0000±0.0000 | 0.9807±0.0230 |
| cb_rev | 0.9777±0.0204 | 0.9942±0.0101 | 0.9786±0.0192 | 1.0000±0.0000 | 0.9778±0.0385 | 1.0000±0.0000 | 0.9851±0.0259 |
| hid256 | 0.9932±0.0118 | 0.9881±0.0206 | 0.9653±0.0390 | 1.0000±0.0000 | 0.9848±0.0262 | 1.0000±0.0000 | 0.9857±0.0152 |
| callback_risk | 0.9867±0.0231 | 0.9942±0.0101 | 0.9910±0.0156 | 1.0000±0.0000 | 0.9855±0.0251 | 1.0000±0.0000 | 0.9851±0.0259 |
| cb_unlimited | 0.9867±0.0231 | 0.9942±0.0101 | 0.9910±0.0156 | 1.0000±0.0000 | 0.9855±0.0251 | 1.0000±0.0000 | 0.9851±0.0259 |
| feat_base | 0.9867±0.0231 | 0.9942±0.0101 | 0.9910±0.0156 | 1.0000±0.0000 | 0.9855±0.0251 | 1.0000±0.0000 | 0.9851±0.0259 |
| feat_base_sem | 0.9867±0.0231 | 0.9942±0.0101 | 0.9910±0.0156 | 1.0000±0.0000 | 0.9855±0.0251 | 1.0000±0.0000 | 0.9851±0.0259 |
| no_lvar | 0.9867±0.0231 | 0.9942±0.0101 | 0.9910±0.0156 | 1.0000±0.0000 | 0.9855±0.0251 | 1.0000±0.0000 | 0.9851±0.0259 |
| no_prior_drop | 0.9867±0.0231 | 0.9942±0.0101 | 0.9910±0.0156 | 1.0000±0.0000 | 0.9855±0.0251 | 1.0000±0.0000 | 0.9851±0.0259 |
| layers1 | 0.9932±0.0118 | 1.0000±0.0000 | 0.9781±0.0194 | 1.0000±0.0000 | 0.9734±0.0237 | 1.0000±0.0000 | 0.9902±0.0170 |

## 表 D-@val_thr：逐类 F1（test，3 种子 mean±std）

**support（逐种子 s0/s1/s2；与臂无关，同一 seed 共用同一划分）**：access_control=24/27/18；arithmetic=33/31/28；dos=18/21/14；front_running=14/19/17；reentrancy=14/10/23；time_manipulation=12/13/17；uncheck=34/36/39

| 臂 | access_control | arithmetic | dos | front_running | reentrancy | time_manipulation | uncheck |
| --- | --- | --- | --- | --- | --- | --- | --- |
| **正典** | 0.9932±0.0118 | 0.9942±0.0101 | 0.9910±0.0156 | 1.0000±0.0000 | 0.9787±0.0369 | 1.0000±0.0000 | 0.9899±0.0175 |
| cb_frozen | 0.9872±0.0222 | 0.9568±0.0326 | 0.9434±0.0556 | 1.0000±0.0000 | 0.9317±0.0633 | 0.9596±0.0405 | 0.9159±0.0560 |
| numbases4 | 0.9932±0.0118 | 0.9792±0.0226 | 0.9648±0.0389 | 0.9905±0.0165 | 0.9725±0.0242 | 0.9855±0.0251 | 0.9735±0.0458 |
| layers3 | 0.9842±0.0141 | 0.9781±0.0261 | 0.9744±0.0444 | 1.0000±0.0000 | 0.9926±0.0128 | 0.9867±0.0231 | 0.9566±0.0646 |
| numbases1 | 0.9932±0.0118 | 0.9846±0.0266 | 0.9648±0.0389 | 1.0000±0.0000 | 0.9926±0.0128 | 1.0000±0.0000 | 0.9851±0.0259 |
| meanpool | 0.9867±0.0231 | 0.9837±0.0013 | 0.9910±0.0156 | 0.9905±0.0165 | 0.9778±0.0385 | 0.9899±0.0175 | 0.9716±0.0387 |
| numbases3 | 0.9777±0.0204 | 0.9831±0.0294 | 0.9648±0.0389 | 0.9905±0.0165 | 0.9926±0.0128 | 1.0000±0.0000 | 0.9809±0.0231 |
| dfg_dep | 0.9932±0.0118 | 0.9788±0.0233 | 0.9786±0.0192 | 0.9905±0.0165 | 0.9778±0.0385 | 1.0000±0.0000 | 0.9804±0.0340 |
| cb_func_only | 0.9867±0.0231 | 0.9892±0.0095 | 0.9648±0.0389 | 1.0000±0.0000 | 0.9778±0.0385 | 0.9867±0.0231 | 0.9855±0.0251 |
| dropedge02 | 0.9932±0.0118 | 0.9831±0.0294 | 0.9910±0.0156 | 1.0000±0.0000 | 0.9855±0.0251 | 1.0000±0.0000 | 0.9809±0.0231 |
| ast_parent | 0.9932±0.0118 | 0.9887±0.0098 | 0.9691±0.0283 | 0.9905±0.0165 | 0.9787±0.0369 | 1.0000±0.0000 | 0.9851±0.0259 |
| cfg_flow | 0.9932±0.0118 | 0.9892±0.0095 | 1.0000±0.0000 | 0.9905±0.0165 | 0.9926±0.0128 | 1.0000±0.0000 | 0.9701±0.0412 |
| cb_node_only | 0.9867±0.0231 | 0.9949±0.0089 | 0.9877±0.0214 | 1.0000±0.0000 | 0.9740±0.0230 | 1.0000±0.0000 | 0.9807±0.0230 |
| cb_rev | 0.9842±0.0141 | 0.9942±0.0101 | 1.0000±0.0000 | 0.9905±0.0165 | 0.9855±0.0251 | 1.0000±0.0000 | 0.9851±0.0259 |
| hid256 | 0.9932±0.0118 | 0.9881±0.0206 | 0.9653±0.0390 | 1.0000±0.0000 | 0.9848±0.0262 | 1.0000±0.0000 | 0.9857±0.0152 |
| callback_risk | 0.9932±0.0118 | 0.9831±0.0294 | 0.9910±0.0156 | 1.0000±0.0000 | 0.9855±0.0251 | 1.0000±0.0000 | 0.9851±0.0259 |
| cb_unlimited | 1.0000±0.0000 | 0.9942±0.0101 | 0.9910±0.0156 | 1.0000±0.0000 | 0.9855±0.0251 | 1.0000±0.0000 | 0.9851±0.0259 |
| feat_base | 0.9932±0.0118 | 0.9942±0.0101 | 0.9910±0.0156 | 1.0000±0.0000 | 0.9855±0.0251 | 1.0000±0.0000 | 0.9851±0.0259 |
| feat_base_sem | 0.9932±0.0118 | 0.9885±0.0199 | 0.9910±0.0156 | 1.0000±0.0000 | 0.9855±0.0251 | 1.0000±0.0000 | 0.9899±0.0175 |
| no_lvar | 0.9932±0.0118 | 0.9942±0.0101 | 0.9910±0.0156 | 1.0000±0.0000 | 0.9855±0.0251 | 1.0000±0.0000 | 0.9899±0.0175 |
| no_prior_drop | 0.9932±0.0118 | 0.9831±0.0294 | 0.9910±0.0156 | 1.0000±0.0000 | 0.9855±0.0251 | 1.0000±0.0000 | 0.9857±0.0152 |
| layers1 | 0.9932±0.0118 | 1.0000±0.0000 | 0.9905±0.0165 | 1.0000±0.0000 | 0.9926±0.0128 | 1.0000±0.0000 | 0.9763±0.0183 |

## 表 E：逐类 Precision / Recall（test @val_thr，3 种子 mean±std）

**Precision**

| 臂 | access_control | arithmetic | dos | front_running | reentrancy | time_manipulation | uncheck |
| --- | --- | --- | --- | --- | --- | --- | --- |
| **正典** | 0.9867±0.0231 | 0.9885±0.0199 | 0.9825±0.0304 | 1.0000±0.0000 | 0.9722±0.0481 | 1.0000±0.0000 | 1.0000±0.0000 |
| cb_frozen | 1.0000±0.0000 | 0.9563±0.0199 | 0.9744±0.0444 | 1.0000±0.0000 | 0.8765±0.1132 | 0.9500±0.0866 | 0.8814±0.0658 |
| numbases4 | 0.9867±0.0231 | 0.9689±0.0296 | 1.0000±0.0000 | 0.9815±0.0321 | 1.0000±0.0000 | 1.0000±0.0000 | 1.0000±0.0000 |
| layers3 | 0.9691±0.0275 | 0.9579±0.0496 | 1.0000±0.0000 | 1.0000±0.0000 | 1.0000±0.0000 | 0.9744±0.0444 | 0.9525±0.0620 |
| numbases1 | 0.9867±0.0231 | 0.9706±0.0509 | 1.0000±0.0000 | 1.0000±0.0000 | 1.0000±0.0000 | 1.0000±0.0000 | 0.9899±0.0175 |
| meanpool | 0.9744±0.0444 | 0.9787±0.0186 | 0.9825±0.0304 | 0.9815±0.0321 | 0.9848±0.0262 | 1.0000±0.0000 | 0.9631±0.0441 |
| numbases3 | 0.9568±0.0393 | 0.9677±0.0559 | 1.0000±0.0000 | 0.9815±0.0321 | 1.0000±0.0000 | 1.0000±0.0000 | 0.9816±0.0162 |
| dfg_dep | 0.9867±0.0231 | 0.9591±0.0445 | 0.9825±0.0304 | 0.9815±0.0321 | 0.9848±0.0262 | 1.0000±0.0000 | 0.9804±0.0340 |
| cb_func_only | 0.9744±0.0444 | 0.9787±0.0186 | 1.0000±0.0000 | 1.0000±0.0000 | 0.9848±0.0262 | 0.9744±0.0444 | 0.9810±0.0330 |
| dropedge02 | 0.9867±0.0231 | 0.9677±0.0559 | 0.9825±0.0304 | 1.0000±0.0000 | 0.9855±0.0251 | 1.0000±0.0000 | 0.9816±0.0162 |
| ast_parent | 0.9867±0.0231 | 0.9885±0.0199 | 0.9815±0.0321 | 0.9815±0.0321 | 0.9722±0.0481 | 1.0000±0.0000 | 0.9899±0.0175 |
| cfg_flow | 0.9867±0.0231 | 0.9787±0.0186 | 1.0000±0.0000 | 0.9815±0.0321 | 1.0000±0.0000 | 1.0000±0.0000 | 0.9809±0.0169 |
| cb_node_only | 0.9744±0.0444 | 1.0000±0.0000 | 1.0000±0.0000 | 1.0000±0.0000 | 0.9633±0.0338 | 1.0000±0.0000 | 0.9899±0.0175 |
| cb_rev | 0.9691±0.0275 | 0.9885±0.0199 | 1.0000±0.0000 | 0.9815±0.0321 | 0.9855±0.0251 | 1.0000±0.0000 | 0.9899±0.0175 |
| hid256 | 0.9867±0.0231 | 0.9881±0.0206 | 0.9825±0.0304 | 1.0000±0.0000 | 1.0000±0.0000 | 1.0000±0.0000 | 0.9917±0.0144 |
| callback_risk | 0.9867±0.0231 | 0.9677±0.0559 | 0.9825±0.0304 | 1.0000±0.0000 | 0.9855±0.0251 | 1.0000±0.0000 | 0.9899±0.0175 |
| cb_unlimited | 1.0000±0.0000 | 0.9885±0.0199 | 0.9825±0.0304 | 1.0000±0.0000 | 0.9855±0.0251 | 1.0000±0.0000 | 0.9899±0.0175 |
| feat_base | 0.9867±0.0231 | 0.9885±0.0199 | 0.9825±0.0304 | 1.0000±0.0000 | 0.9855±0.0251 | 1.0000±0.0000 | 0.9899±0.0175 |
| feat_base_sem | 0.9867±0.0231 | 0.9778±0.0385 | 0.9825±0.0304 | 1.0000±0.0000 | 0.9855±0.0251 | 1.0000±0.0000 | 1.0000±0.0000 |
| no_lvar | 0.9867±0.0231 | 0.9885±0.0199 | 0.9825±0.0304 | 1.0000±0.0000 | 0.9855±0.0251 | 1.0000±0.0000 | 1.0000±0.0000 |
| no_prior_drop | 0.9867±0.0231 | 0.9677±0.0559 | 0.9825±0.0304 | 1.0000±0.0000 | 0.9855±0.0251 | 1.0000±0.0000 | 0.9917±0.0144 |
| layers1 | 0.9867±0.0231 | 1.0000±0.0000 | 1.0000±0.0000 | 1.0000±0.0000 | 1.0000±0.0000 | 1.0000±0.0000 | 0.9726±0.0027 |

**Recall**

| 臂 | access_control | arithmetic | dos | front_running | reentrancy | time_manipulation | uncheck |
| --- | --- | --- | --- | --- | --- | --- | --- |
| **正典** | 1.0000±0.0000 | 1.0000±0.0000 | 1.0000±0.0000 | 1.0000±0.0000 | 0.9855±0.0251 | 1.0000±0.0000 | 0.9804±0.0340 |
| cb_frozen | 0.9753±0.0428 | 0.9596±0.0700 | 0.9153±0.0750 | 1.0000±0.0000 | 1.0000±0.0000 | 0.9744±0.0444 | 0.9535±0.0443 |
| numbases4 | 1.0000±0.0000 | 0.9899±0.0175 | 0.9339±0.0720 | 1.0000±0.0000 | 0.9472±0.0464 | 0.9722±0.0481 | 0.9510±0.0849 |
| layers3 | 1.0000±0.0000 | 1.0000±0.0000 | 0.9524±0.0825 | 1.0000±0.0000 | 0.9855±0.0251 | 1.0000±0.0000 | 0.9608±0.0679 |
| numbases1 | 1.0000±0.0000 | 1.0000±0.0000 | 0.9339±0.0720 | 1.0000±0.0000 | 0.9855±0.0251 | 1.0000±0.0000 | 0.9804±0.0340 |
| meanpool | 1.0000±0.0000 | 0.9892±0.0186 | 1.0000±0.0000 | 1.0000±0.0000 | 0.9710±0.0502 | 0.9804±0.0340 | 0.9804±0.0340 |
| numbases3 | 1.0000±0.0000 | 1.0000±0.0000 | 0.9339±0.0720 | 1.0000±0.0000 | 0.9855±0.0251 | 1.0000±0.0000 | 0.9804±0.0340 |
| dfg_dep | 1.0000±0.0000 | 1.0000±0.0000 | 0.9762±0.0412 | 1.0000±0.0000 | 0.9710±0.0502 | 1.0000±0.0000 | 0.9804±0.0340 |
| cb_func_only | 1.0000±0.0000 | 1.0000±0.0000 | 0.9339±0.0720 | 1.0000±0.0000 | 0.9710±0.0502 | 1.0000±0.0000 | 0.9902±0.0170 |
| dropedge02 | 1.0000±0.0000 | 1.0000±0.0000 | 1.0000±0.0000 | 1.0000±0.0000 | 0.9855±0.0251 | 1.0000±0.0000 | 0.9804±0.0340 |
| ast_parent | 1.0000±0.0000 | 0.9892±0.0186 | 0.9577±0.0375 | 1.0000±0.0000 | 0.9855±0.0251 | 1.0000±0.0000 | 0.9804±0.0340 |
| cfg_flow | 1.0000±0.0000 | 1.0000±0.0000 | 1.0000±0.0000 | 1.0000±0.0000 | 0.9855±0.0251 | 1.0000±0.0000 | 0.9608±0.0679 |
| cb_node_only | 1.0000±0.0000 | 0.9899±0.0175 | 0.9762±0.0412 | 1.0000±0.0000 | 0.9855±0.0251 | 1.0000±0.0000 | 0.9718±0.0295 |
| cb_rev | 1.0000±0.0000 | 1.0000±0.0000 | 1.0000±0.0000 | 1.0000±0.0000 | 0.9855±0.0251 | 1.0000±0.0000 | 0.9804±0.0340 |
| hid256 | 1.0000±0.0000 | 0.9881±0.0206 | 0.9524±0.0825 | 1.0000±0.0000 | 0.9710±0.0502 | 1.0000±0.0000 | 0.9804±0.0340 |
| callback_risk | 1.0000±0.0000 | 1.0000±0.0000 | 1.0000±0.0000 | 1.0000±0.0000 | 0.9855±0.0251 | 1.0000±0.0000 | 0.9804±0.0340 |
| cb_unlimited | 1.0000±0.0000 | 1.0000±0.0000 | 1.0000±0.0000 | 1.0000±0.0000 | 0.9855±0.0251 | 1.0000±0.0000 | 0.9804±0.0340 |
| feat_base | 1.0000±0.0000 | 1.0000±0.0000 | 1.0000±0.0000 | 1.0000±0.0000 | 0.9855±0.0251 | 1.0000±0.0000 | 0.9804±0.0340 |
| feat_base_sem | 1.0000±0.0000 | 1.0000±0.0000 | 1.0000±0.0000 | 1.0000±0.0000 | 0.9855±0.0251 | 1.0000±0.0000 | 0.9804±0.0340 |
| no_lvar | 1.0000±0.0000 | 1.0000±0.0000 | 1.0000±0.0000 | 1.0000±0.0000 | 0.9855±0.0251 | 1.0000±0.0000 | 0.9804±0.0340 |
| no_prior_drop | 1.0000±0.0000 | 1.0000±0.0000 | 1.0000±0.0000 | 1.0000±0.0000 | 0.9855±0.0251 | 1.0000±0.0000 | 0.9804±0.0340 |
| layers1 | 1.0000±0.0000 | 1.0000±0.0000 | 0.9815±0.0321 | 1.0000±0.0000 | 0.9855±0.0251 | 1.0000±0.0000 | 0.9804±0.0340 |

⚠ 逐类值**必须与 support 同时读**（见表 D-@val_thr 表头）：`dos`/`front_running` 等类的 test support 只有 1–2，**单张图判对判错即可让该类 F1 跳 ±1.0**，故这些类的 std 常达 ±0.3～±0.5。`—` = 该臂无 per_class 数据。


⚠ n=3 时 df=2，**|t| > 4.303 才是 p<0.05**；但本仓规范是**判方向须 n≥9 同配对**（噪声 ±0.05–0.07 量级，n=3 的表面模式不可信，`decisions.md` §26.7/§27.5）。故 t 与 ★ 同级——**值得复核，不是结论**。⚠ t 无定义（`—`）= 三个配对差完全相同且为 0，或样本不足 2。


**正典的种子间 std（判 ★ 的阈值）**：micro-F1@0.5 ±0.0100；micro-F1@val_thr ±0.0076；macro-F1@0.5 ±0.0080；macro-F1@val_thr ±0.0066；精确匹配@0.5 ±0.0113；mAP ±0.0025

⚠ 全部为 **n=3 描述性**读数：正典 micro-F1@0.5 的 std 达 ±0.03 量级，3 种子**判不了** ±0.05 的效应；下「干预有效/无效」的结论须另做同配对 ≥9 点（`decisions.md` §26.7/§27.5）。★ 只表示**值得复核**，不是效应。


[collect] 已写 /home/saumarez/projects/deep-learning/SSM-HG/eval_results/ablation/collected_aug.{json,md}

    ✅ collect_ablation_results aug
=== [17:07:56] collect_ablation_n9 ①（含剂量/架构/PM 臂） ===
[n9-summary] ⚠ main: 实际检验数 186 > 模块默认 126（Bonferroni 阈值已按 186 计算）
[n9-summary] → /home/saumarez/projects/deep-learning/SSM-HG/experiments/ablation_n9_results.md
[n9-summary] → /home/saumarez/projects/deep-learning/SSM-HG/eval_results/ablation/n9_summary.json

=== ① 主库 alldata(readonly)（基线 n=9）===
  cb_node_only     Δmicro@val_thr -0.0412 t=-3.06 0+/8− ★
  no_prior_drop    Δmicro@val_thr -0.0109 t=-2.43 0+/4− ★
  dropedge02       Δmicro@val_thr +0.0223 t=+2.45 6+/1− ★
  cb_frozen        Δmicro@val_thr -0.3634 t=-16.30 0+/9− ★★
    ✅ collect_ablation_n9 ①（含剂量/架构/PM 臂）
=== [17:07:57] collect_ablation_n9 ② ===
[n9-summary] → /home/saumarez/projects/deep-learning/SSM-HG/experiments/ablation_n9_results.md
[n9-summary] → /home/saumarez/projects/deep-learning/SSM-HG/eval_results/ablation/n9_summary.json

=== ② 增强集 alldata_augmentation（基线 n=9）===
  cb_frozen        Δmicro@val_thr -0.0320 t=-4.67 0+/9− ★★
    ✅ collect_ablation_n9 ②
=== [17:07:59] collect_perclass_arm ===
# 补充臂：7 个独立二分类器 vs 正典七维共享模型

> 程序生成（`scripts/collect_perclass_arm.py`）：**只读产物、只调 `metrics`**，不手抄、不重实现。
> 驱动 = `scripts/run_perclass_arm.py`（`decisions.md` §50）。

## 0. 这个臂回答什么

审稿人必问的一句：**「你的七维多标签共享编码器，是不是把稀有类压制了？」**
本表用**同一批图、同一组划分种子、同一套超参**，只换输出头与标签，直接对拍。

**立论依据（① 主库 train 逐类正例，seed0 实测）**：
`access_control 11 / arithmetic 10 / dos 4 / front_running **2** / reentrancy 21 / time_manipulation **2** / uncheck 35`。
🔴 其中 **2 个类在训练集里只有 2 个正样本**——把它们各自交给一个独立编码器，
就是本臂要测的事。**若独立分类器也学不出来，那瓶颈就是数据，不是共享。**

## 1. 逐类 F1 × 五个口径（3 种子 mean±std）

| 口径 | access_control | arithmetic | dos | front_running | reentrancy | time_manipulation | uncheck | **平均（逐类等权）** |
| --- | --- | --- | --- | --- | --- | --- | --- | --- |
| **正典七维共享** @0.5 | 0.6444±0.2694 | 0.9333±0.1155 | 0.8889±0.1925 | 0.3333±0.5774 | 0.8660±0.0580 | 0.2222±0.3849 | 0.8745±0.1093 | **0.6804±0.0908** |
| **正典七维共享** @逐类阈值 | 0.6444±0.2694 | 1.0000±0.0000 | 0.4333±0.0577 | 0.5000±0.5000 | 0.8660±0.0580 | 0.8889±0.1925 | 0.8426±0.1370 | **0.7393±0.0560** |
| **独立二分类器** `cap=20`（与正典同正则） @0.5 | 0.7000±0.1732 | 0.6000±0.5292 | 0.0000±0.0000 | 0.5556±0.5092 | 0.8660±0.0580 | 0.2222±0.3849 | 0.8773±0.0549 | **0.5459±0.0939** |
| **独立二分类器** `cap=20`（与正典同正则） @val_thr | 0.6556±0.1503 | 0.8667±0.1155 | 0.5000±0.5000 | 0.7222±0.2546 | 0.8660±0.0580 | 0.3333±0.5774 | 0.8567±0.0575 | **0.6858±0.1435** |
| **独立二分类器** `cap=0`（不截断、每类自带完整平衡） @0.5 | 0.7000±0.1732 | 0.6000±0.5292 | 0.3333±0.5774 | 0.5000±0.5000 | 0.8660±0.0580 | 0.2222±0.3849 | 0.8773±0.0549 | **0.5855±0.1920** |
| **独立二分类器** `cap=0`（不截断、每类自带完整平衡） @val_thr | 0.6111±0.0962 | 0.9333±0.1155 | 0.6667±0.5774 | 0.5000±0.5000 | 0.8660±0.0580 | 0.3333±0.5774 | 0.8567±0.0575 | **0.6810±0.1221** |

> 🔴 **平均列 = 7 个逐类 F1 的算术平均（逐类等权）= macro-F1**，**不是** micro。
> micro 是**标签对加权**（大类主导），与平均列不可互换。
> ⚠ **平凡下限 0.1224** 是本口径的对照基准（322 个标签格里 21 个正例，6.5%）；
> 逐类 support = 3/2/1/1/5/2/7（其中 `dos`/`front_running` 各 **1** ⇒ 单类 F1 一次翻转差 0.67，
> **该两类的逐格 Δ 不可解读**，只作描述性呈现）。

### 1.1 机制：独立分类器在稀有类上**退化成「一律报无漏洞」**

整表那些 `0.0000` 不是「学得差一点」，而是**根本没报过正类**。逐 run 实测（@0.5 工作点）：

| 类 | train 正例 | 独立分类器的 test 预测正例数（seed0/1/2） | 该类 test 真值正例 | 后果 |
| --- | --- | --- | --- | --- |
| `dos` | **4** | 0 / 0 / 0 | 1 / 1 / 1 | F1 ≡ 0 |
| `front_running` | **2** | 0 / 0 / 0 | 1 / 1 / 1 | F1 ≡ 0 |
| `time_manipulation` | **2** | 0 / 0 / 0 | 2 / 1 / 1 | F1 ≡ 0 |
| `uncheck` | 35 | 7 / 12 / 7 | 7 / 7 / 7 | **正常**（F1 0.91）|

⇒ **在 2–4 个正样本上训一个专属分类器，最优解就是「全判负」**（判负的损失永远比赌那 2 个样本低）。
而共享模型里这些类的**排序能力其实是在的**（`gcn_baseline_and_per_class_f1.md` §3.1 实测：
`front_running`/`time_manipulation` 的 oracle-F1 上限 0.722 / 0.651，正样本概率中位数 0.622 / 0.632）
——**那个排序能力是从另外 6 个类的监督里借来的**（多任务共享 = 正则化）。

### 1.2 逐类净效应（**同工作点相减**，共享 − 独立；正数 = 共享更好）

| 工作点 | access_control | arithmetic | dos | front_running | reentrancy | time_manipulation | uncheck | **平均** |
| --- | --- | --- | --- | --- | --- | --- | --- | --- |
| **@0.5**（共享 0.6091 − 独立 0.4115） | +0.038 | +0.111 | **+0.489** | **+0.167** | +0.090 | **+0.489** | 0.000 | **+0.198** |
| **@val_thr**（共享 0.6363 − 独立 0.5258） | +0.075 | +0.067 | +0.067 | **+0.509** | +0.006 | +0.135 | **−0.084** | **+0.111** |

⇒ **正确的表述不是「共享全面更好」**，而是：
**「共享在三个稀有类上是决定性的（+0.07 ~ +0.51，视类与工作点），在最大的 `uncheck` 上略有让步（−0.084，独立反而更高）；净效应 +0.11 ~ +0.20。」**

⚠ **`uncheck` 那一格必须一并报出**——只报「共享赢」而不提这一条，就是选择性呈现。
它的解释是自洽的：`uncheck` 有 35 个训练正例，**独立训练时不受其他 6 类的梯度干扰**，
而它的排序本来就已接近饱和（两类都是 0.89–0.97）。

## 2. 净技能对照：合约级「有没有任意一类漏洞」

| 口径 | F1 | 平凡下限（全报「有漏洞」） | **净技能** |
| --- | --- | --- | --- |
| **正典七维共享**（`max_c p_c ≥ t` 坍缩） | 0.8964 | 0.6199 | **+0.2765** |
| **单头 any 分类器**（同编码器，`--head binary`；`cap=20`） @0.5 | 0.9045 | 0.6199 | **+0.2846** |
| **单头 any 分类器**（同编码器，`--head binary`；`cap=20`） @val_thr | 0.9265 | 0.6199 | **+0.3066** |

> 🔴 **读法**：二分类口径的平凡下限是 **0.6199**，七维口径只有 **0.1224** ⇒
> **两个口径的数字不可互比**。要判断「换二分类是否真的更强」，只能看**净技能**这一列
> （读数减掉自己那个口径的平凡下限）。**这是本仓 `decisions.md` §48 的同一本账。**
> ✅ **本表的关键读数**：单头 any 分类器的净技能 **+0.31**，与正典七维**坍缩**后的 **+0.32**
> **在噪声内持平** ⇒ 换成单头二分类**不带来任何净收益**（合法性来自
> `max_c p_c >= t ⇔ any_c p_c >= t`，`decisions.md` §31 已机检）。
> ⇒ **「换二分类数字就好看」是平凡下限从 0.12 抬到 0.62 造成的错觉**，不是检测能力变强。

---

> ⚠ **引用限制**：本臂是**补充实验**，不进论文主表。它只回答「共享 vs 独立」这一件事；
> 三条论文基线的读数**不可**与本表逐格相减（数据集、划分、支撑量都不同，见 `baseline_three_caliber_tables.md` §0）。

    ✅ collect_perclass_arm
=== [17:08:01] collect_three_caliber_tables ① ===
[tables] 46 行 × 12 表 → /home/saumarez/projects/deep-learning/SSM-HG/experiments/per_class_three_caliber_tables.md
    ✅ collect_three_caliber_tables ①
=== [17:08:04] collect_three_caliber_tables buggy ===
[tables] 22 行 × 12 表 → /home/saumarez/projects/deep-learning/SSM-HG/experiments/per_class_three_caliber_tables_buggy.md
    ✅ collect_three_caliber_tables buggy
=== [17:08:06] collect_baseline_tables（含 buggy 段） ===
[collect] 已写 /home/saumarez/projects/deep-learning/SSM-HG/experiments/baseline_three_caliber_tables.md（51146 字符，两段共 28 张明细表 + 两段的表 1/2/15/16 总览；canon37 最佳种子 seed1）
    ✅ collect_baseline_tables（含 buggy 段）
=== [17:08:09] collect_buggy_canon_summary ===
[summary] → /home/saumarez/projects/deep-learning/SSM-HG/experiments/buggy_canon_summary.md
  seed0 @val_thr: 全 test micro 0.9091 / macro 0.8979 → clean_only micro 0.7778 / macro 0.5000 （Δmacro -0.3979）
  seed1 @val_thr: 全 test micro 0.9764 / macro 0.9799 → clean_only micro 0.8696 / macro 0.3972 （Δmacro -0.5827）
  seed2 @val_thr: 全 test micro 0.9385 / macro 0.9351 → clean_only micro 0.8205 / macro 0.5774 （Δmacro -0.3578）
    ✅ collect_buggy_canon_summary
=== [17:08:10] check_encoder_promotion ===
# 编码器换代闸门：旧 `--epochs 5` vs 新 `--epochs 20`

旧 = `runs/prior_canon37/seed{S}`（`graphs_ft/ss{S}`，§37 旧正典编码器）  
新 = `runs/seed{S}`（`graphs_ft_p2/cb_ft_ss{S}`，现行正典编码器）  
同划分、同训练种子，**唯一变量 = 编码器**；两侧都读既有 `results.json`，本脚本不产新数字。

> ⚠ 本次提升的实质是 **epoch 预算（5 → 20 + 按 val macro-F1 早停）**，**不是 SWA**——实测 `n_averaged = 0/0/2`、三种子 `selection` 全为 `best_epoch`。

## 一、逐种子配对

| 种子 | mAP 旧 | 新 | Δ | test macro@val_thr 旧 | 新 | Δ | test micro@val_thr 旧 | 新 | Δ | test macro@0.5 旧 | 新 | Δ | test micro@0.5 旧 | 新 | Δ |
|---|---|---|---|---|---|---|---|---|---|---|---|---|---|---|---|
| 0 | 0.7642 | 0.8246 | **+0.0604** | 0.5492 | 0.5680 | **+0.0188** | 0.7556 | 0.8205 | **+0.0650** | 0.6956 | 0.6727 | **-0.0229** | 0.7273 | 0.8095 | **+0.0823** |
| 1 | 0.7574 | 0.9349 | **+0.1775** | 0.4624 | 0.9111 | **+0.4487** | 0.6531 | 0.8372 | **+0.1841** | 0.5719 | 0.7748 | **+0.2029** | 0.6667 | 0.8293 | **+0.1626** |
| 2 | 0.7531 | 0.9260 | **+0.1729** | 0.4841 | 0.5937 | **+0.1095** | 0.7805 | 0.8000 | **+0.0195** | 0.5599 | 0.5937 | **+0.0338** | 0.7391 | 0.8000 | **+0.0609** |
| **均值 Δ** | — | — | **+0.1369** | — | — | **+0.1923** | — | — | **+0.0895** | — | — | **+0.0712** | — | — | **+0.1019** |

## 一之二、🔴 下降格明细（**全部列出，不做任何筛选**）

**共 1 格下降**（总格数 15）：

| 种子 | 指标 | 旧 | 新 | Δ |
|---|---|---|---|---|
| seed0 | test macro@0.5 | 0.6956 | 0.6727 | **-0.0229** |

> ⚠ 这些格子**仍按新正典取值**（正典只能有一个；单元格级择优会让一张表混两代）。列在这里是为了让读者知道哪几格退了一点，而不是把它们藏起来。

## 二、G1 方向：逐指标「不劣」种子数

| 指标 | 不劣种子数 | 主判据 |
|---|---|---|
| mAP | 3/3 | ✅ |
| test macro@val_thr | 3/3 | ✅ |
| test micro@val_thr | 3/3 | — |
| test macro@0.5 | 2/3 | — |
| test micro@0.5 | 3/3 | — |

## 三、G3 上游：编码器自身 val macro-F1（**只作归因门，不是结论**）

⚠ 该头在阶段 2 被丢弃，其绝对值**不代表**下游能力（见脚本 docstring）。

| 种子 | 旧 best_val_macro_f1 | 新 best_val_macro_f1 | Δ | 旧配置 | 新配置 | 新选点 |
|---|---|---|---|---|---|---|
| 0 | 0.5258 | 0.9544 | **+0.4286** | ep5/pat2/swa关 | ep20/pat4/swa16 | best_epoch |
| 1 | 0.6067 | 0.6747 | **+0.0680** | ep5/pat2/swa关 | ep20/pat4/swa16 | best_epoch |
| 2 | 0.4365 | 0.7165 | **+0.2800** | ep5/pat2/swa关 | ep20/pat4/swa16 | best_epoch（SWA val 0.6290，n=2） |
| **均值** | — | — | **+0.2589** | — | — | — |

## 四、判闸

| 门 | 判据 | 实测 | 结果 |
|---|---|---|---|
| **G1 方向** | mAP 与 macro@val_thr 都 3/3 不劣 | mAP 3/3；test macro@val_thr 3/3 | ✅ 过 |
| **G2 幅度** | 两主判据 mean Δ > 0，且至少一个 > 0.02 | mAP +0.1369；test macro@val_thr +0.1923 | ✅ 过 |
| **G3 上游** | 编码器 3/3 提升且 mean Δ > 0.1 | 3/3；mean +0.2589 | ✅ 过 |

### 裁定：**三道门全过 ⇒ 升级为正典**

按用户 2026-09-24 裁定：新编码器升为正典，**旧编码器下沉为消融臂**。报告时按**三档阶梯**写：冻结 CodeBERT / **5 轮**（旧正典，其 run 已归档于 `runs/prior_canon37/seed{S}`；**不另设名为 `cb_ft5` 的臂**）/ **20 轮**（现行正典）——⚠ **不得写成「20 轮 + SWA」**，实测 SWA 一次都没被选中（见本表第三节）。

🔴 **2026-09-25 换代已落地**：新一代替换到正典路径 `runs/seed{S}`，旧一代归档到 `runs/prior_canon37/`（`decisions.md` §55）。本节的「旧」侧默认值即指向该归档根 ⇒ 本表可**随时重跑复核**。

[gate] 已写入 experiments/encoder_promotion_gate.md
    ✅ check_encoder_promotion
=== [17:08:10] aggregate_results overview ===
### 总览

| 臂 | n | micro-F1 @0.5 | micro-F1 @val_thr | macro-F1 @0.5 | macro-F1 @val_thr | mAP | 精确匹配 @0.5 | val_thr |
| --- | --- | --- | --- | --- | --- | --- | --- | --- |
| ablation/ast_parent | 3 | 0.8544 ± 0.0436 | 0.8501 ± 0.0294 | 0.7486 ± 0.1331 | 0.7909 ± 0.1638 | 0.9333 ± 0.0046 | 0.884 ± 0.025 | 0.35/0.45/0.50 |
| ablation/callback_risk | 3 | 0.8222 ± 0.0306 | 0.8190 ± 0.0013 | 0.7280 ± 0.1689 | 0.7600 ± 0.1664 | 0.8939 ± 0.0628 | 0.862 ± 0.013 | 0.60/0.30/0.40 |
| ablation/cb_frozen | 3 | 0.4274 ± 0.0336 | 0.4540 ± 0.0796 | 0.2389 ± 0.0139 | 0.2494 ± 0.0309 | 0.3278 ± 0.0334 | 0.572 ± 0.066 | 0.60/0.60/0.70 |
| ablation/cb_func_only | 3 | 0.6915 ± 0.2381 | 0.7811 ± 0.0831 | 0.6122 ± 0.2938 | 0.6441 ± 0.2485 | 0.8278 ± 0.1069 | 0.739 ± 0.207 | 0.55/0.50/0.45 |
| ablation/cb_node_only | 3 | 0.7059 ± 0.0358 | 0.7633 ± 0.0182 | 0.4352 ± 0.0507 | 0.4516 ± 0.0332 | 0.7218 ± 0.0286 | 0.819 ± 0.033 | 0.70/0.40/0.75 |
| ablation/cb_rev | 3 | 0.8366 ± 0.0601 | 0.8006 ± 0.0692 | 0.6899 ± 0.1428 | 0.5734 ± 0.0296 | 0.8685 ± 0.1019 | 0.884 ± 0.025 | 0.65/0.30/0.45 |
| ablation/cb_unlimited | 3 | 0.8129 ± 0.0149 | 0.8192 ± 0.0186 | 0.6804 ± 0.0908 | 0.6909 ± 0.1911 | 0.8952 ± 0.0613 | 0.862 ± 0.013 | 0.60/0.30/0.55 |
| ablation/cfg_flow | 3 | 0.7549 ± 0.0501 | 0.7702 ± 0.0347 | 0.5385 ± 0.0508 | 0.5349 ± 0.0915 | 0.8650 ± 0.1095 | 0.841 ± 0.025 | 0.80/0.60/0.40 |
| ablation/dfg_dep | 3 | 0.8375 ± 0.0420 | 0.8489 ± 0.0504 | 0.7419 ± 0.0200 | 0.7773 ± 0.0701 | 0.8850 ± 0.0424 | 0.877 ± 0.013 | 0.35/0.50/0.40 |
| ablation/dropedge02 | 3 | 0.8567 ± 0.0272 | 0.8370 ± 0.0237 | 0.7994 ± 0.1702 | 0.7655 ± 0.1406 | 0.9306 ± 0.0033 | 0.877 ± 0.013 | 0.40/0.35/0.50 |
| ablation/feat_base | 3 | 0.8222 ± 0.0306 | 0.8156 ± 0.0193 | 0.7280 ± 0.1689 | 0.7258 ± 0.1653 | 0.8945 ± 0.0607 | 0.862 ± 0.013 | 0.45/0.30/0.55 |
| ablation/feat_base_sem | 3 | 0.8129 ± 0.0149 | 0.8192 ± 0.0186 | 0.6804 ± 0.0908 | 0.6909 ± 0.1911 | 0.8953 ± 0.0616 | 0.862 ± 0.013 | 0.60/0.30/0.55 |
| ablation/hid256 | 3 | 0.7956 ± 0.0567 | 0.8098 ± 0.0169 | 0.5652 ± 0.0994 | 0.5751 ± 0.0758 | 0.8014 ± 0.1661 | 0.848 ± 0.038 | 0.65/0.35/0.45 |
| ablation/layers1 | 3 | 0.8352 ± 0.0819 | 0.8397 ± 0.0967 | 0.6550 ± 0.2131 | 0.7012 ± 0.2176 | 0.9182 ± 0.0441 | 0.891 ± 0.038 | 0.75/0.55/0.40 |
| ablation/layers3 | 3 | 0.7733 ± 0.0557 | 0.7889 ± 0.0352 | 0.5799 ± 0.1834 | 0.5901 ± 0.1696 | 0.7900 ± 0.1757 | 0.848 ± 0.038 | 0.80/0.45/0.50 |
| ablation/meanpool | 3 | 0.8426 ± 0.0310 | 0.8100 ± 0.0431 | 0.7441 ± 0.1297 | 0.7508 ± 0.1595 | 0.9249 ± 0.0035 | 0.877 ± 0.033 | 0.35/0.25/0.40 |
| ablation/no_lvar | 3 | 0.8129 ± 0.0149 | 0.8192 ± 0.0186 | 0.6804 ± 0.0908 | 0.6909 ± 0.1911 | 0.8952 ± 0.0613 | 0.862 ± 0.013 | 0.60/0.30/0.55 |
| ablation/no_prior_drop | 3 | 0.8129 ± 0.0149 | 0.8192 ± 0.0186 | 0.6804 ± 0.0908 | 0.6909 ± 0.1911 | 0.8946 ± 0.0609 | 0.862 ± 0.013 | 0.60/0.30/0.55 |
| ablation/numbases1 | 3 | 0.7721 ± 0.0675 | 0.7932 ± 0.0503 | 0.5030 ± 0.1144 | 0.5105 ± 0.0701 | 0.7344 ± 0.0772 | 0.841 ± 0.033 | 0.65/0.65/0.45 |
| ablation/numbases3 | 3 | 0.7981 ± 0.0585 | 0.8177 ± 0.0349 | 0.5107 ± 0.0551 | 0.5038 ± 0.0122 | 0.7733 ± 0.1361 | 0.855 ± 0.025 | 0.70/0.80/0.65 |
| ablation/numbases4 | 3 | 0.7833 ± 0.0620 | 0.7931 ± 0.0383 | 0.6680 ± 0.1278 | 0.6143 ± 0.1512 | 0.8191 ± 0.0886 | 0.848 ± 0.058 | 0.35/0.65/0.55 |
| ablation_aug/ast_parent | 3 | 0.9858 ± 0.0133 | 0.9859 ± 0.0095 | 0.9855 ± 0.0127 | 0.9865 ± 0.0099 | 0.9967 ± 0.0029 | 0.983 ± 0.017 | 0.80/0.75/0.30 |
| ablation_aug/callback_risk | 3 | 0.9901 ± 0.0100 | 0.9891 ± 0.0094 | 0.9918 ± 0.0080 | 0.9911 ± 0.0077 | 0.9975 ± 0.0025 | 0.989 ± 0.011 | 0.65/0.75/0.20 |
| ablation_aug/cb_frozen | 3 | 0.9336 ± 0.0310 | 0.9508 ± 0.0267 | 0.9413 ± 0.0225 | 0.9564 ± 0.0228 | 0.9808 ± 0.0034 | 0.906 ± 0.046 | 0.80/0.80/0.60 |
| ablation_aug/cb_func_only | 3 | 0.9847 ± 0.0137 | 0.9847 ± 0.0137 | 0.9844 ± 0.0135 | 0.9844 ± 0.0135 | 0.9915 ± 0.0123 | 0.981 ± 0.017 | 0.55/0.65/0.70 |
| ablation_aug/cb_node_only | 3 | 0.9868 ± 0.0120 | 0.9879 ± 0.0117 | 0.9883 ± 0.0103 | 0.9891 ± 0.0099 | 0.9982 ± 0.0021 | 0.985 ± 0.014 | 0.40/0.50/0.60 |
| ablation_aug/cb_rev | 3 | 0.9869 ± 0.0113 | 0.9902 ± 0.0085 | 0.9876 ± 0.0110 | 0.9913 ± 0.0083 | 0.9977 ± 0.0030 | 0.985 ± 0.013 | 0.80/0.75/0.35 |
| ablation_aug/cb_unlimited | 3 | 0.9901 ± 0.0100 | 0.9923 ± 0.0069 | 0.9918 ± 0.0080 | 0.9937 ± 0.0055 | 0.9975 ± 0.0024 | 0.989 ± 0.011 | 0.70/0.75/0.20 |
| ablation_aug/cfg_flow | 3 | 0.9858 ± 0.0149 | 0.9879 ± 0.0118 | 0.9890 ± 0.0111 | 0.9908 ± 0.0083 | 0.9928 ± 0.0085 | 0.981 ± 0.020 | 0.80/0.40/0.30 |
| ablation_aug/dfg_dep | 3 | 0.9838 ± 0.0059 | 0.9838 ± 0.0059 | 0.9856 ± 0.0074 | 0.9856 ± 0.0074 | 0.9995 ± 0.0005 | 0.979 ± 0.007 | 0.75/0.55/0.70 |
| ablation_aug/dropedge02 | 3 | 0.9858 ± 0.0125 | 0.9881 ± 0.0104 | 0.9866 ± 0.0120 | 0.9905 ± 0.0083 | 0.9974 ± 0.0026 | 0.983 ± 0.015 | 0.80/0.55/0.20 |
| ablation_aug/feat_base | 3 | 0.9901 ± 0.0100 | 0.9912 ± 0.0084 | 0.9918 ± 0.0080 | 0.9927 ± 0.0067 | 0.9975 ± 0.0026 | 0.989 ± 0.011 | 0.65/0.75/0.20 |
| ablation_aug/feat_base_sem | 3 | 0.9901 ± 0.0100 | 0.9913 ± 0.0076 | 0.9918 ± 0.0080 | 0.9926 ± 0.0064 | 0.9975 ± 0.0026 | 0.989 ± 0.011 | 0.65/0.75/0.20 |
| ablation_aug/hid256 | 3 | 0.9880 ± 0.0114 | 0.9880 ± 0.0114 | 0.9882 ± 0.0122 | 0.9882 ± 0.0122 | 0.9986 ± 0.0018 | 0.985 ± 0.014 | 0.80/0.65/0.50 |
| ablation_aug/layers1 | 3 | 0.9912 ± 0.0084 | 0.9912 ± 0.0071 | 0.9907 ± 0.0083 | 0.9932 ± 0.0059 | 0.9991 ± 0.0016 | 0.987 ± 0.012 | 0.75/0.20/0.25 |
| ablation_aug/layers3 | 3 | 0.9711 ± 0.0307 | 0.9793 ± 0.0187 | 0.9754 ± 0.0235 | 0.9818 ± 0.0158 | 0.9969 ± 0.0035 | 0.960 ± 0.043 | 0.75/0.20/0.50 |
| ablation_aug/meanpool | 3 | 0.9816 ± 0.0180 | 0.9816 ± 0.0137 | 0.9848 ± 0.0137 | 0.9844 ± 0.0114 | 0.9948 ± 0.0054 | 0.974 ± 0.025 | 0.70/0.80/0.65 |
| ablation_aug/no_lvar | 3 | 0.9901 ± 0.0100 | 0.9923 ± 0.0069 | 0.9918 ± 0.0080 | 0.9934 ± 0.0058 | 0.9976 ± 0.0026 | 0.989 ± 0.011 | 0.70/0.70/0.20 |
| ablation_aug/no_prior_drop | 3 | 0.9901 ± 0.0100 | 0.9892 ± 0.0098 | 0.9918 ± 0.0080 | 0.9912 ± 0.0079 | 0.9975 ± 0.0026 | 0.989 ± 0.011 | 0.70/0.70/0.20 |
| ablation_aug/numbases1 | 3 | 0.9806 ± 0.0096 | 0.9880 ± 0.0042 | 0.9805 ± 0.0148 | 0.9886 ± 0.0042 | 0.9958 ± 0.0039 | 0.970 ± 0.018 | 0.55/0.55/0.60 |
| ablation_aug/numbases3 | 3 | 0.9837 ± 0.0148 | 0.9838 ± 0.0147 | 0.9845 ± 0.0152 | 0.9842 ± 0.0156 | 0.9989 ± 0.0016 | 0.979 ± 0.020 | 0.40/0.30/0.35 |
| ablation_aug/numbases4 | 3 | 0.9352 ± 0.0960 | 0.9798 ± 0.0206 | 0.9489 ± 0.0687 | 0.9799 ± 0.0184 | 0.9948 ± 0.0055 | 0.891 ± 0.170 | 0.70/0.50/0.60 |
| ablation_buggy/ast_parent | 3 | 0.9280 ± 0.0662 | 0.9440 ± 0.0355 | 0.9230 ± 0.0739 | 0.9399 ± 0.0398 | 0.9681 ± 0.0224 | 0.878 ± 0.094 | 0.80/0.55/0.35 |
| ablation_buggy/callback_risk | 3 | 0.9301 ± 0.0606 | 0.9462 ± 0.0342 | 0.9262 ± 0.0686 | 0.9428 ± 0.0405 | 0.9697 ± 0.0213 | 0.884 ± 0.062 | 0.80/0.30/0.35 |
| ablation_buggy/cb_frozen | 3 | 0.7085 ± 0.0571 | 0.7343 ± 0.1155 | 0.7111 ± 0.0615 | 0.7327 ± 0.1234 | 0.8157 ± 0.0776 | 0.537 ± 0.066 | 0.80/0.45/0.75 |
| ablation_buggy/cb_func_only | 3 | 0.9531 ± 0.0264 | 0.9555 ± 0.0359 | 0.9497 ± 0.0286 | 0.9511 ± 0.0390 | 0.9712 ± 0.0159 | 0.891 ± 0.051 | 0.75/0.65/0.35 |
| ablation_buggy/cb_node_only | 3 | 0.9277 ± 0.0371 | 0.9233 ± 0.0393 | 0.9216 ± 0.0415 | 0.9180 ± 0.0436 | 0.9641 ± 0.0163 | 0.871 ± 0.051 | 0.80/0.45/0.55 |
| ablation_buggy/cb_rev | 3 | 0.9255 ± 0.0631 | 0.9136 ± 0.0644 | 0.9166 ± 0.0706 | 0.9050 ± 0.0712 | 0.9587 ± 0.0339 | 0.864 ± 0.096 | 0.60/0.55/0.35 |
| ablation_buggy/cb_unlimited | 3 | 0.9378 ± 0.0666 | 0.9388 ± 0.0374 | 0.9322 ± 0.0736 | 0.9351 ± 0.0447 | 0.9702 ± 0.0203 | 0.898 ± 0.074 | 0.80/0.35/0.25 |
| ablation_buggy/cfg_flow | 3 | 0.9038 ± 0.0529 | 0.9506 ± 0.0306 | 0.8947 ± 0.0602 | 0.9454 ± 0.0323 | 0.9671 ± 0.0191 | 0.857 ± 0.054 | 0.80/0.70/0.60 |
| ablation_buggy/dfg_dep | 3 | 0.9273 ± 0.0709 | 0.9250 ± 0.0819 | 0.9209 ± 0.0780 | 0.9213 ± 0.0866 | 0.9550 ± 0.0359 | 0.864 ± 0.094 | 0.60/0.50/0.55 |
| ablation_buggy/dropedge02 | 3 | 0.9420 ± 0.0522 | 0.9645 ± 0.0217 | 0.9366 ± 0.0572 | 0.9629 ± 0.0255 | 0.9700 ± 0.0193 | 0.891 ± 0.066 | 0.75/0.80/0.35 |
| ablation_buggy/feat_base | 3 | 0.9443 ± 0.0482 | 0.9520 ± 0.0212 | 0.9413 ± 0.0534 | 0.9503 ± 0.0256 | 0.9706 ± 0.0198 | 0.891 ± 0.066 | 0.80/0.50/0.25 |
| ablation_buggy/feat_base_sem | 3 | 0.9446 ± 0.0549 | 0.9471 ± 0.0194 | 0.9398 ± 0.0606 | 0.9444 ± 0.0238 | 0.9704 ± 0.0194 | 0.898 ± 0.074 | 0.80/0.30/0.25 |
| ablation_buggy/hid256 | 3 | 0.9103 ± 0.0687 | 0.9331 ± 0.0442 | 0.9117 ± 0.0665 | 0.9302 ± 0.0473 | 0.9663 ± 0.0152 | 0.830 ± 0.096 | 0.55/0.65/0.60 |
| ablation_buggy/layers1 | 3 | 0.9282 ± 0.0455 | 0.9390 ± 0.0321 | 0.9224 ± 0.0495 | 0.9308 ± 0.0390 | 0.9704 ± 0.0137 | 0.891 ± 0.051 | 0.70/0.55/0.45 |
| ablation_buggy/layers3 | 3 | 0.9125 ± 0.0764 | 0.9014 ± 0.0642 | 0.9039 ± 0.0800 | 0.8967 ± 0.0655 | 0.9577 ± 0.0299 | 0.864 ± 0.094 | 0.80/0.55/0.40 |
| ablation_buggy/meanpool | 3 | 0.9246 ± 0.0773 | 0.9265 ± 0.0673 | 0.9203 ± 0.0817 | 0.9229 ± 0.0705 | 0.9583 ± 0.0368 | 0.857 ± 0.114 | 0.75/0.30/0.40 |
| ablation_buggy/no_lvar | 3 | 0.9352 ± 0.0640 | 0.9437 ± 0.0337 | 0.9305 ± 0.0719 | 0.9408 ± 0.0411 | 0.9703 ± 0.0204 | 0.891 ± 0.066 | 0.80/0.50/0.25 |
| ablation_buggy/no_prior_drop | 3 | 0.9617 ± 0.0259 | 0.9514 ± 0.0226 | 0.9589 ± 0.0285 | 0.9496 ± 0.0281 | 0.9722 ± 0.0169 | 0.905 ± 0.062 | 0.75/0.30/0.25 |
| ablation_buggy/numbases1 | 3 | 0.9039 ± 0.0601 | 0.9387 ± 0.0265 | 0.8964 ± 0.0653 | 0.9312 ± 0.0312 | 0.9599 ± 0.0225 | 0.864 ± 0.062 | 0.75/0.55/0.55 |
| ablation_buggy/numbases3 | 3 | 0.9164 ± 0.0712 | 0.9308 ± 0.0499 | 0.9113 ± 0.0769 | 0.9245 ± 0.0572 | 0.9628 ± 0.0285 | 0.878 ± 0.094 | 0.70/0.40/0.40 |
| ablation_buggy/numbases4 | 3 | 0.8926 ± 0.0736 | 0.9254 ± 0.0493 | 0.8900 ± 0.0803 | 0.9189 ± 0.0580 | 0.9613 ± 0.0264 | 0.837 ± 0.089 | 0.75/0.55/0.75 |
| ablation_n9/ast_parent/ts0_ss1 | 1 | 0.7805 | 0.7805 | 0.6319 | 0.6319 | 0.7600 | 0.870 | 0.30 |
| ablation_n9/ast_parent/ts0_ss2 | 1 | 0.8205 | 0.8500 | 0.6018 | 0.6127 | 0.7891 | 0.848 | 0.45 |
| ablation_n9/ast_parent/ts1_ss0 | 1 | 0.7442 | 0.8000 | 0.5215 | 0.6644 | 0.7506 | 0.826 | 0.45 |
| ablation_n9/ast_parent/ts1_ss2 | 1 | 0.7273 | 0.7111 | 0.5034 | 0.4976 | 0.8679 | 0.804 | 0.45 |
| ablation_n9/ast_parent/ts2_ss0 | 1 | 0.8718 | 0.7660 | 0.7286 | 0.6726 | 0.8197 | 0.891 | 0.25 |
| ablation_n9/ast_parent/ts2_ss1 | 1 | 0.8293 | 0.8293 | 0.7748 | 0.7748 | 0.9251 | 0.870 | 0.35 |
| ablation_n9/callback_risk/ts0_ss1 | 1 | 0.8000 | 0.7619 | 0.6319 | 0.6129 | 0.8542 | 0.870 | 0.40 |
| ablation_n9/callback_risk/ts0_ss2 | 1 | 0.8500 | 0.8500 | 0.6127 | 0.6127 | 0.8639 | 0.870 | 0.50 |
| ablation_n9/callback_risk/ts1_ss0 | 1 | 0.8095 | 0.8636 | 0.7976 | 0.8881 | 0.9454 | 0.848 | 0.40 |
| ablation_n9/callback_risk/ts1_ss2 | 1 | 0.7727 | 0.7391 | 0.5667 | 0.5556 | 0.8448 | 0.870 | 0.35 |
| ablation_n9/callback_risk/ts2_ss0 | 1 | 0.9000 | 0.7826 | 0.9082 | 0.7561 | 0.9107 | 0.913 | 0.20 |
| ablation_n9/callback_risk/ts2_ss1 | 1 | 0.8293 | 0.7692 | 0.7748 | 0.4891 | 0.8480 | 0.870 | 0.70 |
| ablation_n9/cb_frozen/ts0_ss1 | 1 | 0.5085 | 0.4516 | 0.3632 | 0.2511 | 0.4525 | 0.609 | 0.80 |
| ablation_n9/cb_frozen/ts0_ss2 | 1 | 0.4179 | 0.4444 | 0.2514 | 0.2018 | 0.3265 | 0.565 | 0.80 |
| ablation_n9/cb_frozen/ts1_ss0 | 1 | 0.4000 | 0.3636 | 0.2078 | 0.2165 | 0.2598 | 0.587 | 0.65 |
| ablation_n9/cb_frozen/ts1_ss2 | 1 | 0.4375 | 0.3429 | 0.2235 | 0.1565 | 0.2360 | 0.435 | 0.70 |
| ablation_n9/cb_frozen/ts2_ss0 | 1 | 0.4762 | 0.4762 | 0.2648 | 0.2648 | 0.3349 | 0.630 | 0.50 |
| ablation_n9/cb_frozen/ts2_ss1 | 1 | 0.4889 | 0.4889 | 0.2585 | 0.2585 | 0.3430 | 0.609 | 0.50 |
| ablation_n9/cb_func_only/ts0_ss1 | 1 | 0.7234 | 0.7692 | 0.7215 | 0.4891 | 0.8293 | 0.848 | 0.65 |
| ablation_n9/cb_func_only/ts0_ss2 | 1 | 0.8205 | 0.8205 | 0.5698 | 0.5698 | 0.7409 | 0.848 | 0.55 |
| ablation_n9/cb_func_only/ts1_ss0 | 1 | 0.7907 | 0.8649 | 0.6738 | 0.7271 | 0.9115 | 0.826 | 0.75 |
| ablation_n9/cb_func_only/ts1_ss2 | 1 | 0.7027 | 0.7027 | 0.3589 | 0.3589 | 0.6548 | 0.783 | 0.50 |
| ablation_n9/cb_func_only/ts2_ss0 | 1 | 0.8718 | 0.8182 | 0.7271 | 0.8323 | 0.9337 | 0.891 | 0.25 |
| ablation_n9/cb_func_only/ts2_ss1 | 1 | 0.7442 | 0.7179 | 0.5993 | 0.4595 | 0.7278 | 0.826 | 0.70 |
| ablation_n9/cb_node_only/ts0_ss1 | 1 | 0.7500 | 0.7619 | 0.4638 | 0.5993 | 0.7475 | 0.848 | 0.35 |
| ablation_n9/cb_node_only/ts0_ss2 | 1 | 0.7556 | 0.7200 | 0.5510 | 0.6404 | 0.9599 | 0.826 | 0.40 |
| ablation_n9/cb_node_only/ts1_ss0 | 1 | 0.6809 | 0.7317 | 0.4923 | 0.4263 | 0.6241 | 0.804 | 0.70 |
| ablation_n9/cb_node_only/ts1_ss2 | 1 | 0.6667 | 0.8000 | 0.4889 | 0.6161 | 0.8617 | 0.804 | 0.75 |
| ablation_n9/cb_node_only/ts2_ss0 | 1 | 0.7778 | 0.7895 | 0.5128 | 0.5427 | 0.6434 | 0.826 | 0.40 |
| ablation_n9/cb_node_only/ts2_ss1 | 1 | 0.7368 | 0.7368 | 0.4786 | 0.4786 | 0.7548 | 0.848 | 0.35 |
| ablation_n9/cb_rev/ts0_ss1 | 1 | 0.8205 | 0.8095 | 0.6393 | 0.7272 | 0.8555 | 0.870 | 0.25 |
| ablation_n9/cb_rev/ts0_ss2 | 1 | 0.8500 | 0.8500 | 0.6520 | 0.6520 | 0.9341 | 0.891 | 0.45 |
| ablation_n9/cb_rev/ts1_ss0 | 1 | 0.8372 | 0.8718 | 0.7406 | 0.6299 | 0.9252 | 0.848 | 0.70 |
| ablation_n9/cb_rev/ts1_ss2 | 1 | 0.7391 | 0.7391 | 0.5556 | 0.5556 | 0.8640 | 0.848 | 0.40 |
| ablation_n9/cb_rev/ts2_ss0 | 1 | 0.8205 | 0.8500 | 0.7398 | 0.7523 | 0.9063 | 0.848 | 0.35 |
| ablation_n9/cb_rev/ts2_ss1 | 1 | 0.8293 | 0.8293 | 0.7748 | 0.7748 | 0.8603 | 0.870 | 0.35 |
| ablation_n9/cb_unlimited/ts0_ss1 | 1 | 0.8000 | 0.7619 | 0.6319 | 0.6129 | 0.8518 | 0.870 | 0.40 |
| ablation_n9/cb_unlimited/ts0_ss2 | 1 | 0.8293 | 0.8293 | 0.6044 | 0.6044 | 0.8639 | 0.870 | 0.50 |
| ablation_n9/cb_unlimited/ts1_ss0 | 1 | 0.7727 | 0.7660 | 0.7857 | 0.7762 | 0.9211 | 0.826 | 0.40 |
| ablation_n9/cb_unlimited/ts1_ss2 | 1 | 0.7907 | 0.7907 | 0.5732 | 0.5732 | 0.8700 | 0.870 | 0.50 |
| ablation_n9/cb_unlimited/ts2_ss0 | 1 | 0.8649 | 0.9231 | 0.7619 | 0.9176 | 0.9134 | 0.891 | 0.30 |
| ablation_n9/cb_unlimited/ts2_ss1 | 1 | 0.8293 | 0.7556 | 0.7748 | 0.6319 | 0.8505 | 0.870 | 0.35 |
| ablation_n9/cfg_flow/ts0_ss1 | 1 | 0.7317 | 0.7500 | 0.4700 | 0.4787 | 0.8216 | 0.826 | 0.60 |
| ablation_n9/cfg_flow/ts0_ss2 | 1 | 0.7143 | 0.7143 | 0.5159 | 0.5159 | 0.7369 | 0.826 | 0.50 |
| ablation_n9/cfg_flow/ts1_ss0 | 1 | 0.7727 | 0.7500 | 0.7021 | 0.7775 | 0.8399 | 0.826 | 0.45 |
| ablation_n9/cfg_flow/ts1_ss2 | 1 | 0.7391 | 0.7234 | 0.5556 | 0.5508 | 0.8362 | 0.848 | 0.45 |
| ablation_n9/cfg_flow/ts2_ss0 | 1 | 0.8000 | 0.7727 | 0.5442 | 0.6596 | 0.8070 | 0.870 | 0.40 |
| ablation_n9/cfg_flow/ts2_ss1 | 1 | 0.7619 | 0.8182 | 0.6254 | 0.8635 | 0.8503 | 0.870 | 0.30 |
| ablation_n9/dfg_dep/ts0_ss1 | 1 | 0.8000 | 0.7500 | 0.6319 | 0.7557 | 0.8580 | 0.870 | 0.25 |
| ablation_n9/dfg_dep/ts0_ss2 | 1 | 0.8718 | 0.8718 | 0.6603 | 0.6603 | 0.8144 | 0.891 | 0.45 |
| ablation_n9/dfg_dep/ts1_ss0 | 1 | 0.7907 | 0.7500 | 0.7833 | 0.7491 | 0.8951 | 0.826 | 0.35 |
| ablation_n9/dfg_dep/ts1_ss2 | 1 | 0.7619 | 0.7727 | 0.5627 | 0.5667 | 0.7459 | 0.848 | 0.35 |
| ablation_n9/dfg_dep/ts2_ss0 | 1 | 0.8718 | 0.8837 | 0.8223 | 0.8748 | 0.9507 | 0.891 | 0.20 |
| ablation_n9/dfg_dep/ts2_ss1 | 1 | 0.8293 | 0.7660 | 0.7748 | 0.7319 | 0.9326 | 0.870 | 0.20 |
| ablation_n9/dropedge02/ts0_ss1 | 1 | 0.8000 | 0.7619 | 0.6319 | 0.6129 | 0.8559 | 0.870 | 0.35 |
| ablation_n9/dropedge02/ts0_ss2 | 1 | 0.8293 | 0.8718 | 0.5937 | 0.6603 | 0.7671 | 0.870 | 0.60 |
| ablation_n9/dropedge02/ts1_ss0 | 1 | 0.8095 | 0.8000 | 0.7976 | 0.8024 | 0.9218 | 0.848 | 0.35 |
| ablation_n9/dropedge02/ts1_ss2 | 1 | 0.8095 | 0.8095 | 0.5806 | 0.5806 | 0.8465 | 0.870 | 0.50 |
| ablation_n9/dropedge02/ts2_ss0 | 1 | 0.8421 | 0.8182 | 0.7177 | 0.7714 | 0.9161 | 0.870 | 0.20 |
| ablation_n9/dropedge02/ts2_ss1 | 1 | 0.8293 | 0.8293 | 0.7748 | 0.7748 | 0.8550 | 0.870 | 0.55 |
| ablation_n9/feat_base/ts0_ss1 | 1 | 0.8000 | 0.7619 | 0.6319 | 0.6129 | 0.8518 | 0.870 | 0.40 |
| ablation_n9/feat_base/ts0_ss2 | 1 | 0.8293 | 0.7391 | 0.5937 | 0.5374 | 0.8633 | 0.870 | 0.40 |
| ablation_n9/feat_base/ts1_ss0 | 1 | 0.7727 | 0.7391 | 0.7857 | 0.7664 | 0.9202 | 0.826 | 0.40 |
| ablation_n9/feat_base/ts1_ss2 | 1 | 0.7727 | 0.8095 | 0.5667 | 0.5970 | 0.8702 | 0.870 | 0.55 |
| ablation_n9/feat_base/ts2_ss0 | 1 | 0.8649 | 0.9000 | 0.7619 | 0.8890 | 0.9136 | 0.891 | 0.30 |
| ablation_n9/feat_base/ts2_ss1 | 1 | 0.8293 | 0.7391 | 0.7748 | 0.6319 | 0.8505 | 0.870 | 0.35 |
| ablation_n9/feat_base_sem/ts0_ss1 | 1 | 0.8000 | 0.7619 | 0.6319 | 0.6129 | 0.8514 | 0.870 | 0.40 |
| ablation_n9/feat_base_sem/ts0_ss2 | 1 | 0.8500 | 0.8500 | 0.6127 | 0.6127 | 0.8643 | 0.870 | 0.50 |
| ablation_n9/feat_base_sem/ts1_ss0 | 1 | 0.8095 | 0.7907 | 0.7976 | 0.7833 | 0.9206 | 0.848 | 0.40 |
| ablation_n9/feat_base_sem/ts1_ss2 | 1 | 0.7727 | 0.7391 | 0.5667 | 0.5556 | 0.8445 | 0.870 | 0.40 |
| ablation_n9/feat_base_sem/ts2_ss0 | 1 | 0.8947 | 0.8000 | 0.7747 | 0.7846 | 0.9135 | 0.913 | 0.20 |
| ablation_n9/feat_base_sem/ts2_ss1 | 1 | 0.8293 | 0.7556 | 0.7748 | 0.6319 | 0.8501 | 0.870 | 0.35 |
| ablation_n9/hid256/ts0_ss1 | 1 | 0.7692 | 0.7692 | 0.4891 | 0.4891 | 0.8566 | 0.870 | 0.45 |
| ablation_n9/hid256/ts0_ss2 | 1 | 0.8500 | 0.7907 | 0.6520 | 0.6190 | 0.7543 | 0.891 | 0.40 |
| ablation_n9/hid256/ts1_ss0 | 1 | 0.8293 | 0.7308 | 0.6917 | 0.6451 | 0.8682 | 0.848 | 0.30 |
| ablation_n9/hid256/ts1_ss2 | 1 | 0.8095 | 0.8095 | 0.5917 | 0.5917 | 0.9397 | 0.848 | 0.50 |
| ablation_n9/hid256/ts2_ss0 | 1 | 0.8095 | 0.8000 | 0.5857 | 0.5584 | 0.8438 | 0.826 | 0.60 |
| ablation_n9/hid256/ts2_ss1 | 1 | 0.8000 | 0.7907 | 0.6319 | 0.7492 | 0.8619 | 0.870 | 0.20 |
| ablation_n9/layers1/ts0_ss1 | 1 | 0.7805 | 0.8000 | 0.6034 | 0.6319 | 0.9338 | 0.848 | 0.55 |
| ablation_n9/layers1/ts0_ss2 | 1 | 0.8095 | 0.8095 | 0.5806 | 0.5806 | 0.9376 | 0.870 | 0.45 |
| ablation_n9/layers1/ts1_ss0 | 1 | 0.8500 | 0.7556 | 0.6775 | 0.6012 | 0.9053 | 0.891 | 0.35 |
| ablation_n9/layers1/ts1_ss2 | 1 | 0.8500 | 0.7234 | 0.6520 | 0.5896 | 0.8348 | 0.870 | 0.35 |
| ablation_n9/layers1/ts2_ss0 | 1 | 0.9000 | 0.8636 | 0.8333 | 0.8251 | 0.9170 | 0.913 | 0.25 |
| ablation_n9/layers1/ts2_ss1 | 1 | 0.7619 | 0.7368 | 0.6063 | 0.4786 | 0.7675 | 0.848 | 0.70 |
| ablation_n9/layers3/ts0_ss1 | 1 | 0.7442 | 0.7895 | 0.5778 | 0.4964 | 0.8136 | 0.848 | 0.75 |
| ablation_n9/layers3/ts0_ss2 | 1 | 0.7500 | 0.8095 | 0.5091 | 0.5806 | 0.8503 | 0.826 | 0.45 |
| ablation_n9/layers3/ts1_ss0 | 1 | 0.8421 | 0.8108 | 0.5667 | 0.4714 | 0.8145 | 0.870 | 0.60 |
| ablation_n9/layers3/ts1_ss2 | 1 | 0.7907 | 0.7727 | 0.5732 | 0.5667 | 0.7305 | 0.870 | 0.35 |
| ablation_n9/layers3/ts2_ss0 | 1 | 0.8000 | 0.8205 | 0.5809 | 0.5903 | 0.8377 | 0.870 | 0.55 |
| ablation_n9/layers3/ts2_ss1 | 1 | 0.7500 | 0.7895 | 0.4891 | 0.4964 | 0.8622 | 0.848 | 0.80 |
| ablation_n9/lvar_dose_0.01/ts0_ss0 | 1 | 0.8095 | 0.8205 | 0.6727 | 0.5680 | 0.8244 | 0.870 | 0.60 |
| ablation_n9/lvar_dose_0.01/ts0_ss1 | 1 | 0.8000 | 0.7619 | 0.6319 | 0.6129 | 0.8518 | 0.870 | 0.40 |
| ablation_n9/lvar_dose_0.01/ts0_ss2 | 1 | 0.8500 | 0.8500 | 0.6127 | 0.6127 | 0.8639 | 0.870 | 0.50 |
| ablation_n9/lvar_dose_0.01/ts1_ss0 | 1 | 0.7727 | 0.7500 | 0.7857 | 0.7632 | 0.9211 | 0.826 | 0.40 |
| ablation_n9/lvar_dose_0.01/ts1_ss1 | 1 | 0.8293 | 0.8372 | 0.7748 | 0.9111 | 0.9369 | 0.870 | 0.30 |
| ablation_n9/lvar_dose_0.01/ts1_ss2 | 1 | 0.7727 | 0.8095 | 0.5667 | 0.5970 | 0.8722 | 0.870 | 0.55 |
| ablation_n9/lvar_dose_0.01/ts2_ss0 | 1 | 0.8649 | 0.8780 | 0.7619 | 0.8414 | 0.9134 | 0.891 | 0.30 |
| ablation_n9/lvar_dose_0.01/ts2_ss1 | 1 | 0.8095 | 0.7234 | 0.7683 | 0.6254 | 0.8570 | 0.870 | 0.30 |
| ablation_n9/lvar_dose_0.01/ts2_ss2 | 1 | 0.8000 | 0.8000 | 0.5937 | 0.5937 | 0.9260 | 0.848 | 0.55 |
| ablation_n9/lvar_dose_0.1/ts0_ss0 | 1 | 0.8095 | 0.8205 | 0.6727 | 0.5680 | 0.8244 | 0.870 | 0.60 |
| ablation_n9/lvar_dose_0.1/ts0_ss1 | 1 | 0.8000 | 0.7619 | 0.6319 | 0.6129 | 0.8514 | 0.870 | 0.40 |
| ablation_n9/lvar_dose_0.1/ts0_ss2 | 1 | 0.8095 | 0.7391 | 0.5853 | 0.5520 | 0.8658 | 0.870 | 0.40 |
| ablation_n9/lvar_dose_0.1/ts1_ss0 | 1 | 0.7727 | 0.7500 | 0.7857 | 0.7632 | 0.9202 | 0.826 | 0.40 |
| ablation_n9/lvar_dose_0.1/ts1_ss1 | 1 | 0.8293 | 0.8571 | 0.7748 | 0.9176 | 0.9346 | 0.870 | 0.35 |
| ablation_n9/lvar_dose_0.1/ts1_ss2 | 1 | 0.7727 | 0.8293 | 0.5667 | 0.6044 | 0.8722 | 0.870 | 0.55 |
| ablation_n9/lvar_dose_0.1/ts2_ss0 | 1 | 0.8649 | 0.8780 | 0.7619 | 0.8414 | 0.9157 | 0.891 | 0.30 |
| ablation_n9/lvar_dose_0.1/ts2_ss1 | 1 | 0.8095 | 0.7234 | 0.7683 | 0.6254 | 0.8570 | 0.870 | 0.30 |
| ablation_n9/lvar_dose_0.1/ts2_ss2 | 1 | 0.8000 | 0.8000 | 0.5937 | 0.5937 | 0.9256 | 0.848 | 0.55 |
| ablation_n9/lvar_dose_1.0/ts0_ss0 | 1 | 0.8000 | 0.8205 | 0.5584 | 0.5680 | 0.8247 | 0.848 | 0.60 |
| ablation_n9/lvar_dose_1.0/ts0_ss1 | 1 | 0.8000 | 0.7442 | 0.6319 | 0.5993 | 0.8347 | 0.870 | 0.40 |
| ablation_n9/lvar_dose_1.0/ts0_ss2 | 1 | 0.8095 | 0.7347 | 0.6256 | 0.6642 | 0.8425 | 0.891 | 0.35 |
| ablation_n9/lvar_dose_1.0/ts1_ss0 | 1 | 0.7727 | 0.7083 | 0.7783 | 0.7249 | 0.9092 | 0.804 | 0.40 |
| ablation_n9/lvar_dose_1.0/ts1_ss1 | 1 | 0.8571 | 0.8372 | 0.9176 | 0.9111 | 0.9340 | 0.870 | 0.30 |
| ablation_n9/lvar_dose_1.0/ts1_ss2 | 1 | 0.7907 | 0.7907 | 0.5905 | 0.5905 | 0.8409 | 0.870 | 0.50 |
| ablation_n9/lvar_dose_1.0/ts2_ss0 | 1 | 0.8333 | 0.8372 | 0.7143 | 0.7844 | 0.8375 | 0.870 | 0.25 |
| ablation_n9/lvar_dose_1.0/ts2_ss1 | 1 | 0.8000 | 0.7234 | 0.6319 | 0.6176 | 0.8526 | 0.870 | 0.30 |
| ablation_n9/lvar_dose_1.0/ts2_ss2 | 1 | 0.7619 | 0.7500 | 0.5627 | 0.6841 | 0.9218 | 0.848 | 0.35 |
| ablation_n9/meanpool/ts0_ss1 | 1 | 0.7805 | 0.7826 | 0.6319 | 0.8136 | 0.8277 | 0.870 | 0.25 |
| ablation_n9/meanpool/ts0_ss2 | 1 | 0.8500 | 0.8095 | 0.6413 | 0.5853 | 0.8340 | 0.891 | 0.40 |
| ablation_n9/meanpool/ts1_ss0 | 1 | 0.7805 | 0.7805 | 0.6489 | 0.6489 | 0.8110 | 0.826 | 0.45 |
| ablation_n9/meanpool/ts1_ss2 | 1 | 0.7556 | 0.7391 | 0.5608 | 0.5556 | 0.8245 | 0.848 | 0.45 |
| ablation_n9/meanpool/ts2_ss0 | 1 | 0.9231 | 0.8085 | 0.9176 | 0.7886 | 0.9155 | 0.935 | 0.20 |
| ablation_n9/meanpool/ts2_ss1 | 1 | 0.8293 | 0.8000 | 0.7748 | 0.7986 | 0.8470 | 0.870 | 0.35 |
| ablation_n9/no_lvar/ts0_ss1 | 1 | 0.8000 | 0.7619 | 0.6319 | 0.6129 | 0.8518 | 0.870 | 0.40 |
| ablation_n9/no_lvar/ts0_ss2 | 1 | 0.8293 | 0.8500 | 0.6044 | 0.6127 | 0.8639 | 0.870 | 0.55 |
| ablation_n9/no_lvar/ts1_ss0 | 1 | 0.7727 | 0.7391 | 0.7857 | 0.7664 | 0.9202 | 0.826 | 0.40 |
| ablation_n9/no_lvar/ts1_ss2 | 1 | 0.8095 | 0.8095 | 0.5970 | 0.5970 | 0.9434 | 0.870 | 0.50 |
| ablation_n9/no_lvar/ts2_ss0 | 1 | 0.8649 | 0.9000 | 0.7619 | 0.8700 | 0.9134 | 0.891 | 0.30 |
| ablation_n9/no_lvar/ts2_ss1 | 1 | 0.8293 | 0.7556 | 0.7748 | 0.6319 | 0.8534 | 0.870 | 0.35 |
| ablation_n9/no_prior_drop/ts0_ss1 | 1 | 0.8000 | 0.7619 | 0.6319 | 0.6129 | 0.8518 | 0.870 | 0.40 |
| ablation_n9/no_prior_drop/ts0_ss2 | 1 | 0.8293 | 0.8293 | 0.6044 | 0.6044 | 0.8639 | 0.870 | 0.50 |
| ablation_n9/no_prior_drop/ts1_ss0 | 1 | 0.7727 | 0.7391 | 0.7857 | 0.7664 | 0.9202 | 0.826 | 0.40 |
| ablation_n9/no_prior_drop/ts1_ss2 | 1 | 0.7907 | 0.7907 | 0.5732 | 0.5732 | 0.8700 | 0.870 | 0.50 |
| ablation_n9/no_prior_drop/ts2_ss0 | 1 | 0.8718 | 0.8000 | 0.7653 | 0.7846 | 0.8422 | 0.891 | 0.20 |
| ablation_n9/no_prior_drop/ts2_ss1 | 1 | 0.8095 | 0.7234 | 0.7683 | 0.6254 | 0.8566 | 0.870 | 0.30 |
| ablation_n9/numbases1/ts0_ss1 | 1 | 0.7805 | 0.7692 | 0.6066 | 0.4774 | 0.9365 | 0.870 | 0.60 |
| ablation_n9/numbases1/ts0_ss2 | 1 | 0.7805 | 0.7805 | 0.4901 | 0.4901 | 0.7906 | 0.848 | 0.50 |
| ablation_n9/numbases1/ts1_ss0 | 1 | 0.8500 | 0.8421 | 0.7156 | 0.5823 | 0.9327 | 0.870 | 0.75 |
| ablation_n9/numbases1/ts1_ss2 | 1 | 0.7500 | 0.7368 | 0.4732 | 0.4377 | 0.6331 | 0.804 | 0.55 |
| ablation_n9/numbases1/ts2_ss0 | 1 | 0.8571 | 0.8182 | 0.6965 | 0.6714 | 0.9341 | 0.913 | 0.40 |
| ablation_n9/numbases1/ts2_ss1 | 1 | 0.6667 | 0.7500 | 0.3907 | 0.4700 | 0.8389 | 0.826 | 0.60 |
| ablation_n9/numbases3/ts0_ss1 | 1 | 0.7500 | 0.7692 | 0.4825 | 0.4891 | 0.6376 | 0.848 | 0.65 |
| ablation_n9/numbases3/ts0_ss2 | 1 | 0.8205 | 0.8293 | 0.5698 | 0.6044 | 0.9581 | 0.848 | 0.40 |
| ablation_n9/numbases3/ts1_ss0 | 1 | 0.8293 | 0.8108 | 0.7013 | 0.4870 | 0.8698 | 0.848 | 0.70 |
| ablation_n9/numbases3/ts1_ss2 | 1 | 0.8293 | 0.8500 | 0.6329 | 0.6520 | 0.9318 | 0.870 | 0.55 |
| ablation_n9/numbases3/ts2_ss0 | 1 | 0.8205 | 0.8333 | 0.5714 | 0.5000 | 0.7304 | 0.848 | 0.60 |
| ablation_n9/numbases3/ts2_ss1 | 1 | 0.7692 | 0.7692 | 0.4891 | 0.4891 | 0.8425 | 0.870 | 0.60 |
| ablation_n9/numbases4/ts0_ss1 | 1 | 0.8000 | 0.8293 | 0.6319 | 0.7748 | 0.9295 | 0.870 | 0.35 |
| ablation_n9/numbases4/ts0_ss2 | 1 | 0.8095 | 0.7660 | 0.5970 | 0.6984 | 0.8228 | 0.870 | 0.25 |
| ablation_n9/numbases4/ts1_ss0 | 1 | 0.8261 | 0.8511 | 0.8833 | 0.8938 | 0.9501 | 0.870 | 0.35 |
| ablation_n9/numbases4/ts1_ss2 | 1 | 0.8205 | 0.8205 | 0.6018 | 0.6018 | 0.9341 | 0.848 | 0.45 |
| ablation_n9/numbases4/ts2_ss0 | 1 | 0.8500 | 0.8444 | 0.7156 | 0.8346 | 0.9330 | 0.870 | 0.30 |
| ablation_n9/numbases4/ts2_ss1 | 1 | 0.7500 | 0.7895 | 0.4825 | 0.4964 | 0.9357 | 0.848 | 0.70 |
| ablation_n9_aug/_base/ts0_ss1 | 1 | 1.0000 | 1.0000 | 1.0000 | 1.0000 | 1.0000 | 1.000 | 0.70 |
| ablation_n9_aug/_base/ts0_ss2 | 1 | 0.9712 | 0.9744 | 0.9717 | 0.9734 | 0.9822 | 0.960 | 0.60 |
| ablation_n9_aug/_base/ts1_ss0 | 1 | 0.9767 | 0.9735 | 0.9827 | 0.9770 | 0.9973 | 0.966 | 0.35 |
| ablation_n9_aug/_base/ts1_ss2 | 1 | 0.9775 | 0.9620 | 0.9758 | 0.9674 | 0.9841 | 0.966 | 0.35 |
| ablation_n9_aug/_base/ts2_ss0 | 1 | 0.9866 | 0.9866 | 0.9889 | 0.9889 | 0.9972 | 0.983 | 0.80 |
| ablation_n9_aug/_base/ts2_ss1 | 1 | 1.0000 | 1.0000 | 1.0000 | 1.0000 | 1.0000 | 1.000 | 0.70 |
| ablation_n9_aug/ast_parent/ts0_ss1 | 1 | 0.9968 | 1.0000 | 0.9980 | 1.0000 | 1.0000 | 0.994 | 0.80 |
| ablation_n9_aug/ast_parent/ts0_ss2 | 1 | 0.9651 | 0.9679 | 0.9672 | 0.9691 | 0.9896 | 0.949 | 0.65 |
| ablation_n9_aug/ast_parent/ts1_ss0 | 1 | 0.9833 | 0.9866 | 0.9879 | 0.9907 | 0.9969 | 0.977 | 0.80 |
| ablation_n9_aug/ast_parent/ts1_ss2 | 1 | 0.9744 | 0.9745 | 0.9717 | 0.9727 | 0.9956 | 0.972 | 0.20 |
| ablation_n9_aug/ast_parent/ts2_ss0 | 1 | 0.9800 | 0.9866 | 0.9858 | 0.9900 | 0.9980 | 0.972 | 0.70 |
| ablation_n9_aug/ast_parent/ts2_ss1 | 1 | 0.9937 | 1.0000 | 0.9961 | 1.0000 | 1.0000 | 0.989 | 0.80 |
| ablation_n9_aug/callback_risk/ts0_ss1 | 1 | 1.0000 | 1.0000 | 1.0000 | 1.0000 | 1.0000 | 1.000 | 0.75 |
| ablation_n9_aug/callback_risk/ts0_ss2 | 1 | 0.9682 | 0.9744 | 0.9700 | 0.9734 | 0.9824 | 0.955 | 0.65 |
| ablation_n9_aug/callback_risk/ts1_ss0 | 1 | 0.9767 | 0.9767 | 0.9827 | 0.9827 | 0.9969 | 0.966 | 0.40 |
| ablation_n9_aug/callback_risk/ts1_ss2 | 1 | 0.9744 | 0.9809 | 0.9717 | 0.9807 | 0.9982 | 0.972 | 0.25 |
| ablation_n9_aug/callback_risk/ts2_ss0 | 1 | 0.9833 | 0.9833 | 0.9868 | 0.9868 | 0.9989 | 0.977 | 0.80 |
| ablation_n9_aug/callback_risk/ts2_ss1 | 1 | 1.0000 | 1.0000 | 1.0000 | 1.0000 | 1.0000 | 1.000 | 0.75 |
| ablation_n9_aug/cb_frozen/ts0_ss1 | 1 | 0.8943 | 0.9320 | 0.9035 | 0.9322 | 0.9598 | 0.881 | 0.80 |
| ablation_n9_aug/cb_frozen/ts0_ss2 | 1 | 0.9350 | 0.9711 | 0.9334 | 0.9698 | 0.9740 | 0.910 | 0.70 |
| ablation_n9_aug/cb_frozen/ts1_ss0 | 1 | 0.9172 | 0.9502 | 0.9286 | 0.9582 | 0.9906 | 0.881 | 0.75 |
| ablation_n9_aug/cb_frozen/ts1_ss2 | 1 | 0.9288 | 0.9359 | 0.9306 | 0.9419 | 0.9802 | 0.904 | 0.80 |
| ablation_n9_aug/cb_frozen/ts2_ss0 | 1 | 0.9474 | 0.9664 | 0.9474 | 0.9656 | 0.9824 | 0.927 | 0.70 |
| ablation_n9_aug/cb_frozen/ts2_ss1 | 1 | 0.9422 | 0.9748 | 0.9471 | 0.9739 | 0.9777 | 0.915 | 0.75 |
| ablation_n9_aug/cb_func_only/ts0_ss1 | 1 | 0.9905 | 0.9937 | 0.9934 | 0.9955 | 1.0000 | 0.983 | 0.75 |
| ablation_n9_aug/cb_func_only/ts0_ss2 | 1 | 0.9682 | 0.9682 | 0.9676 | 0.9676 | 0.9839 | 0.955 | 0.50 |
| ablation_n9_aug/cb_func_only/ts1_ss0 | 1 | 0.9799 | 0.9799 | 0.9845 | 0.9845 | 0.9870 | 0.972 | 0.70 |
| ablation_n9_aug/cb_func_only/ts1_ss2 | 1 | 0.9620 | 0.9775 | 0.9543 | 0.9758 | 0.9743 | 0.938 | 0.55 |
| ablation_n9_aug/cb_func_only/ts2_ss0 | 1 | 0.9766 | 0.9832 | 0.9806 | 0.9857 | 0.9955 | 0.972 | 0.75 |
| ablation_n9_aug/cb_func_only/ts2_ss1 | 1 | 1.0000 | 1.0000 | 1.0000 | 1.0000 | 1.0000 | 1.000 | 0.60 |
| ablation_n9_aug/cb_node_only/ts0_ss1 | 1 | 0.9968 | 1.0000 | 0.9977 | 1.0000 | 1.0000 | 0.994 | 0.70 |
| ablation_n9_aug/cb_node_only/ts0_ss2 | 1 | 0.9809 | 0.9810 | 0.9799 | 0.9839 | 0.9997 | 0.977 | 0.35 |
| ablation_n9_aug/cb_node_only/ts1_ss0 | 1 | 0.9767 | 0.9735 | 0.9831 | 0.9781 | 0.9807 | 0.966 | 0.40 |
| ablation_n9_aug/cb_node_only/ts1_ss2 | 1 | 0.9809 | 0.9778 | 0.9807 | 0.9784 | 0.9940 | 0.977 | 0.30 |
| ablation_n9_aug/cb_node_only/ts2_ss0 | 1 | 0.9800 | 0.9866 | 0.9847 | 0.9907 | 0.9973 | 0.972 | 0.70 |
| ablation_n9_aug/cb_node_only/ts2_ss1 | 1 | 0.9905 | 0.9937 | 0.9890 | 0.9909 | 1.0000 | 0.983 | 0.80 |
| ablation_n9_aug/cb_rev/ts0_ss1 | 1 | 0.9345 | 0.9904 | 0.9354 | 0.9916 | 0.9974 | 0.876 | 0.75 |
| ablation_n9_aug/cb_rev/ts0_ss2 | 1 | 0.9776 | 0.9776 | 0.9791 | 0.9791 | 0.9951 | 0.972 | 0.20 |
| ablation_n9_aug/cb_rev/ts1_ss0 | 1 | 0.9800 | 0.9866 | 0.9858 | 0.9907 | 0.9828 | 0.972 | 0.65 |
| ablation_n9_aug/cb_rev/ts1_ss2 | 1 | 0.9778 | 0.9809 | 0.9806 | 0.9844 | 0.9936 | 0.966 | 0.60 |
| ablation_n9_aug/cb_rev/ts2_ss0 | 1 | 0.9800 | 0.9833 | 0.9847 | 0.9868 | 0.9937 | 0.972 | 0.80 |
| ablation_n9_aug/cb_rev/ts2_ss1 | 1 | 0.9905 | 0.9968 | 0.9943 | 0.9980 | 1.0000 | 0.983 | 0.80 |
| ablation_n9_aug/cb_unlimited/ts0_ss1 | 1 | 1.0000 | 1.0000 | 1.0000 | 1.0000 | 1.0000 | 1.000 | 0.70 |
| ablation_n9_aug/cb_unlimited/ts0_ss2 | 1 | 0.9712 | 0.9744 | 0.9717 | 0.9734 | 0.9824 | 0.960 | 0.75 |
| ablation_n9_aug/cb_unlimited/ts1_ss0 | 1 | 0.9767 | 0.9767 | 0.9827 | 0.9827 | 0.9956 | 0.966 | 0.40 |
| ablation_n9_aug/cb_unlimited/ts1_ss2 | 1 | 0.9775 | 0.9620 | 0.9758 | 0.9674 | 0.9826 | 0.966 | 0.35 |
| ablation_n9_aug/cb_unlimited/ts2_ss0 | 1 | 0.9833 | 0.9833 | 0.9868 | 0.9868 | 0.9986 | 0.977 | 0.80 |
| ablation_n9_aug/cb_unlimited/ts2_ss1 | 1 | 1.0000 | 1.0000 | 1.0000 | 1.0000 | 1.0000 | 1.000 | 0.25 |
| ablation_n9_aug/cfg_flow/ts0_ss1 | 1 | 0.9782 | 0.9874 | 0.9821 | 0.9881 | 1.0000 | 0.960 | 0.80 |
| ablation_n9_aug/cfg_flow/ts0_ss2 | 1 | 0.9809 | 0.9809 | 0.9844 | 0.9844 | 0.9848 | 0.972 | 0.55 |
| ablation_n9_aug/cfg_flow/ts1_ss0 | 1 | 0.9767 | 0.9833 | 0.9790 | 0.9850 | 0.9998 | 0.972 | 0.70 |
| ablation_n9_aug/cfg_flow/ts1_ss2 | 1 | 0.9778 | 0.9778 | 0.9784 | 0.9784 | 0.9949 | 0.972 | 0.70 |
| ablation_n9_aug/cfg_flow/ts2_ss0 | 1 | 0.9767 | 0.9866 | 0.9819 | 0.9915 | 0.9986 | 0.966 | 0.70 |
| ablation_n9_aug/cfg_flow/ts2_ss1 | 1 | 1.0000 | 1.0000 | 1.0000 | 1.0000 | 1.0000 | 1.000 | 0.25 |
| ablation_n9_aug/dfg_dep/ts0_ss1 | 1 | 1.0000 | 1.0000 | 1.0000 | 1.0000 | 1.0000 | 1.000 | 0.25 |
| ablation_n9_aug/dfg_dep/ts0_ss2 | 1 | 0.9744 | 0.9806 | 0.9717 | 0.9782 | 0.9867 | 0.972 | 0.75 |
| ablation_n9_aug/dfg_dep/ts1_ss0 | 1 | 0.9766 | 0.9766 | 0.9825 | 0.9825 | 0.9960 | 0.966 | 0.50 |
| ablation_n9_aug/dfg_dep/ts1_ss2 | 1 | 0.9649 | 0.9742 | 0.9664 | 0.9732 | 0.9906 | 0.944 | 0.60 |
| ablation_n9_aug/dfg_dep/ts2_ss0 | 1 | 0.9866 | 0.9832 | 0.9889 | 0.9848 | 0.9989 | 0.983 | 0.80 |
| ablation_n9_aug/dfg_dep/ts2_ss1 | 1 | 1.0000 | 1.0000 | 1.0000 | 1.0000 | 1.0000 | 1.000 | 0.20 |
| ablation_n9_aug/dropedge02/ts0_ss1 | 1 | 1.0000 | 0.9968 | 1.0000 | 0.9973 | 1.0000 | 1.000 | 0.80 |
| ablation_n9_aug/dropedge02/ts0_ss2 | 1 | 0.9712 | 0.9712 | 0.9694 | 0.9694 | 0.9886 | 0.966 | 0.65 |
| ablation_n9_aug/dropedge02/ts1_ss0 | 1 | 0.9735 | 0.9735 | 0.9807 | 0.9807 | 0.9853 | 0.960 | 0.55 |
| ablation_n9_aug/dropedge02/ts1_ss2 | 1 | 0.9712 | 0.9745 | 0.9694 | 0.9727 | 0.9986 | 0.966 | 0.40 |
| ablation_n9_aug/dropedge02/ts2_ss0 | 1 | 0.9800 | 0.9899 | 0.9847 | 0.9928 | 0.9960 | 0.972 | 0.80 |
| ablation_n9_aug/dropedge02/ts2_ss1 | 1 | 0.9968 | 1.0000 | 0.9980 | 1.0000 | 1.0000 | 0.994 | 0.80 |
| ablation_n9_aug/feat_base/ts0_ss1 | 1 | 1.0000 | 1.0000 | 1.0000 | 1.0000 | 1.0000 | 1.000 | 0.70 |
| ablation_n9_aug/feat_base/ts0_ss2 | 1 | 0.9712 | 0.9744 | 0.9717 | 0.9734 | 0.9822 | 0.960 | 0.60 |
| ablation_n9_aug/feat_base/ts1_ss0 | 1 | 0.9767 | 0.9767 | 0.9827 | 0.9827 | 0.9969 | 0.966 | 0.40 |
| ablation_n9_aug/feat_base/ts1_ss2 | 1 | 0.9775 | 0.9620 | 0.9758 | 0.9674 | 0.9829 | 0.966 | 0.35 |
| ablation_n9_aug/feat_base/ts2_ss0 | 1 | 0.9833 | 0.9866 | 0.9840 | 0.9889 | 0.9978 | 0.983 | 0.70 |
| ablation_n9_aug/feat_base/ts2_ss1 | 1 | 1.0000 | 1.0000 | 1.0000 | 1.0000 | 1.0000 | 1.000 | 0.20 |
| ablation_n9_aug/feat_base_sem/ts0_ss1 | 1 | 1.0000 | 1.0000 | 1.0000 | 1.0000 | 1.0000 | 1.000 | 0.70 |
| ablation_n9_aug/feat_base_sem/ts0_ss2 | 1 | 0.9712 | 0.9744 | 0.9717 | 0.9734 | 0.9827 | 0.960 | 0.60 |
| ablation_n9_aug/feat_base_sem/ts1_ss0 | 1 | 0.9767 | 0.9767 | 0.9827 | 0.9827 | 0.9973 | 0.966 | 0.40 |
| ablation_n9_aug/feat_base_sem/ts1_ss2 | 1 | 0.9712 | 0.9620 | 0.9723 | 0.9674 | 0.9832 | 0.955 | 0.35 |
| ablation_n9_aug/feat_base_sem/ts2_ss0 | 1 | 0.9833 | 0.9866 | 0.9840 | 0.9889 | 0.9983 | 0.983 | 0.80 |
| ablation_n9_aug/feat_base_sem/ts2_ss1 | 1 | 1.0000 | 1.0000 | 1.0000 | 1.0000 | 1.0000 | 1.000 | 0.30 |
| ablation_n9_aug/hid256/ts0_ss1 | 1 | 1.0000 | 1.0000 | 1.0000 | 1.0000 | 1.0000 | 1.000 | 0.80 |
| ablation_n9_aug/hid256/ts0_ss2 | 1 | 0.9712 | 0.9778 | 0.9672 | 0.9762 | 0.9995 | 0.972 | 0.20 |
| ablation_n9_aug/hid256/ts1_ss0 | 1 | 0.9735 | 0.9800 | 0.9748 | 0.9847 | 0.9985 | 0.960 | 0.75 |
| ablation_n9_aug/hid256/ts1_ss2 | 1 | 0.9682 | 0.9711 | 0.9676 | 0.9709 | 0.9911 | 0.960 | 0.70 |
| ablation_n9_aug/hid256/ts2_ss0 | 1 | 0.9800 | 0.9866 | 0.9819 | 0.9907 | 0.9988 | 0.972 | 0.65 |
| ablation_n9_aug/hid256/ts2_ss1 | 1 | 0.9937 | 0.9937 | 0.9955 | 0.9955 | 1.0000 | 0.989 | 0.45 |
| ablation_n9_aug/layers1/ts0_ss1 | 1 | 1.0000 | 1.0000 | 1.0000 | 1.0000 | 1.0000 | 1.000 | 0.70 |
| ablation_n9_aug/layers1/ts0_ss2 | 1 | 0.9871 | 0.9905 | 0.9857 | 0.9920 | 1.0000 | 0.983 | 0.20 |
| ablation_n9_aug/layers1/ts1_ss0 | 1 | 0.9833 | 0.9831 | 0.9868 | 0.9865 | 0.9976 | 0.977 | 0.75 |
| ablation_n9_aug/layers1/ts1_ss2 | 1 | 0.9838 | 0.9810 | 0.9800 | 0.9799 | 1.0000 | 0.972 | 0.20 |
| ablation_n9_aug/layers1/ts2_ss0 | 1 | 0.9797 | 0.9833 | 0.9862 | 0.9868 | 0.9945 | 0.966 | 0.35 |
| ablation_n9_aug/layers1/ts2_ss1 | 1 | 1.0000 | 1.0000 | 1.0000 | 1.0000 | 1.0000 | 1.000 | 0.55 |
| ablation_n9_aug/layers3/ts0_ss1 | 1 | 0.9968 | 1.0000 | 0.9974 | 1.0000 | 1.0000 | 0.994 | 0.80 |
| ablation_n9_aug/layers3/ts0_ss2 | 1 | 0.9712 | 0.9775 | 0.9694 | 0.9758 | 0.9798 | 0.966 | 0.70 |
| ablation_n9_aug/layers3/ts1_ss0 | 1 | 0.9735 | 0.9799 | 0.9770 | 0.9826 | 0.9978 | 0.966 | 0.75 |
| ablation_n9_aug/layers3/ts1_ss2 | 1 | 0.9810 | 0.9748 | 0.9839 | 0.9760 | 0.9998 | 0.966 | 0.40 |
| ablation_n9_aug/layers3/ts2_ss0 | 1 | 0.9767 | 0.9800 | 0.9827 | 0.9848 | 0.9988 | 0.966 | 0.75 |
| ablation_n9_aug/layers3/ts2_ss1 | 1 | 1.0000 | 1.0000 | 1.0000 | 1.0000 | 1.0000 | 1.000 | 0.20 |
| ablation_n9_aug/meanpool/ts0_ss1 | 1 | 1.0000 | 1.0000 | 1.0000 | 1.0000 | 1.0000 | 1.000 | 0.65 |
| ablation_n9_aug/meanpool/ts0_ss2 | 1 | 0.9841 | 0.9779 | 0.9854 | 0.9798 | 0.9945 | 0.977 | 0.25 |
| ablation_n9_aug/meanpool/ts1_ss0 | 1 | 0.9800 | 0.9703 | 0.9858 | 0.9772 | 0.9977 | 0.972 | 0.40 |
| ablation_n9_aug/meanpool/ts1_ss2 | 1 | 0.9873 | 0.9873 | 0.9884 | 0.9884 | 0.9968 | 0.983 | 0.35 |
| ablation_n9_aug/meanpool/ts2_ss0 | 1 | 0.9703 | 0.9800 | 0.9779 | 0.9858 | 0.9958 | 0.960 | 0.80 |
| ablation_n9_aug/meanpool/ts2_ss1 | 1 | 1.0000 | 1.0000 | 1.0000 | 1.0000 | 1.0000 | 1.000 | 0.75 |
| ablation_n9_aug/no_lvar/ts0_ss1 | 1 | 1.0000 | 1.0000 | 1.0000 | 1.0000 | 1.0000 | 1.000 | 0.70 |
| ablation_n9_aug/no_lvar/ts0_ss2 | 1 | 0.9712 | 0.9744 | 0.9717 | 0.9734 | 0.9822 | 0.960 | 0.60 |
| ablation_n9_aug/no_lvar/ts1_ss0 | 1 | 0.9767 | 0.9735 | 0.9827 | 0.9770 | 0.9979 | 0.966 | 0.35 |
| ablation_n9_aug/no_lvar/ts1_ss2 | 1 | 0.9775 | 0.9620 | 0.9758 | 0.9674 | 0.9841 | 0.966 | 0.35 |
| ablation_n9_aug/no_lvar/ts2_ss0 | 1 | 0.9833 | 0.9832 | 0.9840 | 0.9867 | 0.9974 | 0.983 | 0.80 |
| ablation_n9_aug/no_lvar/ts2_ss1 | 1 | 1.0000 | 1.0000 | 1.0000 | 1.0000 | 1.0000 | 1.000 | 0.70 |
| ablation_n9_aug/no_prior_drop/ts0_ss1 | 1 | 1.0000 | 1.0000 | 1.0000 | 1.0000 | 1.0000 | 1.000 | 0.70 |
| ablation_n9_aug/no_prior_drop/ts0_ss2 | 1 | 0.9712 | 0.9744 | 0.9717 | 0.9734 | 0.9825 | 0.960 | 0.75 |
| ablation_n9_aug/no_prior_drop/ts1_ss0 | 1 | 0.9767 | 0.9767 | 0.9827 | 0.9827 | 0.9979 | 0.966 | 0.40 |
| ablation_n9_aug/no_prior_drop/ts1_ss2 | 1 | 0.9775 | 0.9620 | 0.9758 | 0.9674 | 0.9841 | 0.966 | 0.35 |
| ablation_n9_aug/no_prior_drop/ts2_ss0 | 1 | 0.9866 | 0.9866 | 0.9889 | 0.9889 | 0.9975 | 0.983 | 0.80 |
| ablation_n9_aug/no_prior_drop/ts2_ss1 | 1 | 1.0000 | 1.0000 | 1.0000 | 1.0000 | 1.0000 | 1.000 | 0.30 |
| ablation_n9_aug/numbases1/ts0_ss1 | 1 | 1.0000 | 1.0000 | 1.0000 | 1.0000 | 1.0000 | 1.000 | 0.80 |
| ablation_n9_aug/numbases1/ts0_ss2 | 1 | 0.9808 | 0.9839 | 0.9791 | 0.9815 | 0.9907 | 0.977 | 0.55 |
| ablation_n9_aug/numbases1/ts1_ss0 | 1 | 0.9701 | 0.9832 | 0.9764 | 0.9866 | 0.9998 | 0.955 | 0.80 |
| ablation_n9_aug/numbases1/ts1_ss2 | 1 | 0.9682 | 0.9773 | 0.9676 | 0.9750 | 0.9889 | 0.955 | 0.80 |
| ablation_n9_aug/numbases1/ts2_ss0 | 1 | 0.9767 | 0.9800 | 0.9799 | 0.9848 | 0.9987 | 0.966 | 0.60 |
| ablation_n9_aug/numbases1/ts2_ss1 | 1 | 1.0000 | 1.0000 | 1.0000 | 1.0000 | 1.0000 | 1.000 | 0.45 |
| ablation_n9_aug/numbases3/ts0_ss1 | 1 | 1.0000 | 1.0000 | 1.0000 | 1.0000 | 1.0000 | 1.000 | 0.80 |
| ablation_n9_aug/numbases3/ts0_ss2 | 1 | 0.9904 | 0.9904 | 0.9872 | 0.9872 | 0.9920 | 0.989 | 0.40 |
| ablation_n9_aug/numbases3/ts1_ss0 | 1 | 0.9766 | 0.9832 | 0.9817 | 0.9866 | 0.9982 | 0.966 | 0.75 |
| ablation_n9_aug/numbases3/ts1_ss2 | 1 | 0.9744 | 0.9775 | 0.9724 | 0.9741 | 0.9917 | 0.972 | 0.70 |
| ablation_n9_aug/numbases3/ts2_ss0 | 1 | 0.9800 | 0.9800 | 0.9847 | 0.9847 | 0.9979 | 0.972 | 0.60 |
| ablation_n9_aug/numbases3/ts2_ss1 | 1 | 1.0000 | 1.0000 | 1.0000 | 1.0000 | 1.0000 | 1.000 | 0.80 |
| ablation_n9_aug/numbases4/ts0_ss1 | 1 | 0.9968 | 0.9936 | 0.9974 | 0.9919 | 1.0000 | 0.994 | 0.80 |
| ablation_n9_aug/numbases4/ts0_ss2 | 1 | 0.9839 | 0.9839 | 0.9799 | 0.9799 | 0.9957 | 0.983 | 0.40 |
| ablation_n9_aug/numbases4/ts1_ss0 | 1 | 0.9571 | 0.9664 | 0.9679 | 0.9761 | 0.9949 | 0.944 | 0.75 |
| ablation_n9_aug/numbases4/ts1_ss2 | 1 | 0.9682 | 0.9742 | 0.9706 | 0.9746 | 0.9989 | 0.949 | 0.65 |
| ablation_n9_aug/numbases4/ts2_ss0 | 1 | 0.9800 | 0.9800 | 0.9848 | 0.9848 | 0.9979 | 0.972 | 0.30 |
| ablation_n9_aug/numbases4/ts2_ss1 | 1 | 0.9905 | 0.9905 | 0.9934 | 0.9934 | 1.0000 | 0.983 | 0.65 |
| arch_n9/conv_gat/ts0_ss0 | 1 | 0.7895 | 0.8333 | 0.4762 | 0.5000 | 0.7781 | 0.826 | 0.65 |
| arch_n9/conv_gat/ts0_ss1 | 1 | 0.6977 | 0.7895 | 0.4891 | 0.4964 | 0.8118 | 0.783 | 0.70 |
| arch_n9/conv_gat/ts0_ss2 | 1 | 0.8500 | 0.8500 | 0.7476 | 0.7476 | 0.8549 | 0.870 | 0.50 |
| arch_n9/conv_gat/ts1_ss0 | 1 | 0.8649 | 0.8947 | 0.5952 | 0.6429 | 0.7483 | 0.891 | 0.35 |
| arch_n9/conv_gat/ts1_ss1 | 1 | 0.6818 | 0.7692 | 0.4891 | 0.4891 | 0.7213 | 0.761 | 0.55 |
| arch_n9/conv_gat/ts1_ss2 | 1 | 0.6047 | 0.6667 | 0.3881 | 0.3724 | 0.6994 | 0.717 | 0.55 |
| arch_n9/conv_gat/ts2_ss0 | 1 | 0.9000 | 0.9268 | 0.6667 | 0.8095 | 0.9418 | 0.913 | 0.45 |
| arch_n9/conv_gat/ts2_ss1 | 1 | 0.7500 | 0.7500 | 0.4700 | 0.4700 | 0.9210 | 0.870 | 0.50 |
| arch_n9/conv_gat/ts2_ss2 | 1 | 0.8205 | 0.8000 | 0.4984 | 0.4848 | 0.7947 | 0.848 | 0.45 |
| arch_n9/conv_gcn/ts0_ss0 | 1 | 0.9268 | 0.8333 | 0.9143 | 0.7925 | 0.9460 | 0.935 | 0.30 |
| arch_n9/conv_gcn/ts0_ss1 | 1 | 0.8000 | 0.8000 | 0.6319 | 0.6319 | 0.8554 | 0.870 | 0.50 |
| arch_n9/conv_gcn/ts0_ss2 | 1 | 0.8182 | 0.7600 | 0.7044 | 0.7626 | 0.8561 | 0.870 | 0.35 |
| arch_n9/conv_gcn/ts1_ss0 | 1 | 0.9000 | 0.8085 | 0.7857 | 0.8219 | 0.8746 | 0.913 | 0.30 |
| arch_n9/conv_gcn/ts1_ss1 | 1 | 0.7692 | 0.7692 | 0.4891 | 0.4891 | 0.8578 | 0.870 | 0.65 |
| arch_n9/conv_gcn/ts1_ss2 | 1 | 0.8421 | 0.8500 | 0.5175 | 0.6520 | 0.8387 | 0.870 | 0.40 |
| arch_n9/conv_gcn/ts2_ss0 | 1 | 0.9524 | 0.8889 | 0.9524 | 0.8680 | 0.9619 | 0.957 | 0.35 |
| arch_n9/conv_gcn/ts2_ss1 | 1 | 0.7619 | 0.7273 | 0.5993 | 0.5605 | 0.8568 | 0.870 | 0.45 |
| arch_n9/conv_gcn/ts2_ss2 | 1 | 0.8095 | 0.8095 | 0.5970 | 0.5970 | 0.8676 | 0.870 | 0.50 |
| arch_n9/conv_sage/ts0_ss0 | 1 | 0.8372 | 0.8500 | 0.6857 | 0.6190 | 0.8881 | 0.891 | 0.55 |
| arch_n9/conv_sage/ts0_ss1 | 1 | 0.7442 | 0.7692 | 0.6195 | 0.4891 | 0.8382 | 0.826 | 0.80 |
| arch_n9/conv_sage/ts0_ss2 | 1 | 0.8293 | 0.8500 | 0.5937 | 0.6127 | 0.8292 | 0.870 | 0.55 |
| arch_n9/conv_sage/ts1_ss0 | 1 | 0.7660 | 0.8421 | 0.6410 | 0.5238 | 0.8859 | 0.783 | 0.80 |
| arch_n9/conv_sage/ts1_ss1 | 1 | 0.6957 | 0.7500 | 0.4873 | 0.4825 | 0.9344 | 0.804 | 0.80 |
| arch_n9/conv_sage/ts1_ss2 | 1 | 0.8095 | 0.8718 | 0.5970 | 0.6603 | 0.8398 | 0.848 | 0.75 |
| arch_n9/conv_sage/ts2_ss0 | 1 | 0.9048 | 0.8511 | 0.7524 | 0.8447 | 0.9577 | 0.935 | 0.30 |
| arch_n9/conv_sage/ts2_ss1 | 1 | 0.5818 | 0.7692 | 0.4333 | 0.4891 | 0.8232 | 0.804 | 0.80 |
| arch_n9/conv_sage/ts2_ss2 | 1 | 0.7907 | 0.8718 | 0.5800 | 0.6603 | 0.8242 | 0.826 | 0.60 |
| arch_n9/gat_pm/ts0_ss0 | 1 | 0.8696 | 0.8696 | 0.9048 | 0.9048 | 0.9101 | 0.891 | 0.50 |
| arch_n9/gat_pm/ts0_ss1 | 1 | 0.8000 | 0.8000 | 0.6319 | 0.6319 | 0.8061 | 0.870 | 0.50 |
| arch_n9/gat_pm/ts0_ss2 | 1 | 0.8718 | 0.8421 | 0.6603 | 0.6175 | 0.8705 | 0.891 | 0.60 |
| arch_n9/gat_pm/ts1_ss0 | 1 | 0.8837 | 0.8837 | 0.7870 | 0.7870 | 0.9573 | 0.891 | 0.55 |
| arch_n9/gat_pm/ts1_ss1 | 1 | 0.8372 | 0.7692 | 0.8700 | 0.4891 | 0.8627 | 0.870 | 0.65 |
| arch_n9/gat_pm/ts1_ss2 | 1 | 0.7907 | 0.8205 | 0.6322 | 0.5091 | 0.9382 | 0.826 | 0.60 |
| arch_n9/gat_pm/ts2_ss0 | 1 | 0.8511 | 0.8837 | 0.7762 | 0.8381 | 0.8702 | 0.870 | 0.60 |
| arch_n9/gat_pm/ts2_ss1 | 1 | 0.8182 | 0.8500 | 0.8060 | 0.7524 | 0.8638 | 0.870 | 0.65 |
| arch_n9/gat_pm/ts2_ss2 | 1 | 0.7660 | 0.8780 | 0.7250 | 0.8905 | 0.9375 | 0.804 | 0.75 |
| arch_n9/gcn_pm/ts0_ss0 | 1 | 0.9000 | 0.7843 | 0.7714 | 0.8016 | 0.9340 | 0.913 | 0.35 |
| arch_n9/gcn_pm/ts0_ss1 | 1 | 0.7907 | 0.7727 | 0.7034 | 0.6843 | 0.9370 | 0.870 | 0.35 |
| arch_n9/gcn_pm/ts0_ss2 | 1 | 0.8500 | 0.8000 | 0.6520 | 0.7143 | 0.8621 | 0.891 | 0.40 |
| arch_n9/gcn_pm/ts1_ss0 | 1 | 0.9231 | 0.9000 | 0.7857 | 0.7727 | 0.9613 | 0.935 | 0.40 |
| arch_n9/gcn_pm/ts1_ss1 | 1 | 0.8293 | 0.7907 | 0.7748 | 0.7081 | 0.9405 | 0.870 | 0.35 |
| arch_n9/gcn_pm/ts1_ss2 | 1 | 0.6122 | 0.7368 | 0.3885 | 0.4303 | 0.6018 | 0.717 | 0.55 |
| arch_n9/gcn_pm/ts2_ss0 | 1 | 0.9048 | 0.9048 | 0.9048 | 0.9048 | 0.9345 | 0.913 | 0.50 |
| arch_n9/gcn_pm/ts2_ss1 | 1 | 0.8293 | 0.8000 | 0.7748 | 0.7986 | 0.9315 | 0.870 | 0.30 |
| arch_n9/gcn_pm/ts2_ss2 | 1 | 0.8095 | 0.8718 | 0.5806 | 0.6603 | 0.8643 | 0.870 | 0.60 |
| arch_n9/hid256_pm/ts0_ss0 | 1 | 0.9268 | 0.9268 | 0.8095 | 0.8095 | 0.8489 | 0.935 | 0.50 |
| arch_n9/hid256_pm/ts0_ss1 | 1 | 0.8000 | 0.7692 | 0.6319 | 0.4891 | 0.8588 | 0.870 | 0.80 |
| arch_n9/hid256_pm/ts0_ss2 | 1 | 0.8095 | 0.8205 | 0.5806 | 0.5698 | 0.8647 | 0.870 | 0.70 |
| arch_n9/hid256_pm/ts1_ss0 | 1 | 0.7727 | 0.8333 | 0.6843 | 0.5000 | 0.7386 | 0.783 | 0.70 |
| arch_n9/hid256_pm/ts1_ss1 | 1 | 0.7111 | 0.7692 | 0.5462 | 0.4891 | 0.8233 | 0.783 | 0.65 |
| arch_n9/hid256_pm/ts1_ss2 | 1 | 0.7556 | 0.7200 | 0.5794 | 0.6542 | 0.8207 | 0.848 | 0.35 |
| arch_n9/hid256_pm/ts2_ss0 | 1 | 0.9048 | 0.8444 | 0.8918 | 0.8197 | 0.9566 | 0.913 | 0.45 |
| arch_n9/hid256_pm/ts2_ss1 | 1 | 0.7727 | 0.6792 | 0.6945 | 0.6176 | 0.8622 | 0.870 | 0.25 |
| arch_n9/hid256_pm/ts2_ss2 | 1 | 0.8293 | 0.7556 | 0.5889 | 0.5476 | 0.8255 | 0.870 | 0.35 |
| arch_n9/sage_pm/ts0_ss0 | 1 | 0.8182 | 0.7917 | 0.7302 | 0.7540 | 0.8610 | 0.848 | 0.35 |
| arch_n9/sage_pm/ts0_ss1 | 1 | 0.7619 | 0.7368 | 0.6195 | 0.4786 | 0.8582 | 0.826 | 0.70 |
| arch_n9/sage_pm/ts0_ss2 | 1 | 0.8500 | 0.8500 | 0.6520 | 0.6520 | 0.8305 | 0.870 | 0.55 |
| arch_n9/sage_pm/ts1_ss0 | 1 | 0.9231 | 0.8085 | 0.7857 | 0.7016 | 0.9561 | 0.935 | 0.35 |
| arch_n9/sage_pm/ts1_ss1 | 1 | 0.7273 | 0.7692 | 0.5642 | 0.4891 | 0.8577 | 0.826 | 0.80 |
| arch_n9/sage_pm/ts1_ss2 | 1 | 0.8095 | 0.8293 | 0.5806 | 0.6044 | 0.8262 | 0.848 | 0.65 |
| arch_n9/sage_pm/ts2_ss0 | 1 | 0.9302 | 0.9302 | 0.9048 | 0.9048 | 0.9603 | 0.935 | 0.40 |
| arch_n9/sage_pm/ts2_ss1 | 1 | 0.7143 | 0.7692 | 0.4700 | 0.4891 | 0.7445 | 0.826 | 0.65 |
| arch_n9/sage_pm/ts2_ss2 | 1 | 0.7907 | 0.7907 | 0.5905 | 0.5905 | 0.8181 | 0.848 | 0.55 |
| augmentation | 3 | 0.9901 ± 0.0100 | 0.9913 ± 0.0076 | 0.9918 ± 0.0080 | 0.9924 ± 0.0066 | 0.9975 ± 0.0025 | 0.989 ± 0.011 | 0.70/0.70/0.20 |
| augmentation_dedup | 3 | 0.9102 ± 0.0466 | 0.9468 ± 0.0314 | 0.9099 ± 0.0459 | 0.9475 ± 0.0330 | 0.9846 ± 0.0049 | 0.869 ± 0.069 | 0.80/0.75/0.60 |
| baseline_arch_buggy/gat | 3 | 0.9447 ± 0.0438 | 0.9408 ± 0.0377 | 0.9408 ± 0.0487 | 0.9353 ± 0.0429 | 0.9641 ± 0.0230 | 0.912 ± 0.051 | 0.80/0.50/0.45 |
| baseline_arch_buggy/gcn | 3 | 0.9302 ± 0.0626 | 0.9521 ± 0.0421 | 0.9254 ± 0.0699 | 0.9507 ± 0.0440 | 0.9682 ± 0.0194 | 0.898 ± 0.061 | 0.80/0.55/0.65 |
| baseline_arch_buggy/sage | 3 | 0.9017 ± 0.0787 | 0.9068 ± 0.0834 | 0.8981 ± 0.0787 | 0.9051 ± 0.0807 | 0.9594 ± 0.0375 | 0.837 ± 0.141 | 0.75/0.80/0.80 |
| baseline_gcn | 3 | 0.8352 ± 0.0819 | 0.8040 ± 0.0324 | 0.6668 ± 0.2210 | 0.6262 ± 0.1538 | 0.8905 ± 0.0484 | 0.891 ± 0.038 | 0.30/0.65/0.50 |
| baseline_gcn_aug | 3 | 0.9824 ± 0.0157 | 0.9802 ± 0.0176 | 0.9838 ± 0.0141 | 0.9827 ± 0.0150 | 0.9975 ± 0.0042 | 0.979 ± 0.020 | 0.60/0.70/0.20 |
| binary_arm/aug_base/base_ts3_ss0 | 1 | 0.9161 | 0.9459 | 0.9248 | 0.9538 | 0.9859 | 0.904 | 0.80 |
| binary_arm/aug_base/base_ts3_ss1 | 1 | 0.9277 | 0.9557 | 0.9175 | 0.9544 | 0.9914 | 0.904 | 0.75 |
| binary_arm/aug_base/base_ts3_ss2 | 1 | 0.9321 | 0.9508 | 0.9387 | 0.9580 | 0.9871 | 0.893 | 0.75 |
| binary_arm/aug_base/base_ts4_ss0 | 1 | 0.9062 | 0.9431 | 0.9172 | 0.9418 | 0.9803 | 0.870 | 0.80 |
| binary_arm/aug_base/base_ts4_ss1 | 1 | 0.8822 | 0.8931 | 0.8777 | 0.8919 | 0.9536 | 0.870 | 0.75 |
| binary_arm/aug_base/base_ts4_ss2 | 1 | 0.9174 | 0.9521 | 0.9314 | 0.9566 | 0.9777 | 0.887 | 0.80 |
| binary_arm/aug_base/base_ts5_ss0 | 1 | 0.9143 | 0.9396 | 0.9295 | 0.9462 | 0.9862 | 0.876 | 0.80 |
| binary_arm/aug_base/base_ts5_ss1 | 1 | 0.8680 | 0.9304 | 0.8677 | 0.9289 | 0.9775 | 0.819 | 0.80 |
| binary_arm/aug_base/base_ts5_ss2 | 1 | 0.8875 | 0.9325 | 0.8996 | 0.9446 | 0.9647 | 0.853 | 0.80 |
| binary_arm/aug_bin/bin_ts3_ss0 | 1 | 1.0000 | 1.0000 | — | — | — | — | 0.50 |
| binary_arm/aug_bin/bin_ts3_ss1 | 1 | 1.0000 | 0.9937 | — | — | — | — | 0.20 |
| binary_arm/aug_bin/bin_ts3_ss2 | 1 | 1.0000 | 1.0000 | — | — | — | — | 0.20 |
| binary_arm/aug_bin/bin_ts4_ss0 | 1 | 1.0000 | 1.0000 | — | — | — | — | 0.25 |
| binary_arm/aug_bin/bin_ts4_ss1 | 1 | 1.0000 | 0.9968 | — | — | — | — | 0.20 |
| binary_arm/aug_bin/bin_ts4_ss2 | 1 | 0.9870 | 0.9935 | — | — | — | — | 0.20 |
| binary_arm/aug_bin/bin_ts5_ss0 | 1 | 1.0000 | 1.0000 | — | — | — | — | 0.20 |
| binary_arm/aug_bin/bin_ts5_ss1 | 1 | 0.9568 | 0.9840 | — | — | — | — | 0.20 |
| binary_arm/aug_bin/bin_ts5_ss2 | 1 | 0.9837 | 0.9968 | — | — | — | — | 0.20 |
| binary_arm/main_base/base_ts3_ss0 | 1 | 0.3733 | 0.4364 | 0.2613 | 0.2914 | 0.4112 | 0.435 | 0.70 |
| binary_arm/main_base/base_ts3_ss1 | 1 | 0.3934 | 0.4737 | 0.2842 | 0.2721 | 0.3662 | 0.565 | 0.80 |
| binary_arm/main_base/base_ts3_ss2 | 1 | 0.3562 | 0.4490 | 0.1992 | 0.2188 | 0.2925 | 0.391 | 0.70 |
| binary_arm/main_base/base_ts4_ss0 | 1 | 0.3667 | 0.3667 | 0.3034 | 0.3034 | 0.4267 | 0.457 | 0.50 |
| binary_arm/main_base/base_ts4_ss1 | 1 | 0.5200 | 0.5161 | 0.2645 | 0.2771 | 0.4059 | 0.630 | 0.75 |
| binary_arm/main_base/base_ts4_ss2 | 1 | 0.3333 | 0.3333 | 0.1200 | 0.1200 | 0.2483 | 0.565 | 0.50 |
| binary_arm/main_base/base_ts5_ss0 | 1 | 0.4800 | 0.4737 | 0.2313 | 0.2714 | 0.3326 | 0.717 | 0.70 |
| binary_arm/main_base/base_ts5_ss1 | 1 | 0.5238 | 0.5238 | 0.2723 | 0.2723 | 0.3356 | 0.652 | 0.50 |
| binary_arm/main_base/base_ts5_ss2 | 1 | 0.5306 | 0.4651 | 0.2833 | 0.1855 | 0.2782 | 0.609 | 0.55 |
| binary_arm/main_bin/bin_ts3_ss0 | 1 | 0.8000 | 0.8000 | — | — | — | — | 0.50 |
| binary_arm/main_bin/bin_ts3_ss1 | 1 | 0.8293 | 0.7429 | — | — | — | — | 0.75 |
| binary_arm/main_bin/bin_ts3_ss2 | 1 | 0.7755 | 0.7755 | — | — | — | — | 0.50 |
| binary_arm/main_bin/bin_ts4_ss0 | 1 | 0.6977 | 0.6977 | — | — | — | — | 0.50 |
| binary_arm/main_bin/bin_ts4_ss1 | 1 | 0.8500 | 0.8500 | — | — | — | — | 0.45 |
| binary_arm/main_bin/bin_ts4_ss2 | 1 | 0.8000 | 0.8000 | — | — | — | — | 0.50 |
| binary_arm/main_bin/bin_ts5_ss0 | 1 | 0.8182 | 0.8182 | — | — | — | — | 0.50 |
| binary_arm/main_bin/bin_ts5_ss1 | 1 | 0.6667 | 0.6667 | — | — | — | — | 0.50 |
| binary_arm/main_bin/bin_ts5_ss2 | 1 | 0.8936 | 0.8750 | — | — | — | — | 0.20 |
| buggy_canon | 3 | 0.9378 ± 0.0666 | 0.9413 ± 0.0337 | 0.9322 ± 0.0736 | 0.9376 ± 0.0410 | 0.9702 ± 0.0204 | 0.898 ± 0.074 | 0.80/0.30/0.25 |
| cbft_study/cbft_ts0_ss0 | 1 | 0.8095 | 0.8205 | 0.6727 | 0.5680 | 0.8246 | 0.870 | 0.60 |
| cbft_study/cbft_ts0_ss1 | 1 | 0.8000 | 0.7619 | 0.6319 | 0.6129 | 0.8518 | 0.870 | 0.40 |
| cbft_study/cbft_ts0_ss2 | 1 | 0.8293 | 0.8500 | 0.6044 | 0.6127 | 0.8639 | 0.870 | 0.55 |
| cbft_study/cbft_ts1_ss0 | 1 | 0.7727 | 0.7660 | 0.7857 | 0.7762 | 0.9211 | 0.826 | 0.40 |
| cbft_study/cbft_ts1_ss1 | 1 | 0.8293 | 0.8372 | 0.7748 | 0.9111 | 0.9349 | 0.870 | 0.30 |
| cbft_study/cbft_ts1_ss2 | 1 | 0.7727 | 0.8095 | 0.5667 | 0.5970 | 0.8722 | 0.870 | 0.55 |
| cbft_study/cbft_ts2_ss0 | 1 | 0.8108 | 0.8000 | 0.5748 | 0.7632 | 0.8374 | 0.848 | 0.25 |
| cbft_study/cbft_ts2_ss1 | 1 | 0.8293 | 0.7556 | 0.7748 | 0.6319 | 0.8501 | 0.870 | 0.35 |
| cbft_study/cbft_ts2_ss2 | 1 | 0.8000 | 0.8000 | 0.5937 | 0.5937 | 0.9260 | 0.848 | 0.55 |
| cbft_study/frozen_ts0_ss0 | 1 | 0.4262 | 0.4167 | 0.2425 | 0.2174 | 0.3008 | 0.630 | 0.60 |
| cbft_study/frozen_ts0_ss1 | 1 | 0.5085 | 0.4516 | 0.3632 | 0.2511 | 0.4525 | 0.609 | 0.80 |
| cbft_study/frozen_ts0_ss2 | 1 | 0.4179 | 0.4444 | 0.2514 | 0.2018 | 0.3265 | 0.565 | 0.80 |
| cbft_study/frozen_ts1_ss0 | 1 | 0.4000 | 0.3636 | 0.2078 | 0.2165 | 0.2598 | 0.587 | 0.65 |
| cbft_study/frozen_ts1_ss1 | 1 | 0.4615 | 0.5455 | 0.2507 | 0.2789 | 0.3651 | 0.587 | 0.60 |
| cbft_study/frozen_ts1_ss2 | 1 | 0.4375 | 0.3429 | 0.2235 | 0.1565 | 0.2360 | 0.435 | 0.70 |
| cbft_study/frozen_ts2_ss0 | 1 | 0.4762 | 0.4762 | 0.2648 | 0.2648 | 0.3349 | 0.630 | 0.50 |
| cbft_study/frozen_ts2_ss1 | 1 | 0.4889 | 0.4889 | 0.2585 | 0.2585 | 0.3430 | 0.609 | 0.50 |
| cbft_study/frozen_ts2_ss2 | 1 | 0.3944 | 0.4000 | 0.2236 | 0.2519 | 0.3174 | 0.500 | 0.70 |
| loss_asl | 3 | 0.2185 ± 0.0393 | 0.5023 ± 0.1162 | 0.1657 ± 0.0094 | 0.2640 ± 0.1229 | 0.4285 ± 0.0633 | 0.043 ± 0.075 | 0.70/0.75/0.70 |
| loss_focal | 3 | 0.4121 ± 0.0840 | 0.4732 ± 0.0825 | 0.2522 ± 0.0788 | 0.2612 ± 0.0624 | 0.3609 ± 0.0421 | 0.522 ± 0.075 | 0.55/0.55/0.60 |
| neardup | 3 | 0.3446 ± 0.0829 | 0.3828 ± 0.0538 | 0.1862 ± 0.0442 | 0.1965 ± 0.0417 | 0.3301 ± 0.1317 | 0.356 ± 0.212 | 0.55/0.45/0.50 |
| perclass_arm/cap0/cls_access_control | 3 | 0.7000 ± 0.1732 | 0.6111 ± 0.0962 | — | — | — | — | 0.50/0.25/0.30 |
| perclass_arm/cap0/cls_arithmetic | 3 | 0.6000 ± 0.5292 | 0.9333 ± 0.1155 | — | — | — | — | 0.50/0.35/0.50 |
| perclass_arm/cap0/cls_dos | 3 | 0.3333 ± 0.5774 | 0.6667 ± 0.5774 | — | — | — | — | 0.20/0.45/0.50 |
| perclass_arm/cap0/cls_front_running | 3 | 0.5000 ± 0.5000 | 0.5000 ± 0.5000 | — | — | — | — | 0.20/0.20/0.20 |
| perclass_arm/cap0/cls_reentrancy | 3 | 0.8660 ± 0.0580 | 0.8660 ± 0.0580 | — | — | — | — | 0.50/0.80/0.55 |
| perclass_arm/cap0/cls_time_manipulation | 3 | 0.2222 ± 0.3849 | 0.3333 ± 0.5774 | — | — | — | — | 0.20/0.20/0.45 |
| perclass_arm/cap0/cls_uncheck | 3 | 0.8773 ± 0.0549 | 0.8567 ± 0.0575 | — | — | — | — | 0.55/0.35/0.20 |
| perclass_arm/cap20/cls_ANY_union | 3 | 0.9045 ± 0.0624 | 0.9265 ± 0.0447 | — | — | — | — | 0.40/0.30/0.20 |
| perclass_arm/cap20/cls_access_control | 3 | 0.7000 ± 0.1732 | 0.6556 ± 0.1503 | — | — | — | — | 0.50/0.25/0.30 |
| perclass_arm/cap20/cls_arithmetic | 3 | 0.6000 ± 0.5292 | 0.8667 ± 0.1155 | — | — | — | — | 0.30/0.35/0.50 |
| perclass_arm/cap20/cls_dos | 3 | 0.0000 ± 0.0000 | 0.5000 ± 0.5000 | — | — | — | — | 0.20/0.40/0.40 |
| perclass_arm/cap20/cls_front_running | 3 | 0.5556 ± 0.5092 | 0.7222 ± 0.2546 | — | — | — | — | 0.20/0.20/0.20 |
| perclass_arm/cap20/cls_reentrancy | 3 | 0.8660 ± 0.0580 | 0.8660 ± 0.0580 | — | — | — | — | 0.50/0.80/0.55 |
| perclass_arm/cap20/cls_time_manipulation | 3 | 0.2222 ± 0.3849 | 0.3333 ± 0.5774 | — | — | — | — | 0.20/0.20/0.45 |
| perclass_arm/cap20/cls_uncheck | 3 | 0.8773 ± 0.0549 | 0.8567 ± 0.0575 | — | — | — | — | 0.55/0.35/0.20 |
| pw_unclamped | 3 | 0.3678 ± 0.0616 | 0.4277 ± 0.0538 | 0.2231 ± 0.0216 | 0.2250 ± 0.0253 | 0.2995 ± 0.0213 | 0.507 ± 0.055 | 0.70/0.55/0.60 |
| main | 3 | 0.8129 ± 0.0149 | 0.8192 ± 0.0186 | 0.6804 ± 0.0908 | 0.6909 ± 0.1911 | 0.8952 ± 0.0613 | 0.862 ± 0.013 | 0.60/0.30/0.55 |
| withbuggy | 3 | 0.6779 ± 0.0025 | 0.7240 ± 0.1035 | 0.6763 ± 0.0102 | 0.7189 ± 0.1092 | 0.7965 ± 0.0724 | 0.524 ± 0.042 | 0.80/0.45/0.70 | 

    ✅ aggregate_results overview
=== [17:08:10] aggregate_results perclass ===
### 逐类 F1 @ val_threshold

> ⚠ 逐类表跳过二分类臂（无 per-class 指标，键名为 binary_*）：['binary_arm/aug_bin/bin_ts3_ss0', 'binary_arm/aug_bin/bin_ts3_ss1', 'binary_arm/aug_bin/bin_ts3_ss2', 'binary_arm/aug_bin/bin_ts4_ss0', 'binary_arm/aug_bin/bin_ts4_ss1', 'binary_arm/aug_bin/bin_ts4_ss2', 'binary_arm/aug_bin/bin_ts5_ss0', 'binary_arm/aug_bin/bin_ts5_ss1', 'binary_arm/aug_bin/bin_ts5_ss2', 'binary_arm/main_bin/bin_ts3_ss0', 'binary_arm/main_bin/bin_ts3_ss1', 'binary_arm/main_bin/bin_ts3_ss2', 'binary_arm/main_bin/bin_ts4_ss0', 'binary_arm/main_bin/bin_ts4_ss1', 'binary_arm/main_bin/bin_ts4_ss2', 'binary_arm/main_bin/bin_ts5_ss0', 'binary_arm/main_bin/bin_ts5_ss1', 'binary_arm/main_bin/bin_ts5_ss2', 'perclass_arm/cap0/cls_access_control', 'perclass_arm/cap0/cls_arithmetic', 'perclass_arm/cap0/cls_dos', 'perclass_arm/cap0/cls_front_running', 'perclass_arm/cap0/cls_reentrancy', 'perclass_arm/cap0/cls_time_manipulation', 'perclass_arm/cap0/cls_uncheck', 'perclass_arm/cap20/cls_ANY_union', 'perclass_arm/cap20/cls_access_control', 'perclass_arm/cap20/cls_arithmetic', 'perclass_arm/cap20/cls_dos', 'perclass_arm/cap20/cls_front_running', 'perclass_arm/cap20/cls_reentrancy', 'perclass_arm/cap20/cls_time_manipulation', 'perclass_arm/cap20/cls_uncheck']

| 臂 | access_control | arithmetic | dos | front_running | reentrancy | time_manipulation | uncheck |
| --- | --- | --- | --- | --- | --- | --- | --- |
| ablation/ast_parent | 0.644 ± 0.269 | 1.000 ± 0.000 | 0.778 ± 0.192 | 0.667 ± 0.577 | 0.896 ± 0.100 | 0.667 ± 0.577 | 0.884 ± 0.111 |
| ablation/callback_risk | 0.667 ± 0.231 | 1.000 ± 0.000 | 0.389 ± 0.347 | 0.667 ± 0.577 | 0.866 ± 0.058 | 0.889 ± 0.192 | 0.843 ± 0.137 |
| ablation/cb_frozen | 0.133 ± 0.231 | 0.489 ± 0.154 | 0.000 ± 0.000 | 0.000 ± 0.000 | 0.634 ± 0.070 | 0.000 ± 0.000 | 0.489 ± 0.111 |
| ablation/cb_func_only | 0.700 ± 0.173 | 0.933 ± 0.115 | 0.556 ± 0.509 | 0.333 ± 0.577 | 0.866 ± 0.058 | 0.333 ± 0.577 | 0.787 ± 0.065 |
| ablation/cb_node_only | 0.700 ± 0.173 | 0.722 ± 0.255 | 0.000 ± 0.000 | 0.000 ± 0.000 | 0.820 ± 0.081 | 0.000 ± 0.000 | 0.919 ± 0.089 |
| ablation/cb_rev | 0.656 ± 0.150 | 1.000 ± 0.000 | 0.356 ± 0.336 | 0.000 ± 0.000 | 0.896 ± 0.100 | 0.222 ± 0.385 | 0.884 ± 0.111 |
| ablation/cb_unlimited | 0.667 ± 0.231 | 1.000 ± 0.000 | 0.556 ± 0.509 | 0.333 ± 0.577 | 0.866 ± 0.058 | 0.556 ± 0.509 | 0.859 ± 0.122 |
| ablation/cfg_flow | 0.700 ± 0.173 | 0.778 ± 0.192 | 0.556 ± 0.509 | 0.000 ± 0.000 | 0.866 ± 0.058 | 0.000 ± 0.000 | 0.845 ± 0.080 |
| ablation/dfg_dep | 0.667 ± 0.231 | 1.000 ± 0.000 | 0.778 ± 0.192 | 0.889 ± 0.192 | 0.896 ± 0.100 | 0.333 ± 0.577 | 0.878 ± 0.087 |
| ablation/dropedge02 | 0.644 ± 0.269 | 1.000 ± 0.000 | 0.778 ± 0.192 | 0.556 ± 0.509 | 0.896 ± 0.100 | 0.600 ± 0.529 | 0.884 ± 0.111 |
| ablation/feat_base | 0.644 ± 0.269 | 0.933 ± 0.115 | 0.889 ± 0.192 | 0.333 ± 0.577 | 0.866 ± 0.058 | 0.556 ± 0.509 | 0.859 ± 0.122 |
| ablation/feat_base_sem | 0.667 ± 0.231 | 1.000 ± 0.000 | 0.556 ± 0.509 | 0.333 ± 0.577 | 0.866 ± 0.058 | 0.556 ± 0.509 | 0.859 ± 0.122 |
| ablation/hid256 | 0.700 ± 0.173 | 1.000 ± 0.000 | 0.556 ± 0.509 | 0.000 ± 0.000 | 0.896 ± 0.100 | 0.000 ± 0.000 | 0.874 ± 0.050 |
| ablation/layers1 | 0.724 ± 0.132 | 1.000 ± 0.000 | 0.500 ± 0.500 | 0.667 ± 0.577 | 0.896 ± 0.100 | 0.222 ± 0.385 | 0.900 ± 0.091 |
| ablation/layers3 | 0.656 ± 0.150 | 0.889 ± 0.192 | 0.500 ± 0.500 | 0.333 ± 0.577 | 0.896 ± 0.100 | 0.000 ± 0.000 | 0.857 ± 0.057 |
| ablation/meanpool | 0.644 ± 0.269 | 1.000 ± 0.000 | 0.833 ± 0.289 | 0.389 ± 0.347 | 0.896 ± 0.100 | 0.667 ± 0.577 | 0.826 ± 0.084 |
| ablation/no_lvar | 0.667 ± 0.231 | 1.000 ± 0.000 | 0.556 ± 0.509 | 0.333 ± 0.577 | 0.866 ± 0.058 | 0.556 ± 0.509 | 0.859 ± 0.122 |
| ablation/no_prior_drop | 0.667 ± 0.231 | 1.000 ± 0.000 | 0.556 ± 0.509 | 0.333 ± 0.577 | 0.866 ± 0.058 | 0.556 ± 0.509 | 0.859 ± 0.122 |
| ablation/numbases1 | 0.556 ± 0.096 | 1.000 ± 0.000 | 0.222 ± 0.385 | 0.000 ± 0.000 | 0.896 ± 0.100 | 0.000 ± 0.000 | 0.900 ± 0.091 |
| ablation/numbases3 | 0.700 ± 0.173 | 1.000 ± 0.000 | 0.000 ± 0.000 | 0.000 ± 0.000 | 0.896 ± 0.100 | 0.000 ± 0.000 | 0.930 ± 0.071 |
| ablation/numbases4 | 0.656 ± 0.150 | 0.933 ± 0.115 | 0.444 ± 0.385 | 0.333 ± 0.577 | 0.866 ± 0.058 | 0.222 ± 0.385 | 0.845 ± 0.080 |
| ablation_aug/ast_parent | 0.993 ± 0.012 | 0.989 ± 0.010 | 0.969 ± 0.028 | 0.990 ± 0.016 | 0.979 ± 0.037 | 1.000 ± 0.000 | 0.985 ± 0.026 |
| ablation_aug/callback_risk | 0.993 ± 0.012 | 0.983 ± 0.029 | 0.991 ± 0.016 | 1.000 ± 0.000 | 0.986 ± 0.025 | 1.000 ± 0.000 | 0.985 ± 0.026 |
| ablation_aug/cb_frozen | 0.987 ± 0.022 | 0.957 ± 0.033 | 0.943 ± 0.056 | 1.000 ± 0.000 | 0.932 ± 0.063 | 0.960 ± 0.041 | 0.916 ± 0.056 |
| ablation_aug/cb_func_only | 0.987 ± 0.023 | 0.989 ± 0.009 | 0.965 ± 0.039 | 1.000 ± 0.000 | 0.978 ± 0.038 | 0.987 ± 0.023 | 0.986 ± 0.025 |
| ablation_aug/cb_node_only | 0.987 ± 0.023 | 0.995 ± 0.009 | 0.988 ± 0.021 | 1.000 ± 0.000 | 0.974 ± 0.023 | 1.000 ± 0.000 | 0.981 ± 0.023 |
| ablation_aug/cb_rev | 0.984 ± 0.014 | 0.994 ± 0.010 | 1.000 ± 0.000 | 0.990 ± 0.016 | 0.986 ± 0.025 | 1.000 ± 0.000 | 0.985 ± 0.026 |
| ablation_aug/cb_unlimited | 1.000 ± 0.000 | 0.994 ± 0.010 | 0.991 ± 0.016 | 1.000 ± 0.000 | 0.986 ± 0.025 | 1.000 ± 0.000 | 0.985 ± 0.026 |
| ablation_aug/cfg_flow | 0.993 ± 0.012 | 0.989 ± 0.009 | 1.000 ± 0.000 | 0.990 ± 0.016 | 0.993 ± 0.013 | 1.000 ± 0.000 | 0.970 ± 0.041 |
| ablation_aug/dfg_dep | 0.993 ± 0.012 | 0.979 ± 0.023 | 0.979 ± 0.019 | 0.990 ± 0.016 | 0.978 ± 0.038 | 1.000 ± 0.000 | 0.980 ± 0.034 |
| ablation_aug/dropedge02 | 0.993 ± 0.012 | 0.983 ± 0.029 | 0.991 ± 0.016 | 1.000 ± 0.000 | 0.986 ± 0.025 | 1.000 ± 0.000 | 0.981 ± 0.023 |
| ablation_aug/feat_base | 0.993 ± 0.012 | 0.994 ± 0.010 | 0.991 ± 0.016 | 1.000 ± 0.000 | 0.986 ± 0.025 | 1.000 ± 0.000 | 0.985 ± 0.026 |
| ablation_aug/feat_base_sem | 0.993 ± 0.012 | 0.989 ± 0.020 | 0.991 ± 0.016 | 1.000 ± 0.000 | 0.986 ± 0.025 | 1.000 ± 0.000 | 0.990 ± 0.017 |
| ablation_aug/hid256 | 0.993 ± 0.012 | 0.988 ± 0.021 | 0.965 ± 0.039 | 1.000 ± 0.000 | 0.985 ± 0.026 | 1.000 ± 0.000 | 0.986 ± 0.015 |
| ablation_aug/layers1 | 0.993 ± 0.012 | 1.000 ± 0.000 | 0.990 ± 0.016 | 1.000 ± 0.000 | 0.993 ± 0.013 | 1.000 ± 0.000 | 0.976 ± 0.018 |
| ablation_aug/layers3 | 0.984 ± 0.014 | 0.978 ± 0.026 | 0.974 ± 0.044 | 1.000 ± 0.000 | 0.993 ± 0.013 | 0.987 ± 0.023 | 0.957 ± 0.065 |
| ablation_aug/meanpool | 0.987 ± 0.023 | 0.984 ± 0.001 | 0.991 ± 0.016 | 0.990 ± 0.016 | 0.978 ± 0.038 | 0.990 ± 0.017 | 0.972 ± 0.039 |
| ablation_aug/no_lvar | 0.993 ± 0.012 | 0.994 ± 0.010 | 0.991 ± 0.016 | 1.000 ± 0.000 | 0.986 ± 0.025 | 1.000 ± 0.000 | 0.990 ± 0.017 |
| ablation_aug/no_prior_drop | 0.993 ± 0.012 | 0.983 ± 0.029 | 0.991 ± 0.016 | 1.000 ± 0.000 | 0.986 ± 0.025 | 1.000 ± 0.000 | 0.986 ± 0.015 |
| ablation_aug/numbases1 | 0.993 ± 0.012 | 0.985 ± 0.027 | 0.965 ± 0.039 | 1.000 ± 0.000 | 0.993 ± 0.013 | 1.000 ± 0.000 | 0.985 ± 0.026 |
| ablation_aug/numbases3 | 0.978 ± 0.020 | 0.983 ± 0.029 | 0.965 ± 0.039 | 0.990 ± 0.016 | 0.993 ± 0.013 | 1.000 ± 0.000 | 0.981 ± 0.023 |
| ablation_aug/numbases4 | 0.993 ± 0.012 | 0.979 ± 0.023 | 0.965 ± 0.039 | 0.990 ± 0.016 | 0.973 ± 0.024 | 0.986 ± 0.025 | 0.974 ± 0.046 |
| ablation_buggy/ast_parent | 0.904 ± 0.114 | 0.906 ± 0.030 | 0.952 ± 0.042 | 0.897 ± 0.090 | 0.965 ± 0.031 | 0.978 ± 0.038 | 0.978 ± 0.038 |
| ablation_buggy/callback_risk | 0.860 ± 0.134 | 0.906 ± 0.030 | 0.952 ± 0.082 | 0.919 ± 0.083 | 0.984 ± 0.027 | 1.000 ± 0.000 | 0.978 ± 0.038 |
| ablation_buggy/cb_frozen | 0.662 ± 0.141 | 0.654 ± 0.131 | 0.731 ± 0.114 | 0.811 ± 0.128 | 0.630 ± 0.242 | 0.831 ± 0.120 | 0.811 ± 0.036 |
| ablation_buggy/cb_func_only | 0.869 ± 0.125 | 0.924 ± 0.030 | 0.949 ± 0.044 | 0.944 ± 0.096 | 0.984 ± 0.027 | 1.000 ± 0.000 | 0.988 ± 0.021 |
| ablation_buggy/cb_node_only | 0.853 ± 0.094 | 0.889 ± 0.000 | 0.878 ± 0.107 | 0.922 ± 0.072 | 0.941 ± 0.016 | 0.978 ± 0.038 | 0.965 ± 0.033 |
| ablation_buggy/cb_rev | 0.808 ± 0.134 | 0.902 ± 0.035 | 0.863 ± 0.143 | 0.856 ± 0.125 | 0.918 ± 0.066 | 1.000 ± 0.000 | 0.988 ± 0.021 |
| ablation_buggy/cb_unlimited | 0.880 ± 0.154 | 0.906 ± 0.030 | 0.952 ± 0.082 | 0.897 ± 0.090 | 0.967 ± 0.029 | 0.978 ± 0.038 | 0.966 ± 0.033 |
| ablation_buggy/cfg_flow | 0.894 ± 0.129 | 0.906 ± 0.030 | 0.949 ± 0.044 | 0.897 ± 0.055 | 0.984 ± 0.027 | 1.000 ± 0.000 | 0.988 ± 0.021 |
| ablation_buggy/dfg_dep | 0.833 ± 0.180 | 0.919 ± 0.038 | 0.879 ± 0.148 | 0.923 ± 0.133 | 0.931 ± 0.081 | 1.000 ± 0.000 | 0.963 ± 0.039 |
| ablation_buggy/dropedge02 | 0.919 ± 0.089 | 0.906 ± 0.030 | 0.974 ± 0.044 | 0.970 ± 0.052 | 0.971 ± 0.026 | 1.000 ± 0.000 | 1.000 ± 0.000 |
| ablation_buggy/feat_base | 0.919 ± 0.089 | 0.906 ± 0.030 | 0.974 ± 0.044 | 0.944 ± 0.049 | 0.984 ± 0.027 | 0.958 ± 0.072 | 0.966 ± 0.033 |
| ablation_buggy/feat_base_sem | 0.899 ± 0.066 | 0.906 ± 0.030 | 0.974 ± 0.044 | 0.922 ± 0.072 | 0.984 ± 0.027 | 0.958 ± 0.072 | 0.966 ± 0.033 |
| ablation_buggy/hid256 | 0.900 ± 0.091 | 0.891 ± 0.050 | 0.878 ± 0.107 | 0.944 ± 0.049 | 0.958 ± 0.039 | 0.978 ± 0.038 | 0.963 ± 0.039 |
| ablation_buggy/layers1 | 0.919 ± 0.026 | 0.924 ± 0.030 | 0.856 ± 0.125 | 0.897 ± 0.118 | 0.953 ± 0.006 | 0.978 ± 0.038 | 0.989 ± 0.020 |
| ablation_buggy/layers3 | 0.794 ± 0.156 | 0.891 ± 0.050 | 0.905 ± 0.082 | 0.853 ± 0.082 | 0.951 ± 0.009 | 0.956 ± 0.038 | 0.928 ± 0.064 |
| ablation_buggy/meanpool | 0.833 ± 0.180 | 0.924 ± 0.030 | 0.933 ± 0.115 | 0.875 ± 0.116 | 0.931 ± 0.081 | 1.000 ± 0.000 | 0.963 ± 0.039 |
| ablation_buggy/no_lvar | 0.880 ± 0.154 | 0.906 ± 0.030 | 0.952 ± 0.082 | 0.919 ± 0.083 | 0.984 ± 0.027 | 0.978 ± 0.038 | 0.966 ± 0.033 |
| ablation_buggy/no_prior_drop | 0.894 ± 0.129 | 0.906 ± 0.030 | 0.974 ± 0.044 | 0.944 ± 0.049 | 0.984 ± 0.027 | 0.978 ± 0.038 | 0.966 ± 0.033 |
| ablation_buggy/numbases1 | 0.862 ± 0.079 | 0.924 ± 0.030 | 0.897 ± 0.090 | 0.922 ± 0.072 | 0.958 ± 0.039 | 0.956 ± 0.038 | 1.000 ± 0.000 |
| ablation_buggy/numbases3 | 0.880 ± 0.154 | 0.906 ± 0.030 | 0.875 ± 0.116 | 0.919 ± 0.083 | 0.925 ± 0.026 | 0.978 ± 0.038 | 0.989 ± 0.020 |
| ablation_buggy/numbases4 | 0.867 ± 0.176 | 0.906 ± 0.030 | 0.857 ± 0.143 | 0.897 ± 0.090 | 0.939 ± 0.019 | 0.978 ± 0.038 | 0.989 ± 0.020 |
| ablation_n9/ast_parent/ts0_ss1 | 0.800 | 1.000 | 1.000 | 0.000 | 0.800 | 0.000 | 0.824 |
| ablation_n9/ast_parent/ts0_ss2 | 0.800 | 1.000 | 0.667 | 0.000 | 0.889 | 0.000 | 0.933 |
| ablation_n9/ast_parent/ts1_ss0 | 0.400 | 0.800 | 0.667 | 0.000 | 0.909 | 1.000 | 0.875 |
| ablation_n9/ast_parent/ts1_ss2 | 0.500 | 0.857 | 0.500 | 0.000 | 0.889 | 0.000 | 0.737 |
| ablation_n9/ast_parent/ts2_ss0 | 0.500 | 0.667 | 0.667 | 0.500 | 1.000 | 0.500 | 0.875 |
| ablation_n9/ast_parent/ts2_ss1 | 0.800 | 1.000 | 1.000 | 0.000 | 0.800 | 1.000 | 0.824 |
| ablation_n9/callback_risk/ts0_ss1 | 0.667 | 1.000 | 1.000 | 0.000 | 0.800 | 0.000 | 0.824 |
| ablation_n9/callback_risk/ts0_ss2 | 0.800 | 1.000 | 0.667 | 0.000 | 0.889 | 0.000 | 0.933 |
| ablation_n9/callback_risk/ts1_ss0 | 0.800 | 1.000 | 0.667 | 1.000 | 1.000 | 1.000 | 0.750 |
| ablation_n9/callback_risk/ts1_ss2 | 0.800 | 1.000 | 0.500 | 0.000 | 0.889 | 0.000 | 0.700 |
| ablation_n9/callback_risk/ts2_ss0 | 0.500 | 0.800 | 0.667 | 0.667 | 0.909 | 1.000 | 0.750 |
| ablation_n9/callback_risk/ts2_ss1 | 0.800 | 1.000 | 0.000 | 0.000 | 0.800 | 0.000 | 0.824 |
| ablation_n9/cb_frozen/ts0_ss1 | 0.000 | 0.667 | 0.000 | 0.000 | 0.545 | 0.000 | 0.545 |
| ablation_n9/cb_frozen/ts0_ss2 | 0.000 | 0.286 | 0.000 | 0.000 | 0.571 | 0.000 | 0.556 |
| ablation_n9/cb_frozen/ts1_ss0 | 0.000 | 0.667 | 0.000 | 0.000 | 0.667 | 0.000 | 0.182 |
| ablation_n9/cb_frozen/ts1_ss2 | 0.000 | 0.000 | 0.000 | 0.000 | 0.667 | 0.000 | 0.429 |
| ablation_n9/cb_frozen/ts2_ss0 | 0.000 | 0.800 | 0.000 | 0.000 | 0.625 | 0.000 | 0.429 |
| ablation_n9/cb_frozen/ts2_ss1 | 0.000 | 0.667 | 0.000 | 0.000 | 0.571 | 0.000 | 0.571 |
| ablation_n9/cb_func_only/ts0_ss1 | 0.800 | 1.000 | 0.000 | 0.000 | 0.800 | 0.000 | 0.824 |
| ablation_n9/cb_func_only/ts0_ss2 | 0.500 | 1.000 | 0.667 | 0.000 | 0.889 | 0.000 | 0.933 |
| ablation_n9/cb_func_only/ts1_ss0 | 0.500 | 1.000 | 1.000 | 0.000 | 1.000 | 0.667 | 0.923 |
| ablation_n9/cb_func_only/ts1_ss2 | 0.000 | 0.800 | 0.000 | 0.000 | 0.889 | 0.000 | 0.824 |
| ablation_n9/cb_func_only/ts2_ss0 | 0.500 | 1.000 | 0.667 | 1.000 | 0.909 | 1.000 | 0.750 |
| ablation_n9/cb_func_only/ts2_ss1 | 0.667 | 1.000 | 0.000 | 0.000 | 0.800 | 0.000 | 0.750 |
| ablation_n9/cb_node_only/ts0_ss1 | 0.571 | 1.000 | 0.000 | 1.000 | 0.800 | 0.000 | 0.824 |
| ablation_n9/cb_node_only/ts0_ss2 | 0.500 | 0.857 | 0.500 | 1.000 | 0.889 | 0.000 | 0.737 |
| ablation_n9/cb_node_only/ts1_ss0 | 0.400 | 0.800 | 0.000 | 0.000 | 0.909 | 0.000 | 0.875 |
| ablation_n9/cb_node_only/ts1_ss2 | 0.800 | 0.800 | 1.000 | 0.000 | 0.889 | 0.000 | 0.824 |
| ablation_n9/cb_node_only/ts2_ss0 | 0.500 | 0.800 | 0.000 | 0.000 | 0.909 | 0.667 | 0.923 |
| ablation_n9/cb_node_only/ts2_ss1 | 0.800 | 1.000 | 0.000 | 0.000 | 0.800 | 0.000 | 0.750 |
| ablation_n9/cb_rev/ts0_ss1 | 0.800 | 1.000 | 1.000 | 0.667 | 0.800 | 0.000 | 0.824 |
| ablation_n9/cb_rev/ts0_ss2 | 0.800 | 1.000 | 1.000 | 0.000 | 0.889 | 0.000 | 0.875 |
| ablation_n9/cb_rev/ts1_ss0 | 0.500 | 1.000 | 0.000 | 0.000 | 0.909 | 1.000 | 1.000 |
| ablation_n9/cb_rev/ts1_ss2 | 0.800 | 1.000 | 0.500 | 0.000 | 0.889 | 0.000 | 0.700 |
| ablation_n9/cb_rev/ts2_ss0 | 0.500 | 1.000 | 1.000 | 0.000 | 0.909 | 1.000 | 0.857 |
| ablation_n9/cb_rev/ts2_ss1 | 0.800 | 1.000 | 1.000 | 0.000 | 0.800 | 1.000 | 0.824 |
| ablation_n9/cb_unlimited/ts0_ss1 | 0.667 | 1.000 | 1.000 | 0.000 | 0.800 | 0.000 | 0.824 |
| ablation_n9/cb_unlimited/ts0_ss2 | 0.800 | 1.000 | 0.667 | 0.000 | 0.889 | 0.000 | 0.875 |
| ablation_n9/cb_unlimited/ts1_ss0 | 0.400 | 1.000 | 0.667 | 1.000 | 1.000 | 0.667 | 0.700 |
| ablation_n9/cb_unlimited/ts1_ss2 | 0.800 | 1.000 | 0.500 | 0.000 | 0.889 | 0.000 | 0.824 |
| ablation_n9/cb_unlimited/ts2_ss0 | 0.500 | 1.000 | 1.000 | 1.000 | 1.000 | 1.000 | 0.923 |
| ablation_n9/cb_unlimited/ts2_ss1 | 0.800 | 1.000 | 0.500 | 0.000 | 0.800 | 0.500 | 0.824 |
| ablation_n9/cfg_flow/ts0_ss1 | 0.800 | 1.000 | 0.000 | 0.000 | 0.727 | 0.000 | 0.824 |
| ablation_n9/cfg_flow/ts0_ss2 | 0.571 | 0.800 | 0.667 | 0.000 | 0.750 | 0.000 | 0.824 |
| ablation_n9/cfg_flow/ts1_ss0 | 0.400 | 0.800 | 0.667 | 1.000 | 0.909 | 1.000 | 0.667 |
| ablation_n9/cfg_flow/ts1_ss2 | 0.800 | 1.000 | 0.500 | 0.000 | 0.889 | 0.000 | 0.667 |
| ablation_n9/cfg_flow/ts2_ss0 | 0.500 | 0.667 | 1.000 | 0.000 | 0.909 | 0.667 | 0.875 |
| ablation_n9/cfg_flow/ts2_ss1 | 0.800 | 1.000 | 1.000 | 0.667 | 0.800 | 1.000 | 0.778 |
| ablation_n9/dfg_dep/ts0_ss1 | 0.500 | 1.000 | 0.667 | 0.500 | 0.800 | 1.000 | 0.824 |
| ablation_n9/dfg_dep/ts0_ss2 | 0.800 | 1.000 | 1.000 | 0.000 | 0.889 | 0.000 | 0.933 |
| ablation_n9/dfg_dep/ts1_ss0 | 0.571 | 0.800 | 0.500 | 1.000 | 1.000 | 0.667 | 0.706 |
| ablation_n9/dfg_dep/ts1_ss2 | 0.800 | 1.000 | 0.500 | 0.000 | 0.889 | 0.000 | 0.778 |
| ablation_n9/dfg_dep/ts2_ss0 | 0.800 | 1.000 | 0.667 | 1.000 | 1.000 | 0.800 | 0.857 |
| ablation_n9/dfg_dep/ts2_ss1 | 0.667 | 1.000 | 0.667 | 0.667 | 0.800 | 0.500 | 0.824 |
| ablation_n9/dropedge02/ts0_ss1 | 0.667 | 1.000 | 1.000 | 0.000 | 0.800 | 0.000 | 0.824 |
| ablation_n9/dropedge02/ts0_ss2 | 0.800 | 1.000 | 1.000 | 0.000 | 0.889 | 0.000 | 0.933 |
| ablation_n9/dropedge02/ts1_ss0 | 0.400 | 0.800 | 0.667 | 1.000 | 1.000 | 1.000 | 0.750 |
| ablation_n9/dropedge02/ts1_ss2 | 0.800 | 1.000 | 0.500 | 0.000 | 0.889 | 0.000 | 0.875 |
| ablation_n9/dropedge02/ts2_ss0 | 0.500 | 1.000 | 0.667 | 0.667 | 0.909 | 0.800 | 0.857 |
| ablation_n9/dropedge02/ts2_ss1 | 0.800 | 1.000 | 1.000 | 0.000 | 0.800 | 1.000 | 0.824 |
| ablation_n9/feat_base/ts0_ss1 | 0.667 | 1.000 | 1.000 | 0.000 | 0.800 | 0.000 | 0.824 |
| ablation_n9/feat_base/ts0_ss2 | 0.571 | 0.857 | 0.667 | 0.000 | 0.889 | 0.000 | 0.778 |
| ablation_n9/feat_base/ts1_ss0 | 0.400 | 1.000 | 0.667 | 1.000 | 1.000 | 0.667 | 0.632 |
| ablation_n9/feat_base/ts1_ss2 | 0.800 | 1.000 | 0.667 | 0.000 | 0.889 | 0.000 | 0.824 |
| ablation_n9/feat_base/ts2_ss0 | 0.500 | 0.800 | 1.000 | 1.000 | 1.000 | 1.000 | 0.923 |
| ablation_n9/feat_base/ts2_ss1 | 0.800 | 1.000 | 0.500 | 0.000 | 0.800 | 0.500 | 0.824 |
| ablation_n9/feat_base_sem/ts0_ss1 | 0.667 | 1.000 | 1.000 | 0.000 | 0.800 | 0.000 | 0.824 |
| ablation_n9/feat_base_sem/ts0_ss2 | 0.800 | 1.000 | 0.667 | 0.000 | 0.889 | 0.000 | 0.933 |
| ablation_n9/feat_base_sem/ts1_ss0 | 0.400 | 1.000 | 0.667 | 1.000 | 1.000 | 0.667 | 0.750 |
| ablation_n9/feat_base_sem/ts1_ss2 | 0.800 | 1.000 | 0.500 | 0.000 | 0.889 | 0.000 | 0.700 |
| ablation_n9/feat_base_sem/ts2_ss0 | 0.500 | 1.000 | 0.667 | 0.667 | 0.909 | 1.000 | 0.750 |
| ablation_n9/feat_base_sem/ts2_ss1 | 0.800 | 1.000 | 0.500 | 0.000 | 0.800 | 0.500 | 0.824 |
| ablation_n9/hid256/ts0_ss1 | 0.800 | 1.000 | 0.000 | 0.000 | 0.800 | 0.000 | 0.824 |
| ablation_n9/hid256/ts0_ss2 | 0.667 | 1.000 | 1.000 | 0.000 | 0.889 | 0.000 | 0.778 |
| ablation_n9/hid256/ts1_ss0 | 0.667 | 0.571 | 0.667 | 0.000 | 0.833 | 1.000 | 0.778 |
| ablation_n9/hid256/ts1_ss2 | 0.800 | 1.000 | 0.667 | 0.000 | 0.800 | 0.000 | 0.875 |
| ablation_n9/hid256/ts2_ss0 | 0.400 | 1.000 | 0.000 | 0.000 | 0.909 | 0.667 | 0.933 |
| ablation_n9/hid256/ts2_ss1 | 0.667 | 1.000 | 1.000 | 0.000 | 0.800 | 1.000 | 0.778 |
| ablation_n9/layers1/ts0_ss1 | 0.800 | 1.000 | 1.000 | 0.000 | 0.800 | 0.000 | 0.824 |
| ablation_n9/layers1/ts0_ss2 | 0.800 | 1.000 | 0.500 | 0.000 | 0.889 | 0.000 | 0.875 |
| ablation_n9/layers1/ts1_ss0 | 0.500 | 0.667 | 0.000 | 0.667 | 0.833 | 0.667 | 0.875 |
| ablation_n9/layers1/ts1_ss2 | 0.571 | 1.000 | 1.000 | 0.000 | 0.889 | 0.000 | 0.667 |
| ablation_n9/layers1/ts2_ss0 | 0.400 | 1.000 | 1.000 | 0.667 | 0.909 | 0.800 | 1.000 |
| ablation_n9/layers1/ts2_ss1 | 0.800 | 1.000 | 0.000 | 0.000 | 0.800 | 0.000 | 0.750 |
| ablation_n9/layers3/ts0_ss1 | 0.800 | 1.000 | 0.000 | 0.000 | 0.800 | 0.000 | 0.875 |
| ablation_n9/layers3/ts0_ss2 | 0.800 | 1.000 | 0.500 | 0.000 | 0.889 | 0.000 | 0.875 |
| ablation_n9/layers3/ts1_ss0 | 0.500 | 0.800 | 0.000 | 0.000 | 1.000 | 0.000 | 1.000 |
| ablation_n9/layers3/ts1_ss2 | 0.800 | 1.000 | 0.500 | 0.000 | 0.889 | 0.000 | 0.778 |
| ablation_n9/layers3/ts2_ss0 | 0.500 | 0.800 | 0.000 | 0.000 | 0.909 | 1.000 | 0.923 |
| ablation_n9/layers3/ts2_ss1 | 0.800 | 1.000 | 0.000 | 0.000 | 0.800 | 0.000 | 0.875 |
| ablation_n9/lvar_dose_0.01/ts0_ss0 | 0.400 | 1.000 | 0.000 | 0.000 | 0.909 | 0.667 | 1.000 |
| ablation_n9/lvar_dose_0.01/ts0_ss1 | 0.667 | 1.000 | 1.000 | 0.000 | 0.800 | 0.000 | 0.824 |
| ablation_n9/lvar_dose_0.01/ts0_ss2 | 0.800 | 1.000 | 0.667 | 0.000 | 0.889 | 0.000 | 0.933 |
| ablation_n9/lvar_dose_0.01/ts1_ss0 | 0.400 | 1.000 | 0.667 | 1.000 | 0.909 | 0.667 | 0.700 |
| ablation_n9/lvar_dose_0.01/ts1_ss1 | 0.800 | 1.000 | 1.000 | 1.000 | 0.800 | 1.000 | 0.778 |
| ablation_n9/lvar_dose_0.01/ts1_ss2 | 0.800 | 1.000 | 0.667 | 0.000 | 0.889 | 0.000 | 0.824 |
| ablation_n9/lvar_dose_0.01/ts2_ss0 | 0.500 | 0.800 | 1.000 | 0.667 | 1.000 | 1.000 | 0.923 |
| ablation_n9/lvar_dose_0.01/ts2_ss1 | 0.800 | 1.000 | 0.500 | 0.000 | 0.800 | 0.500 | 0.778 |
| ablation_n9/lvar_dose_0.01/ts2_ss2 | 0.800 | 1.000 | 0.667 | 0.000 | 0.889 | 0.000 | 0.800 |
| ablation_n9/lvar_dose_0.1/ts0_ss0 | 0.400 | 1.000 | 0.000 | 0.000 | 0.909 | 0.667 | 1.000 |
| ablation_n9/lvar_dose_0.1/ts0_ss1 | 0.667 | 1.000 | 1.000 | 0.000 | 0.800 | 0.000 | 0.824 |
| ablation_n9/lvar_dose_0.1/ts0_ss2 | 0.571 | 1.000 | 0.667 | 0.000 | 0.889 | 0.000 | 0.737 |
| ablation_n9/lvar_dose_0.1/ts1_ss0 | 0.400 | 1.000 | 0.667 | 1.000 | 0.909 | 0.667 | 0.700 |
| ablation_n9/lvar_dose_0.1/ts1_ss1 | 0.800 | 1.000 | 1.000 | 1.000 | 0.800 | 1.000 | 0.824 |
| ablation_n9/lvar_dose_0.1/ts1_ss2 | 0.800 | 1.000 | 0.667 | 0.000 | 0.889 | 0.000 | 0.875 |
| ablation_n9/lvar_dose_0.1/ts2_ss0 | 0.500 | 0.800 | 1.000 | 0.667 | 1.000 | 1.000 | 0.923 |
| ablation_n9/lvar_dose_0.1/ts2_ss1 | 0.800 | 1.000 | 0.500 | 0.000 | 0.800 | 0.500 | 0.778 |
| ablation_n9/lvar_dose_0.1/ts2_ss2 | 0.800 | 1.000 | 0.667 | 0.000 | 0.889 | 0.000 | 0.800 |
| ablation_n9/lvar_dose_1.0/ts0_ss0 | 0.400 | 1.000 | 0.000 | 0.000 | 0.909 | 0.667 | 1.000 |
| ablation_n9/lvar_dose_1.0/ts0_ss1 | 0.571 | 1.000 | 1.000 | 0.000 | 0.800 | 0.000 | 0.824 |
| ablation_n9/lvar_dose_1.0/ts0_ss2 | 0.500 | 0.857 | 0.667 | 1.000 | 0.889 | 0.000 | 0.737 |
| ablation_n9/lvar_dose_1.0/ts1_ss0 | 0.400 | 0.800 | 0.667 | 1.000 | 0.909 | 0.667 | 0.632 |
| ablation_n9/lvar_dose_1.0/ts1_ss1 | 0.800 | 1.000 | 1.000 | 1.000 | 0.800 | 1.000 | 0.778 |
| ablation_n9/lvar_dose_1.0/ts1_ss2 | 0.800 | 1.000 | 0.667 | 0.000 | 0.889 | 0.000 | 0.778 |
| ablation_n9/lvar_dose_1.0/ts2_ss0 | 0.500 | 0.800 | 0.667 | 0.667 | 1.000 | 1.000 | 0.857 |
| ablation_n9/lvar_dose_1.0/ts2_ss1 | 0.800 | 1.000 | 0.500 | 0.000 | 0.800 | 0.400 | 0.824 |
| ablation_n9/lvar_dose_1.0/ts2_ss2 | 0.800 | 1.000 | 0.400 | 0.000 | 0.889 | 1.000 | 0.700 |
| ablation_n9/meanpool/ts0_ss1 | 0.571 | 1.000 | 1.000 | 0.500 | 0.800 | 1.000 | 0.824 |
| ablation_n9/meanpool/ts0_ss2 | 0.667 | 1.000 | 0.667 | 0.000 | 0.889 | 0.000 | 0.875 |
| ablation_n9/meanpool/ts1_ss0 | 0.500 | 1.000 | 0.667 | 0.000 | 0.909 | 0.667 | 0.800 |
| ablation_n9/meanpool/ts1_ss2 | 0.800 | 1.000 | 0.500 | 0.000 | 0.889 | 0.000 | 0.700 |
| ablation_n9/meanpool/ts2_ss0 | 0.500 | 1.000 | 0.667 | 0.667 | 0.909 | 1.000 | 0.778 |
| ablation_n9/meanpool/ts2_ss1 | 0.800 | 1.000 | 1.000 | 0.667 | 0.800 | 0.500 | 0.824 |
| ablation_n9/no_lvar/ts0_ss1 | 0.667 | 1.000 | 1.000 | 0.000 | 0.800 | 0.000 | 0.824 |
| ablation_n9/no_lvar/ts0_ss2 | 0.800 | 1.000 | 0.667 | 0.000 | 0.889 | 0.000 | 0.933 |
| ablation_n9/no_lvar/ts1_ss0 | 0.400 | 1.000 | 0.667 | 1.000 | 1.000 | 0.667 | 0.632 |
| ablation_n9/no_lvar/ts1_ss2 | 0.800 | 1.000 | 0.667 | 0.000 | 0.889 | 0.000 | 0.824 |
| ablation_n9/no_lvar/ts2_ss0 | 0.500 | 1.000 | 1.000 | 0.667 | 1.000 | 1.000 | 0.923 |
| ablation_n9/no_lvar/ts2_ss1 | 0.800 | 1.000 | 0.500 | 0.000 | 0.800 | 0.500 | 0.824 |
| ablation_n9/no_prior_drop/ts0_ss1 | 0.667 | 1.000 | 1.000 | 0.000 | 0.800 | 0.000 | 0.824 |
| ablation_n9/no_prior_drop/ts0_ss2 | 0.800 | 1.000 | 0.667 | 0.000 | 0.889 | 0.000 | 0.875 |
| ablation_n9/no_prior_drop/ts1_ss0 | 0.400 | 1.000 | 0.667 | 1.000 | 1.000 | 0.667 | 0.632 |
| ablation_n9/no_prior_drop/ts1_ss2 | 0.800 | 1.000 | 0.500 | 0.000 | 0.889 | 0.000 | 0.824 |
| ablation_n9/no_prior_drop/ts2_ss0 | 0.500 | 1.000 | 0.667 | 0.667 | 0.909 | 1.000 | 0.750 |
| ablation_n9/no_prior_drop/ts2_ss1 | 0.800 | 1.000 | 0.500 | 0.000 | 0.800 | 0.500 | 0.778 |
| ablation_n9/numbases1/ts0_ss1 | 0.667 | 1.000 | 0.000 | 0.000 | 0.800 | 0.000 | 0.875 |
| ablation_n9/numbases1/ts0_ss2 | 0.667 | 1.000 | 0.000 | 0.000 | 0.889 | 0.000 | 0.875 |
| ablation_n9/numbases1/ts1_ss0 | 0.500 | 1.000 | 0.000 | 0.000 | 0.909 | 0.667 | 1.000 |
| ablation_n9/numbases1/ts1_ss2 | 0.800 | 0.500 | 0.000 | 0.000 | 0.889 | 0.000 | 0.875 |
| ablation_n9/numbases1/ts2_ss0 | 0.400 | 0.800 | 0.667 | 0.000 | 0.833 | 1.000 | 1.000 |
| ablation_n9/numbases1/ts2_ss1 | 0.667 | 1.000 | 0.000 | 0.000 | 0.800 | 0.000 | 0.824 |
| ablation_n9/numbases3/ts0_ss1 | 0.800 | 1.000 | 0.000 | 0.000 | 0.800 | 0.000 | 0.824 |
| ablation_n9/numbases3/ts0_ss2 | 0.800 | 1.000 | 0.667 | 0.000 | 0.889 | 0.000 | 0.875 |
| ablation_n9/numbases3/ts1_ss0 | 0.500 | 1.000 | 0.000 | 0.000 | 0.909 | 0.000 | 1.000 |
| ablation_n9/numbases3/ts1_ss2 | 0.800 | 1.000 | 1.000 | 0.000 | 0.889 | 0.000 | 0.875 |
| ablation_n9/numbases3/ts2_ss0 | 0.500 | 1.000 | 0.000 | 0.000 | 1.000 | 0.000 | 1.000 |
| ablation_n9/numbases3/ts2_ss1 | 0.800 | 1.000 | 0.000 | 0.000 | 0.800 | 0.000 | 0.824 |
| ablation_n9/numbases4/ts0_ss1 | 0.800 | 1.000 | 1.000 | 1.000 | 0.800 | 0.000 | 0.824 |
| ablation_n9/numbases4/ts0_ss2 | 0.800 | 1.000 | 0.500 | 1.000 | 0.889 | 0.000 | 0.700 |
| ablation_n9/numbases4/ts1_ss0 | 0.800 | 0.800 | 1.000 | 1.000 | 0.833 | 1.000 | 0.824 |
| ablation_n9/numbases4/ts1_ss2 | 0.800 | 1.000 | 0.667 | 0.000 | 0.889 | 0.000 | 0.857 |
| ablation_n9/numbases4/ts2_ss0 | 0.333 | 1.000 | 1.000 | 0.667 | 0.909 | 1.000 | 0.933 |
| ablation_n9/numbases4/ts2_ss1 | 0.800 | 1.000 | 0.000 | 0.000 | 0.800 | 0.000 | 0.875 |
| ablation_n9_aug/_base/ts0_ss1 | 1.000 | 1.000 | 1.000 | 1.000 | 1.000 | 1.000 | 1.000 |
| ablation_n9_aug/_base/ts0_ss2 | 1.000 | 0.949 | 0.923 | 1.000 | 0.955 | 1.000 | 0.987 |
| ablation_n9_aug/_base/ts1_ss0 | 0.980 | 0.985 | 0.973 | 1.000 | 1.000 | 0.960 | 0.941 |
| ablation_n9_aug/_base/ts1_ss2 | 1.000 | 0.966 | 0.923 | 1.000 | 0.955 | 1.000 | 0.929 |
| ablation_n9_aug/_base/ts2_ss0 | 0.980 | 1.000 | 0.973 | 1.000 | 1.000 | 1.000 | 0.970 |
| ablation_n9_aug/_base/ts2_ss1 | 1.000 | 1.000 | 1.000 | 1.000 | 1.000 | 1.000 | 1.000 |
| ablation_n9_aug/ast_parent/ts0_ss1 | 1.000 | 1.000 | 1.000 | 1.000 | 1.000 | 1.000 | 1.000 |
| ablation_n9_aug/ast_parent/ts0_ss2 | 1.000 | 0.931 | 0.923 | 1.000 | 0.955 | 1.000 | 0.975 |
| ablation_n9_aug/ast_parent/ts1_ss0 | 0.980 | 1.000 | 1.000 | 1.000 | 1.000 | 1.000 | 0.955 |
| ablation_n9_aug/ast_parent/ts1_ss2 | 1.000 | 0.949 | 0.923 | 0.971 | 0.978 | 1.000 | 0.987 |
| ablation_n9_aug/ast_parent/ts2_ss0 | 0.960 | 1.000 | 1.000 | 1.000 | 1.000 | 1.000 | 0.970 |
| ablation_n9_aug/ast_parent/ts2_ss1 | 1.000 | 1.000 | 1.000 | 1.000 | 1.000 | 1.000 | 1.000 |
| ablation_n9_aug/callback_risk/ts0_ss1 | 1.000 | 1.000 | 1.000 | 1.000 | 1.000 | 1.000 | 1.000 |
| ablation_n9_aug/callback_risk/ts0_ss2 | 1.000 | 0.949 | 0.923 | 1.000 | 0.955 | 1.000 | 0.987 |
| ablation_n9_aug/callback_risk/ts1_ss0 | 0.980 | 0.985 | 0.973 | 1.000 | 1.000 | 1.000 | 0.941 |
| ablation_n9_aug/callback_risk/ts1_ss2 | 1.000 | 0.966 | 0.963 | 0.971 | 0.978 | 1.000 | 0.987 |
| ablation_n9_aug/callback_risk/ts2_ss0 | 0.980 | 0.985 | 0.973 | 1.000 | 1.000 | 1.000 | 0.970 |
| ablation_n9_aug/callback_risk/ts2_ss1 | 1.000 | 1.000 | 1.000 | 1.000 | 1.000 | 1.000 | 1.000 |
| ablation_n9_aug/cb_frozen/ts0_ss1 | 0.800 | 0.969 | 0.955 | 1.000 | 0.947 | 0.923 | 0.932 |
| ablation_n9_aug/cb_frozen/ts0_ss2 | 0.973 | 0.982 | 0.923 | 1.000 | 0.936 | 1.000 | 0.974 |
| ablation_n9_aug/cb_frozen/ts1_ss0 | 0.923 | 0.952 | 0.973 | 1.000 | 0.933 | 1.000 | 0.925 |
| ablation_n9_aug/cb_frozen/ts1_ss2 | 0.947 | 0.945 | 0.889 | 1.000 | 0.917 | 1.000 | 0.895 |
| ablation_n9_aug/cb_frozen/ts2_ss0 | 1.000 | 0.985 | 0.941 | 1.000 | 0.933 | 0.960 | 0.939 |
| ablation_n9_aug/cb_frozen/ts2_ss1 | 1.000 | 0.984 | 0.976 | 0.974 | 1.000 | 0.923 | 0.960 |
| ablation_n9_aug/cb_func_only/ts0_ss1 | 1.000 | 0.969 | 1.000 | 1.000 | 1.000 | 1.000 | 1.000 |
| ablation_n9_aug/cb_func_only/ts0_ss2 | 1.000 | 0.949 | 0.923 | 1.000 | 0.955 | 0.971 | 0.975 |
| ablation_n9_aug/cb_func_only/ts1_ss0 | 0.980 | 0.985 | 0.971 | 1.000 | 1.000 | 1.000 | 0.955 |
| ablation_n9_aug/cb_func_only/ts1_ss2 | 1.000 | 0.966 | 0.923 | 1.000 | 0.955 | 1.000 | 0.987 |
| ablation_n9_aug/cb_func_only/ts2_ss0 | 1.000 | 1.000 | 0.944 | 1.000 | 1.000 | 1.000 | 0.955 |
| ablation_n9_aug/cb_func_only/ts2_ss1 | 1.000 | 1.000 | 1.000 | 1.000 | 1.000 | 1.000 | 1.000 |
| ablation_n9_aug/cb_node_only/ts0_ss1 | 1.000 | 1.000 | 1.000 | 1.000 | 1.000 | 1.000 | 1.000 |
| ablation_n9_aug/cb_node_only/ts0_ss2 | 1.000 | 0.982 | 0.963 | 1.000 | 0.979 | 1.000 | 0.963 |
| ablation_n9_aug/cb_node_only/ts1_ss0 | 0.941 | 0.985 | 1.000 | 0.966 | 1.000 | 1.000 | 0.955 |
| ablation_n9_aug/cb_node_only/ts1_ss2 | 1.000 | 0.949 | 0.963 | 0.971 | 0.978 | 1.000 | 0.987 |
| ablation_n9_aug/cb_node_only/ts2_ss0 | 0.980 | 1.000 | 1.000 | 1.000 | 1.000 | 1.000 | 0.955 |
| ablation_n9_aug/cb_node_only/ts2_ss1 | 1.000 | 0.984 | 1.000 | 1.000 | 0.952 | 1.000 | 1.000 |
| ablation_n9_aug/cb_rev/ts0_ss1 | 0.941 | 1.000 | 1.000 | 1.000 | 1.000 | 1.000 | 1.000 |
| ablation_n9_aug/cb_rev/ts0_ss2 | 1.000 | 0.949 | 0.963 | 1.000 | 0.955 | 1.000 | 0.987 |
| ablation_n9_aug/cb_rev/ts1_ss0 | 0.980 | 1.000 | 1.000 | 1.000 | 1.000 | 1.000 | 0.955 |
| ablation_n9_aug/cb_rev/ts1_ss2 | 1.000 | 0.949 | 1.000 | 1.000 | 0.955 | 1.000 | 0.987 |
| ablation_n9_aug/cb_rev/ts2_ss0 | 0.980 | 1.000 | 0.973 | 1.000 | 1.000 | 1.000 | 0.955 |
| ablation_n9_aug/cb_rev/ts2_ss1 | 1.000 | 1.000 | 1.000 | 1.000 | 1.000 | 1.000 | 0.986 |
| ablation_n9_aug/cb_unlimited/ts0_ss1 | 1.000 | 1.000 | 1.000 | 1.000 | 1.000 | 1.000 | 1.000 |
| ablation_n9_aug/cb_unlimited/ts0_ss2 | 1.000 | 0.949 | 0.923 | 1.000 | 0.955 | 1.000 | 0.987 |
| ablation_n9_aug/cb_unlimited/ts1_ss0 | 0.980 | 0.985 | 0.973 | 1.000 | 1.000 | 1.000 | 0.941 |
| ablation_n9_aug/cb_unlimited/ts1_ss2 | 1.000 | 0.966 | 0.923 | 1.000 | 0.955 | 1.000 | 0.929 |
| ablation_n9_aug/cb_unlimited/ts2_ss0 | 0.980 | 1.000 | 0.973 | 1.000 | 1.000 | 1.000 | 0.955 |
| ablation_n9_aug/cb_unlimited/ts2_ss1 | 1.000 | 1.000 | 1.000 | 1.000 | 1.000 | 1.000 | 1.000 |
| ablation_n9_aug/cfg_flow/ts0_ss1 | 1.000 | 0.954 | 1.000 | 1.000 | 1.000 | 0.963 | 1.000 |
| ablation_n9_aug/cfg_flow/ts0_ss2 | 1.000 | 0.949 | 1.000 | 1.000 | 0.955 | 1.000 | 0.987 |
| ablation_n9_aug/cfg_flow/ts1_ss0 | 0.980 | 1.000 | 1.000 | 1.000 | 1.000 | 0.960 | 0.955 |
| ablation_n9_aug/cfg_flow/ts1_ss2 | 1.000 | 0.949 | 0.963 | 0.971 | 0.978 | 1.000 | 0.987 |
| ablation_n9_aug/cfg_flow/ts2_ss0 | 1.000 | 0.985 | 1.000 | 1.000 | 1.000 | 1.000 | 0.955 |
| ablation_n9_aug/cfg_flow/ts2_ss1 | 1.000 | 1.000 | 1.000 | 1.000 | 1.000 | 1.000 | 1.000 |
| ablation_n9_aug/dfg_dep/ts0_ss1 | 1.000 | 1.000 | 1.000 | 1.000 | 1.000 | 1.000 | 1.000 |
| ablation_n9_aug/dfg_dep/ts0_ss2 | 1.000 | 0.982 | 0.923 | 1.000 | 0.955 | 1.000 | 0.987 |
| ablation_n9_aug/dfg_dep/ts1_ss0 | 0.980 | 0.970 | 0.973 | 1.000 | 1.000 | 1.000 | 0.955 |
| ablation_n9_aug/dfg_dep/ts1_ss2 | 1.000 | 0.947 | 0.923 | 1.000 | 0.955 | 1.000 | 0.987 |
| ablation_n9_aug/dfg_dep/ts2_ss0 | 0.980 | 1.000 | 0.944 | 1.000 | 1.000 | 1.000 | 0.970 |
| ablation_n9_aug/dfg_dep/ts2_ss1 | 1.000 | 1.000 | 1.000 | 1.000 | 1.000 | 1.000 | 1.000 |
| ablation_n9_aug/dropedge02/ts0_ss1 | 0.981 | 1.000 | 1.000 | 1.000 | 1.000 | 1.000 | 1.000 |
| ablation_n9_aug/dropedge02/ts0_ss2 | 1.000 | 0.949 | 0.923 | 0.971 | 0.955 | 1.000 | 0.987 |
| ablation_n9_aug/dropedge02/ts1_ss0 | 0.980 | 0.985 | 0.973 | 1.000 | 1.000 | 1.000 | 0.928 |
| ablation_n9_aug/dropedge02/ts1_ss2 | 1.000 | 0.949 | 0.923 | 0.971 | 0.978 | 1.000 | 0.987 |
| ablation_n9_aug/dropedge02/ts2_ss0 | 0.980 | 1.000 | 1.000 | 1.000 | 1.000 | 1.000 | 0.970 |
| ablation_n9_aug/dropedge02/ts2_ss1 | 1.000 | 1.000 | 1.000 | 1.000 | 1.000 | 1.000 | 1.000 |
| ablation_n9_aug/feat_base/ts0_ss1 | 1.000 | 1.000 | 1.000 | 1.000 | 1.000 | 1.000 | 1.000 |
| ablation_n9_aug/feat_base/ts0_ss2 | 1.000 | 0.949 | 0.923 | 1.000 | 0.955 | 1.000 | 0.987 |
| ablation_n9_aug/feat_base/ts1_ss0 | 0.980 | 0.985 | 0.973 | 1.000 | 1.000 | 1.000 | 0.941 |
| ablation_n9_aug/feat_base/ts1_ss2 | 1.000 | 0.966 | 0.923 | 1.000 | 0.955 | 1.000 | 0.929 |
| ablation_n9_aug/feat_base/ts2_ss0 | 0.980 | 1.000 | 0.973 | 1.000 | 1.000 | 1.000 | 0.970 |
| ablation_n9_aug/feat_base/ts2_ss1 | 1.000 | 1.000 | 1.000 | 1.000 | 1.000 | 1.000 | 1.000 |
| ablation_n9_aug/feat_base_sem/ts0_ss1 | 1.000 | 1.000 | 1.000 | 1.000 | 1.000 | 1.000 | 1.000 |
| ablation_n9_aug/feat_base_sem/ts0_ss2 | 1.000 | 0.949 | 0.923 | 1.000 | 0.955 | 1.000 | 0.987 |
| ablation_n9_aug/feat_base_sem/ts1_ss0 | 0.980 | 0.985 | 0.973 | 1.000 | 1.000 | 1.000 | 0.941 |
| ablation_n9_aug/feat_base_sem/ts1_ss2 | 1.000 | 0.966 | 0.923 | 1.000 | 0.955 | 1.000 | 0.929 |
| ablation_n9_aug/feat_base_sem/ts2_ss0 | 0.980 | 1.000 | 0.973 | 1.000 | 1.000 | 1.000 | 0.970 |
| ablation_n9_aug/feat_base_sem/ts2_ss1 | 1.000 | 1.000 | 1.000 | 1.000 | 1.000 | 1.000 | 1.000 |
| ablation_n9_aug/hid256/ts0_ss1 | 1.000 | 1.000 | 1.000 | 1.000 | 1.000 | 1.000 | 1.000 |
| ablation_n9_aug/hid256/ts0_ss2 | 1.000 | 0.982 | 0.963 | 0.944 | 0.957 | 1.000 | 0.987 |
| ablation_n9_aug/hid256/ts1_ss0 | 0.980 | 0.985 | 0.973 | 1.000 | 1.000 | 1.000 | 0.955 |
| ablation_n9_aug/hid256/ts1_ss2 | 1.000 | 0.931 | 0.923 | 1.000 | 0.955 | 1.000 | 0.987 |
| ablation_n9_aug/hid256/ts2_ss0 | 0.980 | 1.000 | 1.000 | 1.000 | 1.000 | 1.000 | 0.955 |
| ablation_n9_aug/hid256/ts2_ss1 | 1.000 | 0.969 | 1.000 | 1.000 | 1.000 | 1.000 | 1.000 |
| ablation_n9_aug/layers1/ts0_ss1 | 1.000 | 1.000 | 1.000 | 1.000 | 1.000 | 1.000 | 1.000 |
| ablation_n9_aug/layers1/ts0_ss2 | 1.000 | 0.966 | 1.000 | 1.000 | 0.979 | 1.000 | 1.000 |
| ablation_n9_aug/layers1/ts1_ss0 | 0.980 | 0.985 | 0.971 | 1.000 | 1.000 | 1.000 | 0.970 |
| ablation_n9_aug/layers1/ts1_ss2 | 0.947 | 0.949 | 0.963 | 1.000 | 1.000 | 1.000 | 1.000 |
| ablation_n9_aug/layers1/ts2_ss0 | 0.980 | 1.000 | 0.973 | 1.000 | 1.000 | 1.000 | 0.955 |
| ablation_n9_aug/layers1/ts2_ss1 | 1.000 | 1.000 | 1.000 | 1.000 | 1.000 | 1.000 | 1.000 |
| ablation_n9_aug/layers3/ts0_ss1 | 1.000 | 1.000 | 1.000 | 1.000 | 1.000 | 1.000 | 1.000 |
| ablation_n9_aug/layers3/ts0_ss2 | 1.000 | 0.966 | 0.923 | 1.000 | 0.955 | 1.000 | 0.987 |
| ablation_n9_aug/layers3/ts1_ss0 | 0.960 | 1.000 | 1.000 | 1.000 | 0.963 | 1.000 | 0.955 |
| ablation_n9_aug/layers3/ts1_ss2 | 0.973 | 0.949 | 1.000 | 0.944 | 0.978 | 1.000 | 0.987 |
| ablation_n9_aug/layers3/ts2_ss0 | 0.980 | 1.000 | 0.973 | 1.000 | 1.000 | 1.000 | 0.941 |
| ablation_n9_aug/layers3/ts2_ss1 | 1.000 | 1.000 | 1.000 | 1.000 | 1.000 | 1.000 | 1.000 |
| ablation_n9_aug/meanpool/ts0_ss1 | 1.000 | 1.000 | 1.000 | 1.000 | 1.000 | 1.000 | 1.000 |
| ablation_n9_aug/meanpool/ts0_ss2 | 0.973 | 0.982 | 1.000 | 0.971 | 0.957 | 1.000 | 0.975 |
| ablation_n9_aug/meanpool/ts1_ss0 | 0.941 | 0.985 | 0.973 | 1.000 | 1.000 | 1.000 | 0.941 |
| ablation_n9_aug/meanpool/ts1_ss2 | 1.000 | 0.982 | 1.000 | 0.971 | 0.978 | 1.000 | 0.987 |
| ablation_n9_aug/meanpool/ts2_ss0 | 0.960 | 0.985 | 1.000 | 1.000 | 1.000 | 1.000 | 0.955 |
| ablation_n9_aug/meanpool/ts2_ss1 | 1.000 | 1.000 | 1.000 | 1.000 | 1.000 | 1.000 | 1.000 |
| ablation_n9_aug/no_lvar/ts0_ss1 | 1.000 | 1.000 | 1.000 | 1.000 | 1.000 | 1.000 | 1.000 |
| ablation_n9_aug/no_lvar/ts0_ss2 | 1.000 | 0.949 | 0.923 | 1.000 | 0.955 | 1.000 | 0.987 |
| ablation_n9_aug/no_lvar/ts1_ss0 | 0.980 | 0.985 | 0.973 | 1.000 | 1.000 | 0.960 | 0.941 |
| ablation_n9_aug/no_lvar/ts1_ss2 | 1.000 | 0.966 | 0.923 | 1.000 | 0.955 | 1.000 | 0.929 |
| ablation_n9_aug/no_lvar/ts2_ss0 | 0.980 | 0.985 | 0.973 | 1.000 | 1.000 | 1.000 | 0.970 |
| ablation_n9_aug/no_lvar/ts2_ss1 | 1.000 | 1.000 | 1.000 | 1.000 | 1.000 | 1.000 | 1.000 |
| ablation_n9_aug/no_prior_drop/ts0_ss1 | 1.000 | 1.000 | 1.000 | 1.000 | 1.000 | 1.000 | 1.000 |
| ablation_n9_aug/no_prior_drop/ts0_ss2 | 1.000 | 0.949 | 0.923 | 1.000 | 0.955 | 1.000 | 0.987 |
| ablation_n9_aug/no_prior_drop/ts1_ss0 | 0.980 | 0.985 | 0.973 | 1.000 | 1.000 | 1.000 | 0.941 |
| ablation_n9_aug/no_prior_drop/ts1_ss2 | 1.000 | 0.966 | 0.923 | 1.000 | 0.955 | 1.000 | 0.929 |
| ablation_n9_aug/no_prior_drop/ts2_ss0 | 0.980 | 1.000 | 0.973 | 1.000 | 1.000 | 1.000 | 0.970 |
| ablation_n9_aug/no_prior_drop/ts2_ss1 | 1.000 | 1.000 | 1.000 | 1.000 | 1.000 | 1.000 | 1.000 |
| ablation_n9_aug/numbases1/ts0_ss1 | 1.000 | 1.000 | 1.000 | 1.000 | 1.000 | 1.000 | 1.000 |
| ablation_n9_aug/numbases1/ts0_ss2 | 1.000 | 0.982 | 0.923 | 1.000 | 0.978 | 1.000 | 0.987 |
| ablation_n9_aug/numbases1/ts1_ss0 | 0.980 | 1.000 | 0.971 | 1.000 | 1.000 | 1.000 | 0.955 |
| ablation_n9_aug/numbases1/ts1_ss2 | 1.000 | 0.947 | 0.923 | 1.000 | 0.955 | 1.000 | 1.000 |
| ablation_n9_aug/numbases1/ts2_ss0 | 0.980 | 1.000 | 0.973 | 1.000 | 1.000 | 1.000 | 0.941 |
| ablation_n9_aug/numbases1/ts2_ss1 | 1.000 | 1.000 | 1.000 | 1.000 | 1.000 | 1.000 | 1.000 |
| ablation_n9_aug/numbases3/ts0_ss1 | 1.000 | 1.000 | 1.000 | 1.000 | 1.000 | 1.000 | 1.000 |
| ablation_n9_aug/numbases3/ts0_ss2 | 1.000 | 1.000 | 0.923 | 1.000 | 1.000 | 1.000 | 0.987 |
| ablation_n9_aug/numbases3/ts1_ss0 | 0.980 | 1.000 | 0.971 | 1.000 | 1.000 | 1.000 | 0.955 |
| ablation_n9_aug/numbases3/ts1_ss2 | 1.000 | 0.982 | 0.923 | 0.971 | 0.955 | 1.000 | 0.987 |
| ablation_n9_aug/numbases3/ts2_ss0 | 0.980 | 0.985 | 0.973 | 1.000 | 1.000 | 1.000 | 0.955 |
| ablation_n9_aug/numbases3/ts2_ss1 | 1.000 | 1.000 | 1.000 | 1.000 | 1.000 | 1.000 | 1.000 |
| ablation_n9_aug/numbases4/ts0_ss1 | 1.000 | 0.984 | 1.000 | 1.000 | 1.000 | 0.960 | 1.000 |
| ablation_n9_aug/numbases4/ts0_ss2 | 1.000 | 1.000 | 0.923 | 0.971 | 0.978 | 1.000 | 0.987 |
| ablation_n9_aug/numbases4/ts1_ss0 | 0.980 | 0.970 | 0.971 | 1.000 | 1.000 | 1.000 | 0.912 |
| ablation_n9_aug/numbases4/ts1_ss2 | 1.000 | 0.982 | 0.923 | 1.000 | 0.955 | 1.000 | 0.963 |
| ablation_n9_aug/numbases4/ts2_ss0 | 0.980 | 1.000 | 0.973 | 1.000 | 1.000 | 1.000 | 0.941 |
| ablation_n9_aug/numbases4/ts2_ss1 | 1.000 | 0.954 | 1.000 | 1.000 | 1.000 | 1.000 | 1.000 |
| arch_n9/conv_gat/ts0_ss0 | 0.500 | 1.000 | 0.000 | 0.000 | 1.000 | 0.000 | 1.000 |
| arch_n9/conv_gat/ts0_ss1 | 0.800 | 1.000 | 0.000 | 0.000 | 0.800 | 0.000 | 0.875 |
| arch_n9/conv_gat/ts0_ss2 | 0.500 | 1.000 | 1.000 | 1.000 | 0.800 | 0.000 | 0.933 |
| arch_n9/conv_gat/ts1_ss0 | 0.500 | 1.000 | 0.000 | 0.000 | 1.000 | 1.000 | 1.000 |
| arch_n9/conv_gat/ts1_ss1 | 0.800 | 1.000 | 0.000 | 0.000 | 0.800 | 0.000 | 0.824 |
| arch_n9/conv_gat/ts1_ss2 | 0.500 | 0.500 | 0.000 | 0.000 | 0.750 | 0.000 | 0.857 |
| arch_n9/conv_gat/ts2_ss0 | 0.667 | 1.000 | 0.000 | 1.000 | 1.000 | 1.000 | 1.000 |
| arch_n9/conv_gat/ts2_ss1 | 0.667 | 1.000 | 0.000 | 0.000 | 0.800 | 0.000 | 0.824 |
| arch_n9/conv_gat/ts2_ss2 | 0.571 | 1.000 | 0.000 | 0.000 | 0.889 | 0.000 | 0.933 |
| arch_n9/conv_gcn/ts0_ss0 | 0.571 | 1.000 | 0.667 | 0.667 | 0.909 | 0.800 | 0.933 |
| arch_n9/conv_gcn/ts0_ss1 | 0.800 | 1.000 | 1.000 | 0.000 | 0.800 | 0.000 | 0.824 |
| arch_n9/conv_gcn/ts0_ss2 | 0.667 | 1.000 | 0.500 | 1.000 | 0.727 | 0.667 | 0.778 |
| arch_n9/conv_gcn/ts1_ss0 | 0.400 | 1.000 | 0.667 | 1.000 | 0.909 | 1.000 | 0.778 |
| arch_n9/conv_gcn/ts1_ss1 | 0.800 | 1.000 | 0.000 | 0.000 | 0.800 | 0.000 | 0.824 |
| arch_n9/conv_gcn/ts1_ss2 | 0.800 | 1.000 | 1.000 | 0.000 | 0.889 | 0.000 | 0.875 |
| arch_n9/conv_gcn/ts2_ss0 | 0.667 | 1.000 | 0.500 | 1.000 | 0.909 | 1.000 | 1.000 |
| arch_n9/conv_gcn/ts2_ss1 | 0.500 | 0.800 | 1.000 | 0.000 | 0.800 | 0.000 | 0.824 |
| arch_n9/conv_gcn/ts2_ss2 | 0.800 | 1.000 | 0.667 | 0.000 | 0.889 | 0.000 | 0.824 |
| arch_n9/conv_sage/ts0_ss0 | 0.667 | 1.000 | 0.667 | 0.000 | 1.000 | 0.000 | 1.000 |
| arch_n9/conv_sage/ts0_ss1 | 0.800 | 1.000 | 0.000 | 0.000 | 0.800 | 0.000 | 0.824 |
| arch_n9/conv_sage/ts0_ss2 | 0.800 | 1.000 | 0.667 | 0.000 | 0.889 | 0.000 | 0.933 |
| arch_n9/conv_sage/ts1_ss0 | 0.667 | 1.000 | 0.000 | 0.000 | 1.000 | 0.000 | 1.000 |
| arch_n9/conv_sage/ts1_ss1 | 0.800 | 1.000 | 0.000 | 0.000 | 0.800 | 0.000 | 0.778 |
| arch_n9/conv_sage/ts1_ss2 | 0.800 | 1.000 | 1.000 | 0.000 | 0.889 | 0.000 | 0.933 |
| arch_n9/conv_sage/ts2_ss0 | 0.800 | 0.571 | 0.667 | 1.000 | 1.000 | 1.000 | 0.875 |
| arch_n9/conv_sage/ts2_ss1 | 0.800 | 1.000 | 0.000 | 0.000 | 0.800 | 0.000 | 0.824 |
| arch_n9/conv_sage/ts2_ss2 | 0.800 | 1.000 | 1.000 | 0.000 | 0.889 | 0.000 | 0.933 |
| arch_n9/gat_pm/ts0_ss0 | 0.500 | 1.000 | 1.000 | 1.000 | 0.833 | 1.000 | 1.000 |
| arch_n9/gat_pm/ts0_ss1 | 0.800 | 1.000 | 1.000 | 0.000 | 0.800 | 0.000 | 0.824 |
| arch_n9/gat_pm/ts0_ss2 | 0.500 | 1.000 | 1.000 | 0.000 | 0.889 | 0.000 | 0.933 |
| arch_n9/gat_pm/ts1_ss0 | 0.667 | 1.000 | 1.000 | 0.000 | 0.909 | 1.000 | 0.933 |
| arch_n9/gat_pm/ts1_ss1 | 0.800 | 1.000 | 0.000 | 0.000 | 0.800 | 0.000 | 0.824 |
| arch_n9/gat_pm/ts1_ss2 | 0.800 | 1.000 | 0.000 | 0.000 | 0.889 | 0.000 | 0.875 |
| arch_n9/gat_pm/ts2_ss0 | 0.400 | 1.000 | 0.667 | 1.000 | 1.000 | 0.800 | 1.000 |
| arch_n9/gat_pm/ts2_ss1 | 0.800 | 1.000 | 1.000 | 0.667 | 0.800 | 0.000 | 1.000 |
| arch_n9/gat_pm/ts2_ss2 | 0.500 | 1.000 | 1.000 | 1.000 | 0.800 | 1.000 | 0.933 |
| arch_n9/gcn_pm/ts0_ss0 | 0.500 | 0.800 | 1.000 | 0.667 | 0.769 | 1.000 | 0.875 |
| arch_n9/gcn_pm/ts0_ss1 | 0.667 | 1.000 | 1.000 | 0.500 | 0.800 | 0.000 | 0.824 |
| arch_n9/gcn_pm/ts0_ss2 | 0.667 | 1.000 | 0.667 | 1.000 | 0.889 | 0.000 | 0.778 |
| arch_n9/gcn_pm/ts1_ss0 | 0.500 | 1.000 | 1.000 | 0.000 | 0.909 | 1.000 | 1.000 |
| arch_n9/gcn_pm/ts1_ss1 | 0.667 | 1.000 | 1.000 | 0.667 | 0.800 | 0.000 | 0.824 |
| arch_n9/gcn_pm/ts1_ss2 | 0.800 | 0.500 | 0.000 | 0.000 | 0.889 | 0.000 | 0.824 |
| arch_n9/gcn_pm/ts2_ss0 | 0.400 | 1.000 | 1.000 | 1.000 | 1.000 | 1.000 | 0.933 |
| arch_n9/gcn_pm/ts2_ss1 | 0.800 | 1.000 | 0.667 | 0.500 | 0.800 | 1.000 | 0.824 |
| arch_n9/gcn_pm/ts2_ss2 | 0.800 | 1.000 | 1.000 | 0.000 | 0.889 | 0.000 | 0.933 |
| arch_n9/hid256_pm/ts0_ss0 | 0.667 | 1.000 | 1.000 | 0.000 | 1.000 | 1.000 | 1.000 |
| arch_n9/hid256_pm/ts0_ss1 | 0.800 | 1.000 | 0.000 | 0.000 | 0.800 | 0.000 | 0.824 |
| arch_n9/hid256_pm/ts0_ss2 | 0.500 | 1.000 | 0.667 | 0.000 | 0.889 | 0.000 | 0.933 |
| arch_n9/hid256_pm/ts1_ss0 | 0.500 | 1.000 | 0.000 | 0.000 | 1.000 | 0.000 | 1.000 |
| arch_n9/hid256_pm/ts1_ss1 | 0.800 | 1.000 | 0.000 | 0.000 | 0.800 | 0.000 | 0.824 |
| arch_n9/hid256_pm/ts1_ss2 | 0.667 | 0.857 | 0.500 | 1.000 | 0.889 | 0.000 | 0.667 |
| arch_n9/hid256_pm/ts2_ss0 | 0.571 | 1.000 | 0.667 | 1.000 | 0.833 | 0.667 | 1.000 |
| arch_n9/hid256_pm/ts2_ss1 | 0.500 | 0.800 | 0.500 | 0.400 | 0.800 | 0.500 | 0.824 |
| arch_n9/hid256_pm/ts2_ss2 | 0.667 | 1.000 | 0.500 | 0.000 | 0.889 | 0.000 | 0.778 |
| arch_n9/sage_pm/ts0_ss0 | 0.667 | 1.000 | 1.000 | 0.000 | 0.833 | 1.000 | 0.778 |
| arch_n9/sage_pm/ts0_ss1 | 0.800 | 1.000 | 0.000 | 0.000 | 0.800 | 0.000 | 0.750 |
| arch_n9/sage_pm/ts0_ss2 | 0.800 | 1.000 | 1.000 | 0.000 | 0.889 | 0.000 | 0.875 |
| arch_n9/sage_pm/ts1_ss0 | 0.667 | 0.800 | 0.667 | 0.000 | 1.000 | 1.000 | 0.778 |
| arch_n9/sage_pm/ts1_ss1 | 0.800 | 1.000 | 0.000 | 0.000 | 0.800 | 0.000 | 0.824 |
| arch_n9/sage_pm/ts1_ss2 | 0.800 | 1.000 | 0.667 | 0.000 | 0.889 | 0.000 | 0.875 |
| arch_n9/sage_pm/ts2_ss0 | 0.667 | 1.000 | 1.000 | 0.667 | 1.000 | 1.000 | 1.000 |
| arch_n9/sage_pm/ts2_ss1 | 0.800 | 1.000 | 0.000 | 0.000 | 0.800 | 0.000 | 0.824 |
| arch_n9/sage_pm/ts2_ss2 | 0.800 | 1.000 | 0.667 | 0.000 | 0.889 | 0.000 | 0.778 |
| augmentation | 0.993 ± 0.012 | 0.994 ± 0.010 | 0.991 ± 0.016 | 1.000 ± 0.000 | 0.979 ± 0.037 | 1.000 ± 0.000 | 0.990 ± 0.017 |
| augmentation_dedup | 0.871 ± 0.127 | 0.959 ± 0.012 | 0.957 ± 0.014 | 0.974 ± 0.044 | 0.934 ± 0.072 | 0.982 ± 0.030 | 0.954 ± 0.042 |
| baseline_arch_buggy/gat | 0.871 ± 0.132 | 0.924 ± 0.030 | 0.878 ± 0.107 | 0.944 ± 0.049 | 0.965 ± 0.031 | 0.978 ± 0.038 | 0.989 ± 0.020 |
| baseline_arch_buggy/gcn | 0.919 ± 0.089 | 0.941 ± 0.000 | 0.897 ± 0.118 | 0.970 ± 0.052 | 0.965 ± 0.031 | 1.000 ± 0.000 | 0.963 ± 0.039 |
| baseline_arch_buggy/sage | 0.853 ± 0.200 | 0.880 ± 0.008 | 0.857 ± 0.143 | 0.919 ± 0.083 | 0.934 ± 0.039 | 0.978 ± 0.038 | 0.916 ± 0.117 |
| baseline_gcn | 0.724 ± 0.132 | 1.000 ± 0.000 | 0.444 ± 0.385 | 0.222 ± 0.385 | 0.866 ± 0.058 | 0.267 ± 0.462 | 0.860 ± 0.063 |
| baseline_gcn_aug | 0.987 ± 0.023 | 0.968 ± 0.031 | 0.965 ± 0.039 | 0.990 ± 0.016 | 0.993 ± 0.013 | 1.000 ± 0.000 | 0.977 ± 0.022 |
| binary_arm/aug_base/base_ts3_ss0 | 0.941 | 0.969 | 0.941 | 1.000 | 0.933 | 1.000 | 0.892 |
| binary_arm/aug_base/base_ts3_ss1 | 0.962 | 0.954 | 1.000 | 1.000 | 0.909 | 0.929 | 0.928 |
| binary_arm/aug_base/base_ts3_ss2 | 0.971 | 0.982 | 0.963 | 0.971 | 0.917 | 1.000 | 0.901 |
| binary_arm/aug_base/base_ts4_ss0 | 1.000 | 0.985 | 0.914 | 0.966 | 0.933 | 0.909 | 0.886 |
| binary_arm/aug_base/base_ts4_ss1 | 0.833 | 0.984 | 0.816 | 0.950 | 0.900 | 0.880 | 0.880 |
| binary_arm/aug_base/base_ts4_ss2 | 0.971 | 0.982 | 0.923 | 1.000 | 0.936 | 0.971 | 0.911 |
| binary_arm/aug_base/base_ts5_ss0 | 0.960 | 0.935 | 0.941 | 1.000 | 0.875 | 1.000 | 0.912 |
| binary_arm/aug_base/base_ts5_ss1 | 0.941 | 0.951 | 0.976 | 0.950 | 0.870 | 0.923 | 0.892 |
| binary_arm/aug_base/base_ts5_ss2 | 1.000 | 0.947 | 0.923 | 0.971 | 0.917 | 1.000 | 0.853 |
| binary_arm/main_base/base_ts3_ss0 | 0.286 | 0.667 | 0.000 | 0.000 | 0.421 | 0.000 | 0.667 |
| binary_arm/main_base/base_ts3_ss1 | 0.000 | 0.667 | 0.000 | 0.000 | 0.571 | 0.000 | 0.667 |
| binary_arm/main_base/base_ts3_ss2 | 0.000 | 0.400 | 0.000 | 0.000 | 0.500 | 0.000 | 0.632 |
| binary_arm/main_base/base_ts4_ss0 | 0.333 | 0.286 | 0.667 | 0.000 | 0.588 | 0.000 | 0.250 |
| binary_arm/main_base/base_ts4_ss1 | 0.000 | 0.667 | 0.000 | 0.000 | 0.727 | 0.000 | 0.545 |
| binary_arm/main_base/base_ts4_ss2 | 0.000 | 0.000 | 0.000 | 0.000 | 0.364 | 0.000 | 0.476 |
| binary_arm/main_base/base_ts5_ss0 | 0.000 | 0.667 | 0.000 | 0.000 | 0.833 | 0.000 | 0.400 |
| binary_arm/main_base/base_ts5_ss1 | 0.000 | 0.667 | 0.000 | 0.000 | 0.533 | 0.000 | 0.706 |
| binary_arm/main_base/base_ts5_ss2 | 0.000 | 0.000 | 0.000 | 0.000 | 0.667 | 0.000 | 0.632 |
| buggy_canon | 0.880 ± 0.154 | 0.906 ± 0.030 | 0.952 ± 0.082 | 0.897 ± 0.090 | 0.984 ± 0.027 | 0.978 ± 0.038 | 0.966 ± 0.033 |
| cbft_study/cbft_ts0_ss0 | 0.400 | 1.000 | 0.000 | 0.000 | 0.909 | 0.667 | 1.000 |
| cbft_study/cbft_ts0_ss1 | 0.667 | 1.000 | 1.000 | 0.000 | 0.800 | 0.000 | 0.824 |
| cbft_study/cbft_ts0_ss2 | 0.800 | 1.000 | 0.667 | 0.000 | 0.889 | 0.000 | 0.933 |
| cbft_study/cbft_ts1_ss0 | 0.400 | 1.000 | 0.667 | 1.000 | 1.000 | 0.667 | 0.700 |
| cbft_study/cbft_ts1_ss1 | 0.800 | 1.000 | 1.000 | 1.000 | 0.800 | 1.000 | 0.778 |
| cbft_study/cbft_ts1_ss2 | 0.800 | 1.000 | 0.667 | 0.000 | 0.889 | 0.000 | 0.824 |
| cbft_study/cbft_ts2_ss0 | 0.500 | 0.800 | 0.667 | 0.667 | 0.909 | 1.000 | 0.800 |
| cbft_study/cbft_ts2_ss1 | 0.800 | 1.000 | 0.500 | 0.000 | 0.800 | 0.500 | 0.824 |
| cbft_study/cbft_ts2_ss2 | 0.800 | 1.000 | 0.667 | 0.000 | 0.889 | 0.000 | 0.800 |
| cbft_study/frozen_ts0_ss0 | 0.000 | 0.400 | 0.000 | 0.000 | 0.588 | 0.000 | 0.533 |
| cbft_study/frozen_ts0_ss1 | 0.000 | 0.667 | 0.000 | 0.000 | 0.545 | 0.000 | 0.545 |
| cbft_study/frozen_ts0_ss2 | 0.000 | 0.286 | 0.000 | 0.000 | 0.571 | 0.000 | 0.556 |
| cbft_study/frozen_ts1_ss0 | 0.000 | 0.667 | 0.000 | 0.000 | 0.667 | 0.000 | 0.182 |
| cbft_study/frozen_ts1_ss1 | 0.000 | 0.667 | 0.000 | 0.000 | 0.714 | 0.000 | 0.571 |
| cbft_study/frozen_ts1_ss2 | 0.000 | 0.000 | 0.000 | 0.000 | 0.667 | 0.000 | 0.429 |
| cbft_study/frozen_ts2_ss0 | 0.000 | 0.800 | 0.000 | 0.000 | 0.625 | 0.000 | 0.429 |
| cbft_study/frozen_ts2_ss1 | 0.000 | 0.667 | 0.000 | 0.000 | 0.571 | 0.000 | 0.571 |
| cbft_study/frozen_ts2_ss2 | 0.400 | 0.400 | 0.000 | 0.000 | 0.600 | 0.000 | 0.364 |
| loss_asl | 0.167 ± 0.289 | 0.467 ± 0.503 | 0.000 ± 0.000 | 0.000 ± 0.000 | 0.564 ± 0.090 | 0.000 ± 0.000 | 0.650 ± 0.161 |
| loss_focal | 0.302 ± 0.287 | 0.333 ± 0.333 | 0.000 ± 0.000 | 0.000 ± 0.000 | 0.650 ± 0.087 | 0.000 ± 0.000 | 0.544 ± 0.089 |
| neardup | 0.000 ± 0.000 | 0.444 ± 0.385 | 0.000 ± 0.000 | 0.000 ± 0.000 | 0.394 ± 0.011 | 0.000 ± 0.000 | 0.537 ± 0.170 |
| pw_unclamped | 0.111 ± 0.192 | 0.306 ± 0.337 | 0.000 ± 0.000 | 0.000 ± 0.000 | 0.556 ± 0.096 | 0.000 ± 0.000 | 0.603 ± 0.021 |
| main | 0.667 ± 0.231 | 1.000 ± 0.000 | 0.556 ± 0.509 | 0.333 ± 0.577 | 0.866 ± 0.058 | 0.556 ± 0.509 | 0.859 ± 0.122 |
| withbuggy | 0.662 ± 0.141 | 0.681 ± 0.155 | 0.716 ± 0.113 | 0.750 ± 0.083 | 0.610 ± 0.223 | 0.785 ± 0.121 | 0.829 ± 0.062 |
| _ablation/ast_parent support_ | 3 | 2 | 1 | 1 | 5 | 2 | 7 | 

> support 为各臂该工作点下的测试集逐类正样本数；support≤2 的类仅描述性呈现（`decisions.md` §13）。

    ✅ aggregate_results perclass
=== [17:08:11] collect_p1_gains（P1 三笔头寸） ===
[p1] 已写 /home/saumarez/projects/deep-learning/SSM-HG/experiments/p1_gains.md（3698 字符，3 张表）
    ✅ collect_p1_gains（P1 三笔头寸）
=== [17:08:11] audit_cb_unlimited_reach（cb_unlimited 触达审计，主库） ===
Traceback (most recent call last):
  File "/home/saumarez/projects/deep-learning/SSM-HG/scripts/audit_cb_unlimited_reach.py", line 341, in <module>
    raise SystemExit(main())
                     ^^^^^^
  File "/home/saumarez/projects/deep-learning/SSM-HG/scripts/audit_cb_unlimited_reach.py", line 193, in main
    r["hit"], r["counts"] = reach_set(canon, var)
                            ^^^^^^^^^^^^^^^^^^^^^
  File "/home/saumarez/projects/deep-learning/SSM-HG/scripts/audit_cb_unlimited_reach.py", line 72, in reach_set
    b, nb = _edges(canon / f.name)
            ^^^^^^^^^^^^^^^^^^^^^^
  File "/home/saumarez/projects/deep-learning/SSM-HG/scripts/audit_cb_unlimited_reach.py", line 60, in _edges
    d = torch.load(path, map_location="cpu")
        ^^^^^^^^^^^^^^^^^^^^^^^^^^^^^^^^^^^^
  File "/home/saumarez/anaconda3/lib/python3.11/site-packages/torch/serialization.py", line 791, in load
    with _open_file_like(f, 'rb') as opened_file:
         ^^^^^^^^^^^^^^^^^^^^^^^^
  File "/home/saumarez/anaconda3/lib/python3.11/site-packages/torch/serialization.py", line 271, in _open_file_like
    return _open_file(name_or_buffer, mode)
           ^^^^^^^^^^^^^^^^^^^^^^^^^^^^^^^^
  File "/home/saumarez/anaconda3/lib/python3.11/site-packages/torch/serialization.py", line 252, in __init__
    super().__init__(open(name, mode))
                     ^^^^^^^^^^^^^^^^
FileNotFoundError: [Errno 2] No such file or directory: '/home/saumarez/projects/deep-learning/SSM-HG/products/alldata/graphs_ft_p2/ss0/asd_0x0000000fdf9eb269b38e39e058f45d7d0ddb60f9__0x0000000fdf9eb269b38e39e058f45d7d0ddb60f9_pyg.pt'
    ❌ audit_cb_unlimited_reach（cb_unlimited 触达审计，主库） rc=1
=== [17:08:12] oof_bootstrap ① ===
[boot] seed0 @val_thr: micro 0.8205 CI [0.6875, 0.9302]（宽 0.2428）
[boot] seed1 @val_thr: micro 0.8372 CI [0.7143, 0.9444]（宽 0.2302）
[boot] seed2 @val_thr: micro 0.8000 CI [0.6285, 0.9268]（宽 0.2983）
→ eval_results/bootstrap/main.json
    ✅ oof_bootstrap ①
=== [17:08:31] ensemble_eval cbft_study ===
[ensemble] ss0: 均值 0.7955 → 集成 0.7600 (-0.0355)
[ensemble] ss1: 均值 0.7849 → 集成 0.8571 (+0.0723)
[ensemble] ss2: 均值 0.8198 → 集成 0.7308 (-0.0891)
→ eval_results/ensemble/cbft_study_cbft.json
    ✅ ensemble_eval cbft_study
=== [17:08:33] collect_dive_comparison（从既有矩阵复算，不重跑推理） ===
[cmp] 已写 /home/saumarez/projects/deep-learning/SSM-HG/eval_results/dive/comparison.json 与 comparison.md（21 臂）
    ✅ collect_dive_comparison（从既有矩阵复算，不重跑推理）
=== [17:08:33] collect_dive_comparison ===
[cmp] 已写 /home/saumarez/projects/deep-learning/SSM-HG/eval_results/dive/comparison.json 与 comparison.md（21 臂）
    ✅ collect_dive_comparison

================ P5 汇总结果 ================
成功 22 条：
  ✅ calibrate ①
  ✅ collect_per_class_f1 --check
  ✅ error_rates ①
  ✅ error_rates 消融
  ✅ error_rates 消融②
  ✅ collect_ablation_results main
  ✅ collect_ablation_results aug
  ✅ collect_ablation_n9 ①（含剂量/架构/PM 臂）
  ✅ collect_ablation_n9 ②
  ✅ collect_perclass_arm
  ✅ collect_three_caliber_tables ①
  ✅ collect_three_caliber_tables buggy
  ✅ collect_baseline_tables（含 buggy 段）
  ✅ collect_buggy_canon_summary
  ✅ check_encoder_promotion
  ✅ aggregate_results overview
  ✅ aggregate_results perclass
  ✅ collect_p1_gains（P1 三笔头寸）
  ✅ oof_bootstrap ①
  ✅ ensemble_eval cbft_study
  ✅ collect_dive_comparison（从既有矩阵复算，不重跑推理）
  ✅ collect_dive_comparison
失败 2 条：
  ❌ calibrate ② (rc=2)
  ❌ audit_cb_unlimited_reach（cb_unlimited 触达审计，主库） (rc=1)
=== P5 DONE [17:08:33] ===
