seed,sample_id,split,y0,y1,y2,y3,y4,y5,y6
0,0x9b13026a4430acbfd3d80d9dea2cebc4e7d1d79a,train,0,0,0,0,0,0,0
0,buggy_110x1c3ac706cf023365004f48da5094ff01c3bed4f2_SafeMath_div,train,1,0,0,0,0,0,0
0,buggy_440xa487ee76c22b629c9c0319f61d34ff0abd821781_CodeFundToken_,train,0,1,0,0,0,0,0
0,integer_overflow_multitx_multifunc_feasible,train,0,1,0,0,0,0,0
0,0xff7a0282d23138dccb55334f1beced4b5ddffb1a,train,0,0,0,0,0,0,0
0,buggy_280x4ffe33e525042cc84c503db5842ecda280f4a805_GreenWorldProject_,train,0,0,0,0,1,0,0
0,buggy_430x57652fc91f522f9eff0b38cdf1d51f5fb5764215_ERC20_balanceOf,train,0,0,0,1,0,0,0
0,0xd2018bfaa266a9ec0a1a84b061640faa009def76,train,0,0,0,0,0,0,1
0,0xfdd369d28168d4ea5eb83f098542a140002feaaa,train,0,0,0,0,0,0,0
0,dos__buggy_23,train,0,0,1,0,0,0,0
0,auction0xd7408546678406f239410acc4f5ac5ca1b633ce5_DragonFarmer_getMyNormalDragons,train,0,0,1,0,0,0,0
0,time_manipulation__buggy_18,train,0,0,0,0,0,1,0
0,buggy_110x61df50dbc9cc7a057148cfbacca7928e016c4c8a_SafeMath_mul,train,0,0,0,0,0,0,1
0,buggy_380x395d3d67f3ef6c626da4a06a7bffecfc4f089b78_SerenityTeamAllocator_unlock,train,0,0,0,0,0,1,0
0,buggy_280x73b774ff2e2bbad413a37db5ea87cdf736b71ef6_BasicToken_balanceOf,train,0,0,0,0,1,0,0
0,buggy_400x63bcfa2aaf618662b76e58eae4ee410f933b47ac_SafeMath_mod,train,0,0,0,0,0,0,1
0,buggy_440x3db60827d65909778ce990a5477fcc6d534ec785_ERC20_balanceOf,train,0,0,0,1,0,0,0
0,reentrancy__buggy_49,train,0,0,0,0,1,0,0
0,buggy_40x2c72ee35637cb6df00f8c07595b564a05f667006_SafeMath_mul,train,0,0,1,0,0,0,0
0,0x06ea256d8a2112aff4f700407e254bae8921811d,train,0,0,0,0,0,0,0
0,lottopollo0x7a8246fd9072b9ed583c34993747b113da6d31d5_SHEX_,train,0,0,0,0,0,1,0
0,buggy_30x73b774ff2e2bbad413a37db5ea87cdf736b71ef6_BasicToken_totalSupply,train,0,0,0,0,0,1,0
0,arithmetic__buggy_24,train,0,1,0,0,0,0,0
0,buggy_320xe0cf47de7cefffd753a3fb95170dc5a4c018e3f5_SafeMath_safeDiv,train,0,1,0,0,0,0,0
0,arithmetic__buggy_47,train,0,1,0,0,0,0,0
0,reentrancy_insecure0x7941f0ff95884f45f965eac9bf1678ed34ef1665_SafeMath_sub,train,0,0,0,0,1,0,0
0,buggy_40x71396a6410249725c5609646c4e449c6c4d41e27_SafeMath_mul,train,0,0,0,0,1,0,0
0,0x524960d55174d912768678d8c606b4d50b79d7b10x2313f908beddcb07565cdb48354523981d3a01c2_ERC20Token_balanceOf,train,0,0,0,0,0,0,1
0,buggy_240xd7ba91b3ede1698a7d1f991d7d5bd9c0c8995a58_Zero_notZero,train,0,0,0,0,0,0,1
0,dos__buggy_18,train,0,0,1,0,0,0,0
0,0x304baed6911a22c95cf6fa7fe74525e28359a529,train,0,0,0,0,0,0,0
0,buggy_440x6da90c566e1f4771a74fe0ce047c3763a5f79e79_SafeMath_div,train,0,0,0,0,1,0,0
0,buggy_380xff7a0282d23138dccb55334f1beced4b5ddffb1a_Ownable_owner,train,1,0,0,0,0,0,0
0,buggy_230x8b79656fc38a04044e495e22fad747126ca305c4_SafeMath_div,train,0,0,0,1,0,0,0
0,0x2972d548497286d18e92b5fa1f8f9139e5653fd20x5985e21f48b47ec33e19a40549f60d3ef7a797f8_ProofOfExistence_publishTopTimeBeat,train,0,0,0,0,0,0,1
0,arithmetic__buggy_18,train,0,1,0,0,0,0,0
0,buggy_380xd1766cc0a81e40d488d16357b590a0d009e0d927_SafeMath_mod,train,0,0,0,0,0,1,0
0,insecure_transfer0x16ea01acb4b0bca2000ee5473348b6937ee6f72f_BasicToken_totalSupply,train,0,1,0,0,0,0,0
0,dos__buggy_49,train,0,0,1,0,0,0,0
0,buggy_400xdee1a3bce0bba1c811f0a50d67ff4fb70e791f60_SafeMath_mul,train,1,0,0,0,0,0,0
0,dos__buggy_44,train,0,0,1,0,0,0,0
0,buggy_400x927c993100ec88012afebf1bff292cf2d4c6317a_Pausable_addDistributionContract,train,0,1,0,0,0,0,0
0,buggy_380xf7be3fefee60736b7602bb75d5d0c6bdc1a88222_DanpiaTestTokens_balanceOf,train,0,0,1,0,0,0,0
0,overflow_single_tx0xf226e38c3007b3d974fc79bcf5a77750035436ee_SafeMath_div,train,0,1,0,0,0,0,0
0,buggy_110xa5b91fbfec2f9a708592f9cd3c9e20becdfcb816_VIPToken_balanceOf,train,1,0,0,0,0,0,0
0,buggy_280x98b89a9947a668c1baa48382de7f4a952ef37b53_Pausable_paused,train,0,0,1,0,0,0,0
0,buggy_230xe25789d1b6f8eed8e421ba6aa9a8c2416efcc229_SafeMath_safeDiv,train,0,0,0,1,0,0,0
0,buggy_30xe0cf1a976503b6e27250d710f7097c004b9a706b_QTMTotal_totalSupply,train,0,0,0,0,0,0,1
0,0x4b71ad9c1a84b9b643aa54fdd66e2dec96e8b152,train,0,0,0,0,0,0,1
0,arithmetic__buggy_40,train,0,1,0,0,0,0,0
0,odds_and_evens,train,0,0,0,1,0,0,0
0,buggy_11buggy_140x309a758f5f33bd4418876b32d38c8d15c59c7799_Controller_Owner_SafeMath_mod,train,0,1,0,0,0,0,0
0,buggy_150x94534caebd1887be3d57179728a670a3436bb443_BasicToken_totalSupply,train,0,0,0,0,1,0,0
0,buggy_30xb70e23a235eb97a5397261be9a85de73eba212c1_ERC20_totalSupply,train,0,0,0,0,1,0,0
0,buggy_440x1c3ac706cf023365004f48da5094ff01c3bed4f2_SafeMath_div,train,0,0,0,1,0,0,0
0,buggy_280xcb9eea7d381094875cf1876da9522ffb4bc59a7c_SafeMath_div,train,0,0,0,1,0,0,0
0,buggy_320x48271aa08d6309895447c067e728e8b140ddf2b4_ERC20_allowance,train,0,0,0,0,0,0,1
0,reentrancy_cross_function,train,0,0,0,0,1,0,0
0,0x0cbe050f75bc8f8c2d6c0d249fea125fd6e1acc90x72ee07223ad92dfd9e37ce03ad795b1aeddd28b4_EthGarden_getBalance,train,0,0,0,0,0,0,1
0,buggy_110x07843efd5be9ed17074b36f84bd42a907c2c2239_SafeMath_mul,train,0,0,0,0,1,0,0
0,buggy_190x44f903884941b591ba1359d62c4cd04f3feb2235_StandardToken_allowance,train,1,0,0,0,0,0,0
0,governmental_survey,train,0,0,0,0,0,1,0
0,0x543a5514c5cd08dd08228f54fbc79ba9b5a47187,train,0,0,0,0,0,0,0
0,buggy_20x488706a24af724795b9a011fc7245d363afe0f2c_SafeMath_div,train,0,0,0,0,0,0,1
0,access_control__buggy_27,train,1,0,0,0,0,0,0
0,buggy_240x420167d87d35c3a249b32ef6225872fbd9ab85d2_SafeMath_mod,train,0,1,0,0,0,0,0
0,buggy_240x5f4506db5b568e103532f84d32a285cdd5aa5751_FixedSupplyToken_balanceOf,train,0,0,0,0,0,0,1
0,0xa46edd6a9a93feec36576ee5048146870ea2c3ae0x81385b32393df2b940f77e06334a548f7d61b9b7_SafeMath_safeDiv,train,0,0,0,0,0,0,1
0,buggy_110x2af3cd240d4a8e6217e4e85a07c5969e7b4d2023_Ownable_owner,train,0,0,0,0,0,0,1
0,0xf2570186500a46986f3139f65afedc2afe4f445d0x091f601d7b6c0c8073d075a1847bafc6872559a4_Clue_totalSupply,train,0,0,0,0,0,0,1
0,buggy_380x6353eadf8d1d4421002332bb9074222b14d54881_SafeMath_max64,train,0,0,0,0,0,0,1
0,buggy_140x01b03903a1660ae507ddbb6224e478bce176c275_SafeMath_mul,train,1,0,0,0,0,0,0
0,buggy_430x39f5be9f4b18830c9bb17cfdb045a4724c3d3b28_MCCIT_setOwner,train,0,0,0,1,0,0,0
0,buggy_380x00fc270c9cc13e878ab5363d00354bebf6f05c15_VNXLU_decimals,train,0,0,0,0,0,0,1
0,buggy_40x64f505822e7144b0dbb7a36c7b35c777d5cddc17_SafeMath_mul,train,0,1,0,0,0,0,0
0,buggy_40x0e5d3380806f947b151fc3c9ba8946453fada97a_BasicToken_totalSupply,train,0,0,0,0,0,0,1
0,0x189fdb81e99c9c1a442a7e4b9cf4a389ca7878b7,train,0,0,0,0,0,0,0
0,buggy_20x61b2d3ea9f1c6b387c985c73d40e8fbfb284e5c7_RC20_totalSupply,train,1,0,0,0,0,0,0
0,0x7d03b834e1f302547e40f1def6bff774c3386526,train,0,0,0,0,0,0,0
0,dos__buggy_20,train,0,0,1,0,0,0,0
0,buggy_40xe0cf47de7cefffd753a3fb95170dc5a4c018e3f5_SafeMath_safeDiv,train,0,1,0,0,0,0,0
0,buggy_280x63bcfa2aaf618662b76e58eae4ee410f933b47ac_SafeMath_mod,train,1,0,0,0,0,0,0
0,buggy_240xde0722169f3e94fa73e1b1ee1aa59b5a73b56bbd_HoloParkGamingToken_,train,0,1,0,0,0,0,0
0,buggy_110x230bd39c5fb6da9086596ec8c347f5d4a666ec06_SafeMath_safeMul,train,0,0,0,0,1,0,0
0,buggy_280x719ca90842a9f4d4fb52251db88703e4bc4a07ca_SafeMath_mul,train,0,0,0,0,0,1,0
0,mapping_write0x13565ed69a6997dada0cc0e2087f08504626d9db_SafeMath_div,train,1,0,0,0,0,0,0
0,0x5c55678808cbc78b90d2f763c56a0abd622908a0,train,0,0,0,0,0,0,0
0,buggy_30x927c993100ec88012afebf1bff292cf2d4c6317a_SafeMath_mul,train,0,0,1,0,0,0,0
0,0x5aa88d2901c68fda244f1d0584400368d2c8e739,train,0,0,0,0,0,0,1
0,uncheck__buggy_50,train,0,0,0,0,0,0,1
0,0xd5967fed03e85d1cce44cab284695b41bc675b5c0xa6fd6f9b44127dbdc02fa1712fbedd21d14b4f20_BCE_BCEToken,train,0,0,0,0,0,0,1
0,buggy_110x68f8b2e7b1a5841724e614758a56ade0482f077e_ERC20PartialLock_lockedOf,train,0,0,1,0,0,0,0
0,0x6316ee5821d02764842689d5437c83e93a81257b,train,0,0,0,0,0,0,0
0,buggy_380x68eb95dc9934e19b86687a10df8e364423240e94_SafeMath_mod,train,0,0,0,0,0,1,0
0,front_running__buggy_40xda9b16706b1891b298d2dd4da3998343fa7e5820_SafeMath_div,train,0,0,0,1,0,0,0
0,access_control__buggy_19,train,1,0,0,0,0,0,0
0,0xd110bb8a24b100c37af7310416e685af807c1f10,train,0,0,0,0,0,0,0
0,0xe82f0742a71a02b9e9ffc142fdcb6eb1ed06fb87,train,0,0,0,0,0,0,1
0,front_running__buggy_20,train,0,0,0,1,0,0,0
0,buggy_270x85d960d4a22c1da47e9f1272ee02f5d023b562fe_SafeMath_mod,train,0,1,0,0,0,0,0
0,wallet_02_refund_nosub0x89c922de9900170d7a95e377665366613d5a718e_SafeERC20_safeTransferFrom,train,1,0,0,0,0,0,0
0,lotto0xef11dcd9f162207d4e751d9afbdea3cb78e6efc1_Ownable_Ownable,train,0,0,0,0,0,0,1
0,reentrancy__buggy_25,train,0,0,0,0,1,0,0
0,0xbf32639b80f5be67654c3304b3928a6d4b9407e6,train,0,0,0,0,0,0,0
0,integer_overflow_mapping_sym_10x6669c10955f8f3a64025ae9793b9a92e777d628d_SafeMath_sub,train,0,1,0,0,0,0,0
0,timelock0xd2fa8f92ea72abb35dbd6deca57173d22db2ba49_SafeMath_max,train,0,1,0,0,0,0,0
0,buggy_400x57ffa14de96e7a761750fdf41c9496214a6dca2a_SafeMath_mod,train,0,0,0,0,0,0,1
0,arithmetic__buggy_19,train,0,1,0,0,0,0,0
0,0xe26668cc7ce5239304b5af8f54b4bd57d11084d2,train,0,0,0,0,0,0,0
0,mishandled0xbe7decf6ec9227263fa29da0b2aa41e3d5a95eec_Ownable_Ownable,train,0,0,0,0,0,0,1
0,0xe4eabdca81e31d9acbc4af76b30f532b6ed7f3bf,train,0,0,0,0,0,0,1
0,0x610495793564aed0f9c7fc48dc4c7c9151d34fd60xf8edd282fe8d781a941176acf61a78434f5227b8_SafeMath_safeDiv,train,0,0,0,0,0,0,1
0,0xb110e378ea8b83dd52d1c5a810a5dcf99bbc96ae,train,0,0,0,0,0,0,0
0,0x19cf8481ea15427a98ba3cdd6d9e14690011ab10,train,0,0,0,0,0,0,1
0,0x4a66ad0bca2d700f11e1f2fc2c106f7d3264504c0xdda928b631cda3535dec1f80c9e92bb74eab5f03_SafeMath_safeDiv,train,0,0,0,0,0,0,1
0,buggy_230x095d7847945c6a496cad77bff0687a1bf367ec4a_SafeMath_mul,train,1,0,0,0,0,0,0
0,buggy_380xa5034d01bb9e14bdd2d59f645a40c4b1ba40545c_SafeMath_mul,train,0,1,0,0,0,0,0
0,buggy_430x697fc9371a33a98078543b777ca7d5c8009d6d0b_Math_min64,train,0,0,1,0,0,0,0
0,buggy_440x65bf93f65961ff6b778d6b7e52c5807a97c2e4f3_CLPT_setOwner,train,0,0,0,1,0,0,0
0,buggy_280xd869755384bbed1c05fc18ee098e829227a1a3eb_SafeMath_mul,train,1,0,0,0,0,0,0
0,0x2107a4aa352d92b73d0ea959a2a02384d68d8bfc,train,0,0,0,0,0,0,0
0,0x0cbe050f75bc8f8c2d6c0d249fea125fd6e1acc90x091f601d7b6c0c8073d075a1847bafc6872559a4_Clue_Clue,train,0,0,0,0,0,0,1
0,0x2d50de5411731843c84232fa7eb807bee7befdf4,train,0,0,0,0,0,0,0
0,0x77a4a5b3007efa19b5d049b914a1271367e27fe4,train,0,0,0,0,0,0,0
0,buggy_400x06a6fc23e6ec8a2b2aeeefd70d772dc3d6b45010_Owned_acceptOwnership,train,1,0,0,0,0,0,0
0,0x6b9d46a223ffa343f8b14d855a8314b0eff7fcb7,train,0,0,0,0,0,0,0
0,buggy_170x00fc270c9cc13e878ab5363d00354bebf6f05c15_VNXLU_decimals,train,0,0,0,0,0,1,0
0,0x84d9ec85c9c568eb332b7226a8f826d897e0a4a8,train,0,0,0,0,0,0,1
0,buggy_400x9cb79101f795287585843d71c1b0a33a0724c2bb_SafeMath_mod,train,0,0,0,1,0,0,0
0,arithmetic__buggy_32,train,0,1,0,0,0,0,0
0,buggy_110x2781246fe707bb15cee3e5ea354e2154a2877b16_ERC20_totalSupply,train,1,0,0,0,0,0,0
0,front_running__buggy_230xcda50305e75b01894dad90be684eb2d6f1c5b0e7_SafeMath_mul,train,0,0,0,1,0,0,0
0,buggy_110x6556d2ec4d96da39cf75cbe50d58fae90079800a_ERC20_balanceOf,train,0,1,0,0,0,0,0
0,0x70f9eddb3931491aab1aeafbc1e7f1ca2a012db40x7a8246fd9072b9ed583c34993747b113da6d31d5_SafeMath_safeDiv,train,0,0,0,0,0,0,1
0,0xd5967fed03e85d1cce44cab284695b41bc675b5c0x580f18c090914eb9edbb3d6a810c9789a91c7ba4_Caller_setEmitter,train,0,0,0,0,0,0,1
0,buggy_20xd0d87c21af72e320d62bed336e543a3938e89b6a_SafeMath_div,train,0,0,1,0,0,0,0
0,buggy_380xcb7156fcc5eb8612cb3856b4f716e938ba761c94_SafeMath_mul,train,0,0,0,1,0,0,0
0,0xdaae09accd32ccdb5d1fe48244d1826f55670704,train,0,0,0,0,0,0,0
0,buggy_400xf8ed6c51762208ff26f8f3e4efd4e06af2da649c_FixedSupplyToken_approve,train,0,0,0,0,0,0,1
0,0xe5a5f138005e19a3e6d0fe68b039397eeef2322b,train,0,0,0,0,0,0,0
0,0x70f9eddb3931491aab1aeafbc1e7f1ca2a012db40x51864bb857b8d4fef57d098e1364803fb66a023d_SafeMath_max256,train,0,0,0,0,0,0,1
0,overflow_simple_add,train,0,1,0,0,0,0,0
0,0x68eb95dc9934e19b86687a10df8e364423240e94,train,0,0,0,0,0,0,0
0,0xd5967fed03e85d1cce44cab284695b41bc675b5c0xa77cf14e0bda66f94873498ed15e1eaf183d2fd0_EtherCartel_getMyShrimp,train,0,0,0,0,0,0,1
0,integer_overflow_10x4b33cd304467988a8ea1e5976bc1de3ad3ac782b_SafeMath_sub,train,0,1,0,0,0,0,0
0,buggy_430x11da3b51a61a7ccab4186e4f89404c501280be3a_TokenERC20_burn,train,0,0,0,0,0,0,1
0,arithmetic__buggy_27,train,0,1,0,0,0,0,0
0,0x4b6ddb08e3ca085dd52266e7fd8ec91010f6f8b5,train,0,0,0,0,0,0,0
0,buggy_270x8fc918368f312ba045495fe67e133a43c67b4bab_BasicToken_totalSupply,train,1,0,0,0,0,0,0
0,buggy_280xc3c14cf95a4f97e18c8c1f9ea8da7ad4e8f81331_SafeMath_mod,train,0,0,0,1,0,0,0
0,mishandled0x1ce865c81e76aafd2003e69acd2d196d19aac144_SafeMath_div,train,0,0,0,0,0,0,1
0,reentrancy_insecure0xb8366948b4a3f07bcbf14eb1739daa42a26b07c4_SafeMath_mul,train,0,0,0,0,1,0,0
0,0x37d40510a2f5bc98aa7a0f7bf4b3453bcfb90ac1,train,0,0,0,0,0,0,0
0,buggy_380x16cee4183eb48e3cb190356700de467c28c4a56f_SafeMath_mul,train,0,0,0,1,0,0,0
0,buggy_30x30521e4ccc4d0494d624394fc275ead318051de8_SafeMath_div,train,0,0,0,0,1,0,0
0,buggy_20x11da3b51a61a7ccab4186e4f89404c501280be3a_TokenERC20_transfer,train,0,0,0,1,0,0,0
0,buggy_140x32470ff2a384becbd33c2b70f3cd4ba6192cb368_Ownable_owner,train,0,0,0,0,1,0,0
0,buggy_230x13cb835c47782dad075ce7faa1f8439b548b712d_LENS_,train,1,0,0,0,0,0,0
0,access_control__buggy_20xc617d51e3a1f621da8ae67b2f652d6ac02eb8d95_SafeMath_safeMul,train,1,0,0,0,0,0,0
0,uncheck__buggy_2,train,0,0,0,0,0,0,1
0,0xb0510d68f210b7db66e8c7c814f22680f2b8d1d6,train,0,0,0,0,0,0,1
0,simple_suicide,train,1,0,0,0,0,0,0
0,tokensalechallenge,train,0,1,0,0,0,0,0
0,uncheck__buggy_24,train,0,0,0,0,0,0,1
0,buggy_110x0f02e27745e3b6e9e1310d19469e2b5d7b5ec99a_ERC20_allowance,train,1,0,0,0,0,0,0
0,overflow_single_tx0xa657a8cfa71397fb360f8d95f372adfd46a57644_CatsCradle_cradle,train,0,1,0,0,0,0,0
0,wallet_03_wrong_constructor0x945192524c6605d20be6c529dd318666b74078bc_ERC20_isAccountFreezed,train,1,0,0,0,0,0,0
0,buggy_320xbf8d8f1242b95dfbae532af6b0f4463905415cc1_SafeMath_mul,train,0,0,0,1,0,0,0
0,buggy_400x36151737b45017234e9570cf9a1cac97138953c2_SafeMath_mod,train,0,1,0,0,0,0,0
0,buggy_230x034f8165470b0a26b8daac1c3cd1cc6156e8294d_Owned_acceptOwnership,train,0,1,0,0,0,0,0
0,mishandled0x2fcc73982cda54b15941eaae842f93a31f879ef2_BasicToken_totalSupply,train,0,0,0,0,0,0,1
0,buggy_230x616a74e4895bfe762da00b95877f25bef0d0d3c8_BasicToken_balanceOf,train,0,0,0,1,0,0,0
0,buggy_430x5975993e36eabeffe58cc254b17e61e6a37a3a19_AbstractToken_balanceOf,train,0,0,0,0,0,0,1
0,0xaffdbbbdd400bb780dea5307b39187d1e9edc1cc,train,0,0,0,0,0,0,0
0,time_manipulation__buggy_38,train,0,0,0,0,0,1,0
0,0x4051334adc52057aca763453820cb0e045076ef3,train,0,0,0,0,0,0,1
0,overflow_single_tx,train,0,1,0,0,0,0,0
0,timelock,train,0,1,0,0,0,0,0
0,uncheck__buggy_45,train,0,0,0,0,0,0,1
0,buggy_10xf6abff616043c2da572573dcc583b656297b30e7_SafeMath_div,train,0,0,0,0,0,0,1
0,arithmetic__buggy_20,train,0,1,0,0,0,0,0
0,uncheck__buggy_33,train,0,0,0,0,0,0,1
0,integer_overflow_10x03966330e7f60c95d2d8dd043735eea901c5e4e0_Ownable_owner,train,0,1,0,0,0,0,0
0,0xc964e81349f3030c0f4bcf3c66d90bdc69d05122,train,0,0,0,0,0,0,0
0,0x06652f356e52681c07d1338bd13b2d80820a9286,train,0,0,0,0,0,0,0
0,buggy_260xa5503c4227bf8c5fcbab84cece74009de5fc3e71_SafeMath_mul,train,0,0,0,0,0,0,1
0,odds_and_evens0x4a57e687b9126435a9b19e4a802113e266adebde_BasicToken_totalSupply,train,0,0,0,1,0,0,0
0,time_manipulation__buggy_4,train,0,0,0,0,0,1,0
0,buggy_150xe702af70291b952cdce5c224a18ab1127c449e79_SafeMath_safeDiv,train,0,0,1,0,0,0,0
0,buggy_270x831b1cf1387c388ed8eae955e895d90b2adb2244_SafeMath_div,train,0,0,0,0,0,0,1
0,0x0371a82e4a9d0a4312f3ee2ac9c6958512891372,train,0,0,0,0,0,0,0
0,0xb7c5c5aa4d42967efe906e1b66cb8df9cebf04f7,train,0,0,0,0,0,0,1
0,front_running__buggy_50,train,0,0,0,1,0,0,0
0,buggy_110x5975993e36eabeffe58cc254b17e61e6a37a3a19_SafeMath_safeDiv,train,0,0,0,0,1,0,0
0,0xd6e33c11cff866162787b7198030aac101a61f29,train,0,0,0,0,0,0,0
0,buggy_260x0597edbd535f2c76780818cd55cae87d7e035f5b_SafeMath_mul,train,0,0,0,1,0,0,0
0,0x524960d55174d912768678d8c606b4d50b79d7b1,train,0,0,0,0,0,0,1
0,buggy_40xebcd0ea69b0f2b9bb23021348e9e31517340073f_SafeMath_div,train,0,0,0,0,1,0,0
0,0xa46edd6a9a93feec36576ee5048146870ea2c3ae0xa1b85dbba00f8d99ad1da05010fcc9e92c4aec60_SafeMath_min256,train,0,0,0,0,0,0,1
0,ERC20,train,0,0,0,1,0,0,0
0,buggy_380x45c998a972e6449858206775d50f3925eb1e5b1b_SafeMath_div,train,1,0,0,0,0,0,0
0,0xa31b1767e09f842ecfd4bc471fe44f830e3891aa,train,0,0,0,0,0,0,0
0,buggy_280x9e92ead7ea826c174cd6a05d172375db60df188d_RadToken_balanceOf,train,0,0,0,0,1,0,0
0,buggy_230x538cc4af284ba376ad5bad0d364fbc9fb302546a_EtherPornStars_buyPremium,train,0,0,0,0,0,0,1
0,buggy_430xcfe17aebf83381a651ceed832767ae7bab7b4055_Pausable_paused,train,0,0,0,0,0,0,1
0,0x1fd169a4f5c59acf79d0fd5d91d1201ef1bce9f1,train,0,0,0,0,0,0,0
0,buggy_220x349c14bca4e70d5ea4a4c08e7cffce51708b4887_ERC20Detailed_decimals,train,0,0,0,1,0,0,0
0,simple_dao0x92a863fd7e33336ed128acbaf0d52e2267f6f575_Ownable_owner,train,0,0,0,0,1,0,0
0,0x81385b32393df2b940f77e06334a548f7d61b9b7,train,0,0,0,0,0,0,0
0,reentrancy__buggy_17,train,0,0,0,0,1,0,0
0,buggy_260xc96df921009b790dffca412375251ed1a2b75c60_SafeMath_mod,train,0,0,0,0,0,0,1
0,timelock0xdbcf6ed2bc28df9d2fa97e6db49a79be7439ee74_ERC20Token_allowance,train,0,1,0,0,0,0,0
0,buggy_400x6eaa66453b4b8d21be737891e1056a1e801ac264_BasicToken_balanceOf,train,0,1,0,0,0,0,0
0,dos__buggy_27,train,0,0,1,0,0,0,0
0,0x6e09b7d6c08bbc5327892013c07b44169e8a9a7c,train,0,0,0,0,0,0,0
0,buggy_430x8da10d1d4e03cd2459ebafb91439a9eba1cef42e_SafeMath_safeMul,train,0,0,0,1,0,0,0
0,proxy0xd90dd9aeff7a347112dd07a892a52dd2d5627877_SafeMath_div,train,1,0,0,0,0,0,0
0,integer_overflow_mapping_sym_10x676abde481967851b0c28e81bde8561e756d75e8_ModulumInvestorsWhitelist_ModulumInvestorsWhitelist,train,0,1,0,0,0,0,0
0,buggy_40xfe3cd0bc540f201afe9fca041b8e444dd053edc1_FucksToken_,train,0,0,1,0,0,0,0
0,buggy_40xcec420a1b66994d1d531805fbb18dbb54691486e_SafeMath_mul,train,0,1,0,0,0,0,0
0,buggy_270x0e5d3380806f947b151fc3c9ba8946453fada97a_SafeMath_div,train,1,0,0,0,0,0,0
0,0xf2570186500a46986f3139f65afedc2afe4f445d0x57929e21bb0de26166d3f3cfa09be0b2bb9f0a9c_CPTXToken_balanceOf,train,0,0,0,0,0,0,1
0,0x2a24e8e824d4e92f397008c99dc9469e0c4c40cf,train,0,0,0,0,0,0,0
0,integer_overflow_benign_10x73779df3f86a4f314655247443db8780a9b9f4cc_SafeMath_div,train,0,1,0,0,0,0,0
0,buggy_380xe26d6d83d8607ab016e3f8a5b00d91b0c9731840_PetTokenSupply_,train,0,1,0,0,0,0,0
0,reentrancy__buggy_38,train,0,0,0,0,1,0,0
0,integer_overflow_mapping_sym_10xdc0168718b22395bcf6bb8888867f3ff03ff5b98_SafeMath_safeMul,train,0,1,0,0,0,0,0
0,buggy_440x41c0332c833398b24095057446a20459d7b4b66d_ERC20_totalSupply,train,0,0,0,0,1,0,0
0,0x109e726df6f2fe1aaf0ca306e1582d305614075b,train,0,0,0,0,0,0,0
0,0xb7d9372dbcedffd7b58a15516e0b156204b764a8,train,0,0,0,0,0,0,0
0,0xf2570186500a46986f3139f65afedc2afe4f445d0x38a4d33e68c9f1488791e0ab5d01c620961d21d4_SafeERC20_safeTransferFrom,train,0,0,0,0,0,0,1
0,0x85954c0adde80c73b019a92c08e0d22f16ac4067,train,0,0,0,0,0,0,0
0,buggy_120x4a57e687b9126435a9b19e4a802113e266adebde_Ownable_Ownable,train,0,0,0,0,0,1,0
0,buggy_280xf8d1254fc324d2e75a5a37f5bd4ca34a20ef460d_BasicToken_balanceOf,train,0,1,0,0,0,0,0
0,buggy_190xafa9ec5eddaa50db06e8ed2c680ac6c81a32e9b7_ERC20_totalSupply,train,1,0,0,0,0,0,0
0,0xf6c9ba140b47d336b0c16c87642a83cacd44857e,train,0,0,0,0,0,0,0
0,buggy_270x4f375b916cdbb1c389385832d8a1e0faabe2ce13_SafeMath_div,train,1,0,0,0,0,0,0
0,reentrancy__buggy_28,train,0,0,0,0,1,0,0
0,buggy_40x36151737b45017234e9570cf9a1cac97138953c2_SafeMath_mul,train,1,0,0,0,0,0,0
0,integer_overflow_mapping_sym_1,train,0,1,0,0,0,0,0
0,time_manipulation__buggy_3,train,0,0,0,0,0,1,0
0,buggy_110x3ee2fd8e38a16f06ab85d684e062c0cf7d0e9a8b_ERC20Detailed_decimals,train,1,0,0,0,0,0,0
0,0xbaa3de6504690efb064420d89e871c27065cdd520xf79c2cc623c9317725712cf1b1b980464507a70a_BasicToken_totalSupply,train,0,0,0,0,0,0,1
0,time_manipulation__buggy_23,train,0,0,0,0,0,1,0
0,buggy_400x4fa3ecf14b8c66215b5e9110d5a13da8f71c5e60_SafeMath_div,train,0,0,0,0,0,0,1
0,buggy_440x56f55be60317948412cba68bd89f1ab1365d7da6_Edunut_balanceOf,train,0,0,0,0,0,0,1
0,0xb7c5c5aa4d42967efe906e1b66cb8df9cebf04f70x07c344edd719a356775e1fbd852c63dc46167b76_SafeMath_div,train,0,0,0,0,0,0,1
0,buggy_30x00fc270c9cc13e878ab5363d00354bebf6f05c15_VNXLU_,train,0,0,0,1,0,0,0
0,simple_dao,train,0,0,0,0,1,0,0
0,0x31c70e9a1bab16f47710e4b302c49998cfb36ef9,train,0,0,0,0,0,0,0
0,auction,train,0,0,1,0,0,0,0
0,dos_simple,train,0,0,1,0,0,0,0
0,buggy_40xba50933c268f567bdc86e1ac131be072c6b0b71a_Ownable_owner,train,0,0,0,1,0,0,0
0,buggy_280x54a217897273a50fb646c1cfc057d8abbf3433de_SafeMath_mod,train,0,0,0,0,0,0,1
0,dos__buggy_34,train,0,0,1,0,0,0,0
0,0x1ce00ddca2854ff2ddc7962575c49d2ba9c1243a,train,0,0,0,0,0,0,0
0,buggy_190xcbf15fb8246f679f9df0135881cb29a3746f734b_ERC20_allowance,train,0,0,0,1,0,0,0
0,time_manipulation__buggy_32,train,0,0,0,0,0,1,0
0,mycontract,train,1,0,0,0,0,0,0
0,buggy_260x94d72c6394b32886e6e2afec9865d492f2c23346_Klixio_,train,0,1,0,0,0,0,0
0,buggy_240x697fc9371a33a98078543b777ca7d5c8009d6d0b_SafeMath_div,train,0,1,0,0,0,0,0
0,eth_tx_order_dependence_minimal0xedf44412b47a76e452fd133794e45d9485e4cd4b_Pausable_paused,train,0,0,0,1,0,0,0
0,0x4a57e687b9126435a9b19e4a802113e266adebde,train,0,0,0,0,0,0,0
0,reentrance0x9e86da479dfdbc618d0a46759555154bdb06d06d_SafeMath_safeMul,train,0,0,0,0,1,0,0
0,timelock0x081528cdadfca02b74dae6547d04d391c9a698fb_test_transfer,train,0,1,0,0,0,0,0
0,buggy_270xf9c27de474cce832fad75107853b78838888ac11_SafeMath_mul,train,0,0,0,0,0,0,1
0,buggy_190xc760721eb65aa6b0a634df6a008887c48813ff63_SafeMath_mul,train,0,0,0,0,1,0,0
0,buggy_240x366cf49c6bc3986b20ecf4fd7c05f0c617332e8c_SafeMath_mod,train,1,0,0,0,0,0,0
0,buggy_40x65565ae3ef290215c87e956065a451e4b40e1823_TokenTimelock_releaseTime,train,0,0,0,0,0,0,1
0,0x305de070488c8469dfac957226c9c900c4bfba22,train,0,0,0,0,0,0,0
0,buggy_380x459c780413b46552e2314f5840cab416e4b689af_CalegariToken_,train,0,0,0,0,0,0,1
0,integer_overflow_mul0x05112a2d23b817c6471d4f7981b26f1cecec25d3_ETHERCFeeModifiers_ETHERCFeeModifiers,train,0,1,0,0,0,0,0
0,buggy_140x366cf49c6bc3986b20ecf4fd7c05f0c617332e8c_ERC721_balanceOf,train,0,1,0,0,0,0,0
0,0x0675daa94725a528b05a3a88635c03ea964bfa7e,train,0,0,0,0,0,0,0
0,token0xd8c3427412911b39e184cd47f1d58dd8c85e270d_Crowdsale_unlockTime,train,0,1,0,0,0,0,0
0,0xceec7aaa57e3a77c73a9954b9b7d5b32ab688318,train,0,0,0,0,0,0,0
0,buggy_40x5edf5432c6dc5b42c9ec01fa9443c3ac89ca9686_SafeMath_div,train,0,0,0,0,0,0,1
0,buggy_230x75d2befc8d167cf8a6af89fdef944bb12bfb87b0_TronRegister_get,train,0,0,0,0,0,0,1
0,0x2822f6d1b2f41f93f33d937bc7d84a8dfa4f4c21,train,0,0,0,0,0,0,0
0,buggy_20x07843efd5be9ed17074b36f84bd42a907c2c2239_ERC20_balanceOf,train,1,0,0,0,0,0,0
0,buggy_10x9212d24bcfb04ea8d416010f2c91d7c0f1f9eb77_Ownable_owner,train,0,0,0,0,0,0,1
0,reentrancy__buggy_47,train,0,0,0,0,1,0,0
0,unprotected0,train,1,0,0,0,0,0,0
0,uncheck__buggy_44,train,0,0,0,0,0,0,1
0,buggy_190xcb7156fcc5eb8612cb3856b4f716e938ba761c94_SafeMath_mul,train,0,0,0,0,0,0,1
0,dos__buggy_47,train,0,0,1,0,0,0,0
0,etherstore,train,0,0,0,0,1,0,0
0,buggy_380xcfe17aebf83381a651ceed832767ae7bab7b4055_SafeMath_div,train,1,0,0,0,0,0,0
0,buggy_360x2c72ee35637cb6df00f8c07595b564a05f667006_SafeERC20_safeApprove,train,0,0,0,0,0,1,0
0,access_control__buggy_49,train,1,0,0,0,0,0,0
0,uncheck__buggy_31,train,0,0,0,0,0,0,1
0,0xc4b6c9323f9840e0b2b2a0e65b5dc172378fb9c4,train,0,0,0,0,0,0,0
0,buggy_260x6ee10c4c566166135c8de574ce63f583afc6d2b2_WalletPausable_walletPausable,train,1,0,0,0,0,0,0
0,time_manipulation__buggy_19,train,0,0,0,0,0,1,0
0,simple_suicide0xb8ee28585a0b029923f396be0d7e82719e42360f_SafeMathLibExt_minus,train,1,0,0,0,0,0,0
0,dos__buggy_4,train,0,0,1,0,0,0,0
0,dos__buggy_33,train,0,0,1,0,0,0,0
0,buggy_140x11afe7fa792589dd1236257f99ba09f510460ad9_SafeMath_mul,train,0,0,0,1,0,0,0
0,0x22f004a328fdb5091376d8eaf83adc5bc2a33846,train,0,0,0,0,0,0,0
0,dos__buggy_19,train,0,0,1,0,0,0,0
0,buggy_30xcbf15fb8246f679f9df0135881cb29a3746f734b_ERC20_allowance,train,0,0,0,0,1,0,0
0,eth_tx_order_dependence_minimal0x57929e21bb0de26166d3f3cfa09be0b2bb9f0a9c_CPTXToken_totalSupply,train,0,0,0,1,0,0,0
0,buggy_270xe463d1ee18bcbce681215d15738018eadaa82260_SafeMath_add,train,0,1,0,0,0,0,0
0,arithmetic__buggy_16,train,0,1,0,0,0,0,0
0,simple_suicide0x8fbcb3f7a4c48dd9500ba20b5254c08d75403ba1_SafeERC20_safeTransferFrom,train,1,0,0,0,0,0,0
0,buggy_240x6b9d46a223ffa343f8b14d855a8314b0eff7fcb7_FormSI060719_balanceOf,train,1,0,0,0,0,0,0
0,front_running__buggy_21,train,0,0,0,1,0,0,0
0,buggy_430xe742ced94eee2c425b999fe5b5b76ff2c4fc9dfc_InchWormToken_,train,0,1,0,0,0,0,0
0,auction0x2c30840965f8fb2dc42bf4d6d530661d9f0e73c3_SafeMath_sub,train,0,0,1,0,0,0,0
0,dos__buggy_35,train,0,0,1,0,0,0,0
0,0xf953990d2d8388bfca220141fad56e74d66184ac,train,0,0,0,0,0,0,0
0,front_running__buggy_43,train,0,0,0,1,0,0,0
0,buggy_30xb4450f8048dd4eaa6e24b6fdb4f8328b22b61bef_ERC20_balanceOf,train,0,0,0,0,1,0,0
0,0x524960d55174d912768678d8c606b4d50b79d7b10x1822126feedb4c7d61eecdbe3682fe61e91383d6_ERC20_balanceOf,train,0,0,0,0,0,0,1
0,buggy_30x133db2e37d8676e425eca72d3ffc3b97855d31d3_SafeMath_div,train,0,1,0,0,0,0,0
0,rubixi,train,1,0,0,0,0,0,0
0,buggy_280xc71ac06a50fa9a33e4308b44df45928d64a76a6d_SafeMath_div,train,0,0,0,0,0,0,1
0,buggy_400xf8d1254fc324d2e75a5a37f5bd4ca34a20ef460d_Crowdsale_Rate,train,0,0,0,1,0,0,0
0,buggy_430xc46ef00408b400975b375ba81c6c227bb62c6539_ImpMine_getDestinationWallet,train,0,0,1,0,0,0,0
0,0x908262de0366e42d029b0518d5276762c92b21e1,train,0,0,0,0,0,0,0
0,odds_and_evens0xa6fd6f9b44127dbdc02fa1712fbedd21d14b4f20_SafeMath_mul,train,0,0,0,1,0,0,0
0,access_control__buggy_24,train,1,0,0,0,0,0,0
0,0xbb97e381f1d1e94ffa2a5844f6875e6146981009,train,0,0,0,0,0,0,0
0,uncheck__buggy_6,train,0,0,0,0,0,0,1
0,buggy_140x7b3bd25abdf9ad61db39f645738c7b0f38e51d9f_SafeMath_div,train,0,1,0,0,0,0,0
0,buggy_140x36151737b45017234e9570cf9a1cac97138953c2_SafeMath_mod,train,1,0,0,0,0,0,0
0,reentrancy_bonus,train,0,0,0,0,1,0,0
0,etherbank0xd90dd9aeff7a347112dd07a892a52dd2d5627877_SafeMath_div,train,0,0,0,0,1,0,0
0,integer_overflow_mul0x892697720ad461f019fd1f4bc4d52447a59c0687_SafeMath_div,train,0,1,0,0,0,0,0
0,arithmetic__buggy_45,train,0,1,0,0,0,0,0
0,buggy_150x095d7847945c6a496cad77bff0687a1bf367ec4a_AbstractToken_balanceOf,train,0,0,0,0,1,0,0
0,dos__buggy_28,train,0,0,1,0,0,0,0
0,buggy_380xf000ca9fbb684bfa2f5f8b36fdf222970fc93763_StandardToken_approve,train,0,1,0,0,0,0,0
0,buggy_40x7788d759f21f53533051a9ae657fa05a1e068fc6_FletaToken_,train,0,0,0,0,0,0,1
0,buggy_380x88f12e1b380aad1d21c80ac48a0a87a02ccc0de9_Math_max64,train,0,1,0,0,0,0,0
0,uncheck__buggy_20,train,0,0,0,0,0,0,1
0,buggy_400x230bd39c5fb6da9086596ec8c347f5d4a666ec06_SafeMath_safeDiv,train,1,0,0,0,0,0,0
0,0x7a2b4708e18f3d11393b6de37cf1fe1ec7b4fd62,train,0,0,0,0,0,0,0
0,buggy_440xf96aa656ec0e0ac163590db372b430cf3c0d61ca_ERC20Detailed_decimals,train,1,0,0,0,0,0,0
0,buggy_110x2e8b4fd4cc4c6ce21e67d336d3f0f211732a6302_Owned_acceptOwnership,train,1,0,0,0,0,0,0
0,buggy_380x151d9d5e9c9f5adceebd3597df050ba9dd41d507_CoinsNetwork_,train,0,0,0,0,0,1,0
0,buggy_240x46cc7ec70746f4cbd56ce5fa9bb7d648398eaa5c_SafeMath_mul,train,1,0,0,0,0,0,0
0,simple_suicide0x1839864616602fee4d5cc7a6448dd257636c9a9a_AbstractToken_AbstractToken,train,1,0,0,0,0,0,0
0,0x4051334adc52057aca763453820cb0e045076ef30x1dcc1f30f0724b2d53dccf432b658ca1ac26901a_SafeMath_div,train,0,0,0,0,0,0,1
0,buggy_380x9ecc1e438655e1dd724283f9bd3ded379cb6ca37_SafeMath_mod,train,0,0,0,0,0,0,1
0,buggy_40x63bcfa2aaf618662b76e58eae4ee410f933b47ac_SafeMath_mul,train,0,0,0,1,0,0,0
0,0x18b80470e22d8645d366910a0bd610f359fdd143,train,0,0,0,0,0,0,0
0,buggy_150xd9a340502737dc652b1e1973a3f4b02a471a98af_MDC_totalSupply,train,0,1,0,0,0,0,0
0,front_running__buggy_19,train,0,0,0,1,0,0,0
0,timed_crowdsale,train,0,0,0,0,0,1,0
0,0x21fa491fdbbf9f471e09513360563a9798e8f112,train,0,0,0,0,0,0,0
0,0x8fbcb3f7a4c48dd9500ba20b5254c08d75403ba1,train,0,0,0,0,0,0,0
0,simple_suicide0x55b4ad987c8129a6499160df47106e837c78a277_SafeMath_mod,train,1,0,0,0,0,0,0
0,0xa512d49c8753c476bf5e9c87f6a11dbb71af054c,train,0,0,0,0,0,0,0
0,ether_lotto,train,0,0,0,0,0,1,0
0,0x0cbe050f75bc8f8c2d6c0d249fea125fd6e1acc90x8c7f97965f6811e5f1e839ef23d38d2ecd86a445_CrabFarm_getBalance,train,0,0,0,0,0,0,1
0,buggy_110x469202bb405f940cd908ddbc28155a70703a4840_ERC20_balanceOf,train,0,0,0,1,0,0,0
0,buggy_40x1863d1351fc3003f1ad361939248e3a3a114958e_SafeMath_mod,train,0,0,0,1,0,0,0
0,buggy_40x61b2d3ea9f1c6b387c985c73d40e8fbfb284e5c7_RC20_decimals,train,0,1,0,0,0,0,0
0,integer_overflow_add0x4c39828c426ca8128ed4cbc733bf3a9934a87288_SafeMath_safeDiv,train,0,1,0,0,0,0,0
0,0x11b57f39f5a42eff60144b333a4d7d58e40297a4,train,0,0,0,0,0,0,0
0,0xcbfe11b78c2e6cb25c6eda2c6ff46cd4755c8fca,train,0,0,0,0,0,0,0
0,0x59d8c5a3e2d25a550e294d82dfb2a3128d324bbc,train,0,0,0,0,0,0,0
0,access_control__buggy_3,train,1,0,0,0,0,0,0
0,0x4a66ad0bca2d700f11e1f2fc2c106f7d3264504c0x0a7073207bac23865e0e3b204615364b5a9d3783_HRKD_getInvested,train,0,0,0,0,0,0,1
0,access_control__buggy_15,train,1,0,0,0,0,0,0
0,0x63bcfa2aaf618662b76e58eae4ee410f933b47ac,train,0,0,0,0,0,0,0
0,0xa46edd6a9a93feec36576ee5048146870ea2c3ae0x69cef154bc6ee9373ff9520d7392a174108fb5b5_Ownable_Ownable,train,0,0,0,0,0,0,1
0,reentrancy__buggy_50,train,0,0,0,0,1,0,0
0,insecure_transfer0x8df49dcf9cc6fca7c530db05147ab8e0305c7c82_SafeMath_min64,train,0,1,0,0,0,0,0
0,buggy_260x685bd934b371f2ee4894225064d937a57fb03974_SafeMath_mul,train,0,0,0,0,1,0,0
0,buggy_230x13cb835c47782dad075ce7faa1f8439b548b712d_LENS_allowance,train,0,0,1,0,0,0,0
0,buggy_440xb58ce9456a52b6c53773e0c621a17b35d708a215_KittyBounties_,train,0,0,0,1,0,0,0
0,0xf36c6876ba6ec35bb0c004fc3a2879cb9586a173,train,0,0,0,0,0,0,0
0,reentrancy_insecure0x85954c0adde80c73b019a92c08e0d22f16ac4067_SafeMath_mod,train,0,0,0,0,1,0,0
0,buggy_380xe02a471b2778b2d3a220e1ff82a0f8184fb73504_SafeMath_div,train,0,1,0,0,0,0,0
0,0x366cf49c6bc3986b20ecf4fd7c05f0c617332e8c,train,0,0,0,0,0,0,0
0,0x65c74fc2dd37788c8ecbafbc8518f5d794152ce4,train,0,0,0,0,0,0,0
0,buggy_140xd4ec1572aa1e4e764532e0a887a979d6a80ae78e_SafeMath_mul,train,0,0,1,0,0,0,0
0,buggy_230x404acb05b709eb5a81d08183b24080c7446875ee_SafeMath_safeDiv,train,0,1,0,0,0,0,0
0,buggy_20x8da10d1d4e03cd2459ebafb91439a9eba1cef42e_SafeMath_safeDiv,train,1,0,0,0,0,0,0
0,buggy_270x61e69708154204506bc577213536de2c70bff665_MidasToken_,train,0,1,0,0,0,0,0
0,king_of_the_ether_throne,train,0,0,0,0,0,0,1
0,phishable0x484fa8db2f005a7c19f4e3049fcc0fa363384cb5_Crowdsale_stopSale,train,1,0,0,0,0,0,0
0,integer_overflow_mapping_sym_10x416768387836bd8715d127ef9065975325cfad14_GoTDragonFarm_seedMarket,train,0,1,0,0,0,0,0
0,0x0785d6edc7c7a19cbcc5fb56a406b1351fc907dc,train,0,0,0,0,0,0,0
0,arithmetic__buggy_28,train,0,1,0,0,0,0,0
0,insecure_transfer0xb21d8d79ccd5d7cfe3961b71b37ebd6202a95238_Ownable_Ownable,train,0,1,0,0,0,0,0
0,0x9d06cbafa865037a01d322d3f4222fa3e04e5488,train,0,0,0,0,0,0,1
0,0xbaa3de6504690efb064420d89e871c27065cdd520x5e2cdfaaa35273bb4c1ca9c3c8f335af1b1bf4b7_ERC20_totalSupply,train,0,0,0,0,0,0,1
0,time_manipulation__buggy_31,train,0,0,0,0,0,1,0
0,0x5d26239257e6433889f00bb46294c552b4d75ec9,train,0,0,0,0,0,0,0
0,buggy_30x2f7e7e8029e1c4d4280122fe74f7453bee0ddee1_ICashToken_allowance,train,1,0,0,0,0,0,0
0,buggy_400xc46321efe8883d22d81ed65cb4f0766e1004129d_KingToken_balanceOf,train,1,0,0,0,0,0,0
0,0x1c3042baa90d995ea85c19d8a494218fe5c48e72,train,0,0,0,0,0,0,0
0,integer_overflow_10x767d4dae2c06dd73a803445b28a3f7313e64a36a_BasicToken_totalSupply,train,0,1,0,0,0,0,0
0,dos_number,train,0,0,1,0,0,0,0
0,etherbank0xa77cf14e0bda66f94873498ed15e1eaf183d2fd0_EtherCartel_getFreeShrimp,train,0,0,0,0,1,0,0
0,buggy_140xd3bd3c8fb11429b0deee5301e72b66fba29782c0_ICO_,train,1,0,0,0,0,0,0
0,integer_overflow_minimal0x4d71dd7ddf32a1ff94f58ceed3ed1fe2435bb582_TokenERC20_transfer,train,0,1,0,0,0,0,0
0,buggy_190x00fc270c9cc13e878ab5363d00354bebf6f05c15_VNXLU_decimals,train,0,0,1,0,0,0,0
0,ether_lotto0xa7fac98b27435c90b916950bbeed91c7dbfe3e44_SafeERC20_safeApprove,train,0,0,0,0,0,1,0
0,0xdea454c9c4ad408f324cc0ea382b2b7aad99640c,train,0,0,0,0,0,0,0
0,buggy_380x767385821ba49a86c343ea9d674702a9177ab816_FixedSupplyToken_balanceOf,train,0,0,0,0,0,1,0
0,buggy_190xe702af70291b952cdce5c224a18ab1127c449e79_SafeMath_safeDiv,train,0,0,0,1,0,0,0
0,0x86343be63c60ce182d8b5ac6a84f0722d8d61ae5,train,0,0,0,0,0,0,0
0,arbitrary_location_write_simple,train,1,0,0,0,0,0,0
0,0x0ef987c2be871851176e46b098083b8f0fef4c17,train,0,0,0,0,0,0,0
0,0x2891c6722aace803f62d5d32f975507d3af6eed0,train,0,0,0,0,0,0,0
0,buggy_190x945dabeec2b131aa91afc53909d1780ba4e4a9b5_TokenERC20_burnFrom,train,0,0,0,0,1,0,0
0,integer_overflow_add0x3643ed7a06ebdd39aa18f8bb2f357afeebafd62b_SafeMath_mul,train,0,1,0,0,0,0,0
0,0x52d2e0f9b01101a59b38a3d05c80b7618aeed984,train,0,0,0,0,0,0,1
0,buggy_230xb4450f8048dd4eaa6e24b6fdb4f8328b22b61bef_SafeMath_mul,train,1,0,0,0,0,0,0
0,0x67a2f7c7ec5ba1c1be768d8065d71566cadfdeef,train,0,0,0,0,0,0,0
0,front_running__buggy_35,train,0,0,0,1,0,0,0
0,insecure_transfer0x2722690a68f97e3361b958eb0b1dedf39190f6ad_BlumeToken_,train,0,1,0,0,0,0,0
0,dos__buggy_45,train,0,0,1,0,0,0,0
0,buggy_270x1a6ea5a886fb8fd61b9cbf83d47e5b07aec897f5_FixedSupplyToken_balanceOf,train,1,0,0,0,0,0,0
0,0x4fce5178346fc58a0a1261ec2306acc39ed801ab,train,0,0,0,0,0,0,0
0,0x610495793564aed0f9c7fc48dc4c7c9151d34fd6,train,0,0,0,0,0,0,1
0,0x411a4bf072d099069249846532acd874c131355e,train,0,0,0,0,0,0,0
0,integer_overflow_10xa987a1fb978abb7c17201a84efbe828d5c66264d_Ownable_Ownable,train,0,1,0,0,0,0,0
0,arithmetic__buggy_50,train,0,1,0,0,0,0,0
0,buggy_380x30c1c05b57c9f055f11f99d2d575336abe0a76c7_Owned_acceptOwnership,train,0,1,0,0,0,0,0
0,0xa46edd6a9a93feec36576ee5048146870ea2c3ae0xd7408546678406f239410acc4f5ac5ca1b633ce5_DragonFarmer_buySuperDragon,train,0,0,0,0,0,0,1
0,0x9cb79101f795287585843d71c1b0a33a0724c2bb,train,0,0,0,0,0,0,0
0,0xd5967fed03e85d1cce44cab284695b41bc675b5c0xd90dd9aeff7a347112dd07a892a52dd2d5627877_SafeMath_mod,train,0,0,0,0,0,0,1
0,buggy_140x65565ae3ef290215c87e956065a451e4b40e1823_TokenTimelock_releaseTime,train,0,0,0,1,0,0,0
0,time_manipulation__buggy_280xf8d1254fc324d2e75a5a37f5bd4ca34a20ef460d_StandardToken_allowance,train,0,0,0,0,0,1,0
0,0xc8fcc48d1454a83589169294470549a2e1713dec,train,0,0,0,0,0,0,0
0,buggy_280xfd5fcd146b75aa62262ff80b27e961442ec7c574_InchWormVaultLiveTest_getInchBalance,train,0,0,1,0,0,0,0
0,buggy_400xde960de55c59c3fd139c792564329523531f1e18_SafeMath_mul,train,0,0,1,0,0,0,0
0,ether_lotto0x091f601d7b6c0c8073d075a1847bafc6872559a4_Clue_balanceOf,train,0,0,0,0,0,1,0
0,buggy_380x3b18610670ab6d6df6eb0642c5f90416aa076995_BariCoin_,train,1,0,0,0,0,0,0
0,buggy_270x88f12e1b380aad1d21c80ac48a0a87a02ccc0de9_SafeMath_div,train,0,0,0,0,0,0,1
0,lotto0xd0d5dab67e8470b785b9c19b11d831a3b07d3709_Ownable_owner,train,0,0,0,0,0,0,1
0,0x9e17d13b638fc9f0ca941d4fe1c3e4da827cece1,train,0,0,0,0,0,0,0
0,0x7fbd92f49f6f9b4f9b3b4d18761b0deb7253a8bf,train,0,0,0,0,0,0,0
0,0x688dde13bd594a9030feefe6fa39cb353b7351c7,train,0,0,0,0,0,0,0
0,access_control__buggy_43,train,1,0,0,0,0,0,0
0,eth_tx_order_dependence_minimal0x77bfd55f422b6978a1a21de65f8a13a1b58fa766_BasicToken_balanceOf,train,0,0,0,1,0,0,0
0,buggy_110xd0000bea72c7eaa3d5086967a982503104113c24_Owned_acceptOwnership,train,0,1,0,0,0,0,0
0,buggy_20x75c7626e1903bba8c1e429d6db5ea26600c6a248_SafeMath_mul,train,0,0,1,0,0,0,0
0,buggy_280xebdf9a7ae0009b958c6d09501eb9ac1dafeb31ab_SafeMath_div,train,1,0,0,0,0,0,0
0,time_manipulation__buggy_48,train,0,0,0,0,0,1,0
0,0xdfc8ecb515c0bb72de8bcbe0cb7a2d84b65c8027,train,0,0,0,0,0,0,0
0,buggy_430xe0cf1a976503b6e27250d710f7097c004b9a706b_SafeMath_mul,train,0,1,0,0,0,0,0
0,buggy_190xff02b17386f94da201cff84a6a7482ec2c452ef3_ERC20_allowance,train,1,0,0,0,0,0,0
0,buggy_400x44f903884941b591ba1359d62c4cd04f3feb2235_SafeMath_div,train,0,0,0,1,0,0,0
0,buggy_270x29c188b27b6b2134385f1eda2d1d8eff5446e0cf_SafeMath_div,train,0,0,0,0,0,0,1
0,phishable0x916de2259abbfbfd406d7a3ec7cf83a76b9ce3b4_OperationsVesting_cliff,train,1,0,0,0,0,0,0
0,0xec329ffc97d75fe03428ae155fc7793431487f63,train,0,0,0,0,0,0,1
0,buggy_170x35b26197ba05fca755e7ff44253bbfa036fee5b4_SafeMath_mod,train,0,0,0,0,0,0,1
0,integer_overflow_benign_1,train,0,1,0,0,0,0,0
0,buggy_400xf8d142c7cd9b9d5abf6c449307de40adb8a17b38_SafeMath_mul,train,0,1,0,0,0,0,0
0,buggy_440xbf8d8f1242b95dfbae532af6b0f4463905415cc1_ERC20_balanceOf,train,0,1,0,0,0,0,0
0,arithmetic__buggy_9,train,0,1,0,0,0,0,0
0,buggy_50x4a57e687b9126435a9b19e4a802113e266adebde_Ownable_Ownable,train,0,0,0,0,0,0,1
0,phishable,train,1,0,0,0,0,0,0
0,0x494a0cece54896b2b5308773a0ebff47eb55e1c3,train,0,0,0,0,0,0,0
0,0x0be4a987fd8dcbd2fff64ba4131d3a208307f667,train,0,0,0,0,0,0,0
0,0x787f552bdc17332c98aa360748884513e3cb401a,train,0,0,0,0,0,0,0
0,buggy_280x71065f5b5891c27ae5e48faa7000a7c1c3df7ff3_Prize_reveal,train,0,0,0,0,0,0,1
0,buggy_140x57ffa14de96e7a761750fdf41c9496214a6dca2a_Ownable_owner,train,1,0,0,0,0,0,0
0,dos__buggy_43,train,0,0,1,0,0,0,0
0,buggy_400xe80b90fdabcc18932e2bcda61df6010df69091c7_BasicToken_totalSupply,train,0,0,1,0,0,0,0
0,buggy_440x09a8501e22da800cb7a482fc5e2bf32c90a55995_SafeMath_safeDiv,train,0,1,0,0,0,0,0
0,0x38f9ff2e8cd3227d0278fb4d945ff8c03c4c9ef6,train,0,0,0,0,0,0,0
0,buggy_40x950cc70dd44fec5194e868973ad83f21c335ab71_Pausable_addDistributionContract,train,0,0,0,1,0,0,0
0,0x421411d3c9fa36ecbcbd846be352ae93a8e23642,train,0,0,0,0,0,0,0
0,integer_overflow_10x3563fe3f874b1243794cb6cbb6c11535bbd61527_SafeMath_add,train,0,1,0,0,0,0,0
0,buggy_110x3e9057b739b005c577cefd45e9a77cf969ec845c_ERC20_balanceOf,train,0,0,1,0,0,0,0
0,0xa4d1dbfe6850b4e9b8935c8b80ae11b1c12a0927,train,0,0,0,0,0,0,0
0,buggy_440x1c3ac706cf023365004f48da5094ff01c3bed4f2_Nutopia_allowance,train,0,0,0,0,1,0,0
0,0x85d960d4a22c1da47e9f1272ee02f5d023b562fe,train,0,0,0,0,0,0,0
0,dos__buggy_26,train,0,0,1,0,0,0,0
0,buggy_140x17070be71f8082767509aa4552e0ded11bd667ec_SafeMath_div,train,0,1,0,0,0,0,0
0,buggy_240x3227bb83f3f230c15f8ee4a78a655f06c8004cad_LTLNN_balanceOf,train,0,0,0,0,0,0,1
0,0x958a8f594101d2c0485a52319f29b2647f2ebc06,train,0,0,0,0,0,0,1
0,buggy_30xbf8d8f1242b95dfbae532af6b0f4463905415cc1_ERC20_balanceOf,train,0,0,0,1,0,0,0
0,buggy_360x3227bb83f3f230c15f8ee4a78a655f06c8004cad_LTLNN_totalSupply,train,0,0,0,0,0,0,1
0,0x3ca51bd89078145a8a16f09fc254677550bdb566,train,0,0,0,0,0,0,0
0,0x252e0920894274a44f3076176450fce10264b9fb,train,0,0,0,0,0,0,0
0,multiowned_vulnerable,train,1,0,0,0,0,0,0
0,mishandled0xa5e5916a380fea1e633df88d7b5e1835a85b8262_BrewerscoinToken_allowance,train,0,0,0,0,0,0,1
0,buggy_110x83a80250d415f9364d8415f6017acd39ebf288af_Ownable_acceptOwnership,train,0,0,0,0,0,0,1
0,buggy_260x1145b0c70dbba351c52a8d25db9c3dbe1aec08b5_SafeMath_mul,train,0,0,0,0,0,0,1
0,buggy_430xdbf0e893d7a24d36a80e95af1fbba3ad3c423b5e_ERC20_balanceOf,train,0,0,0,0,0,0,1
0,0x992e3ce20febb7fade6fbe32ae1d4b146f471c47,train,0,0,0,0,0,0,0
0,0x2972d548497286d18e92b5fa1f8f9139e5653fd20x4d552a4facc008cdf004833aaa1499a1ed5977c7_SafeMath_add,train,0,0,0,0,0,0,1
0,buggy_110xb70e23a235eb97a5397261be9a85de73eba212c1_SafeMath_div,train,0,0,1,0,0,0,0
0,0xfa569aa11509e62e9b5ad5125e5f2bb2f4a7dd07,train,0,0,0,0,0,0,0
0,uncheck__buggy_28,train,0,0,0,0,0,0,1
0,proxy,train,1,0,0,0,0,0,0
0,buggy_190x72c638bd40961311faf25ee84d0ec89b3e10593c_ERC20Pistachio_balanceOf,train,1,0,0,0,0,0,0
0,buggy_110xb0644e54f627aa5292d66b2b98e93873adb8ea07_ERC20_allowance,train,0,1,0,0,0,0,0
0,buggy_440x794d1d86685d45f9297c2fe80f295aa7f8285bb4_PALSToken_allowance,train,0,0,0,0,1,0,0
0,0x763a67be94e2494dbffdcc62cee4ed8f761f6770,train,0,0,0,0,0,0,0
0,0x5ef03102da24a7d953047ec2a7bf0816fb5a1ee0,train,0,0,0,0,0,0,0
0,access_control__buggy_17,train,1,0,0,0,0,0,0
0,wallet_03_wrong_constructor0xbdee7cf88eefb3451f25be656c3c18d3bcf0e3b1_SafeMath_mod,train,1,0,0,0,0,0,0
0,ether_lotto0xac2e58a06e6265f1cf5084ee58da68e5d75b49ca_SafeMath_div,train,0,0,0,0,0,1,0
0,buggy_140x67033c6c1e977e1e19b1ccd53463e3031e6452ef_SafeMath_mod,train,0,1,0,0,0,0,0
0,0x36a84dd5c8a606f44dc504aa3859b097083d631d,train,0,0,0,0,0,0,0
0,reentrancy__buggy_22,train,0,0,0,0,1,0,0
0,simple_suicide0x319e49a0a4213529f9a3a97ca67c32a04093e32c_ContractSendCreditCoins_sendCurrentPayment,train,1,0,0,0,0,0,0
0,access_control__buggy_30,train,1,0,0,0,0,0,0
0,buggy_200x5d64170c575be26c16008d49abe98ede2ec199af_SafeMath_safeDiv,train,0,0,0,0,0,1,0
0,buggy_30x94534caebd1887be3d57179728a670a3436bb443_SafeMath_div,train,0,1,0,0,0,0,0
0,buggy_110x000c100050e98c91f9114fa5dd75ce6869bf4f53_ERC20Detailed_decimals,train,1,0,0,0,0,0,0
0,access_control__buggy_21,train,1,0,0,0,0,0,0
0,buggy_180xa2b5ceb15354343c6f7a1569ac250cdd9b0634ba_SafeMath_mul,train,0,0,0,0,0,0,1
0,buggy_20xa368d5a0dc530fe48883e742b817164ba6d91c4e_Pausable_addDistributionContract,train,1,0,0,0,0,0,0
0,mishandled0x2c7bc39b1b0c9fdf200fd30c74c0a9a41c2c7047_JigsawGames2_MiningRigFarmer,train,0,0,0,0,0,0,1
0,phishable0x17ca6b74a3292275df419f5c0dd41a8851625968_ERC20_balanceOf,train,1,0,0,0,0,0,0
0,0x14c5d62466aa3f925f4b007ef2614435795160dd,train,0,0,0,0,0,0,0
0,reentrancy__buggy_19,train,0,0,0,0,1,0,0
0,integer_overflow_benign_10xb7a263d56605648ad054d4dc1aea24f244d7ba96_Ownable_owner,train,0,1,0,0,0,0,0
0,arithmetic__buggy_1,train,0,1,0,0,0,0,0
0,buggy_440xb70e23a235eb97a5397261be9a85de73eba212c1_ERC20_totalSupply,train,1,0,0,0,0,0,0
0,0x275da025fa3216b15583c565cf77cc482481e4ad,train,0,0,0,0,0,0,0
0,buggy_280xc71ac06a50fa9a33e4308b44df45928d64a76a6d_SafeMath_mod,train,0,1,0,0,0,0,0
0,access_control__buggy_50,train,1,0,0,0,0,0,0
0,buggy_40x133db2e37d8676e425eca72d3ffc3b97855d31d3_SafeMath_mul,train,0,0,0,0,0,0,1
0,buggy_430xaffdbbbdd400bb780dea5307b39187d1e9edc1cc_Pausable_paused,train,0,0,1,0,0,0,0
0,0x0cbe050f75bc8f8c2d6c0d249fea125fd6e1acc90xe9e4afe548256ba90ee7d63f24eac11250f67450_EtherealId_IsActive,train,0,0,0,0,0,0,1
0,0x87ab739464881af0011052d4ca0b0d657e8c3b48,train,0,0,0,0,0,0,0
0,0x1c74cff0376fb4031cd7492cd6db2d66c3f2c6b9,train,0,0,0,0,0,0,0
0,spank_chain_payment,train,0,0,0,0,1,0,0
0,buggy_430x63bcfa2aaf618662b76e58eae4ee410f933b47ac_SafeMath_mod,train,0,0,1,0,0,0,0
0,buggy_430x0257e647404ebf460266048a2b87ed352fb45c7d_SafeMath_sub,train,0,0,1,0,0,0,0
0,token,train,0,1,0,0,0,0,0
0,buggy_40x25727ae7907f26c0a2e3c9fe36f2eba6ea67fd73_SafeMath_div,train,0,0,0,1,0,0,0
0,buggy_110xc96df921009b790dffca412375251ed1a2b75c60_ERC20_balanceOf,train,0,0,0,0,1,0,0
0,buggy_430xe0cf1a976503b6e27250d710f7097c004b9a706b_QTMTotal_setOwner,train,0,1,0,0,0,0,0
0,odds_and_evens0x04390d3ce5c68d1dad9af7a84254225788e3d639_SafeMath_mod,train,0,0,0,1,0,0,0
0,buggy_110xb705268213d593b8fd88d3fdeff93aff5cbdcfae_IDEX_decimals,train,0,0,0,0,0,0,1
0,buggy_280x66ffaace6abfc6916b105eb79774bcd5402fcbb2_SafeMath_safeDiv,train,0,0,0,0,1,0,0
0,ether_lotto0x2c57090c2f563ddc1341bdc17040c158cfa6fb55_SafeMath_div,train,0,0,0,0,0,1,0
0,buggy_30x32470ff2a384becbd33c2b70f3cd4ba6192cb368_ERC20_allowance,train,0,0,0,0,0,0,1
0,buggy_380x1abaa2aa88eded26223a273c291120e635c47f40_Pausable_paused,train,0,0,1,0,0,0,0
0,buggy_20x2f7e7e8029e1c4d4280122fe74f7453bee0ddee1_ICashToken_transferAnyERC20Token,train,1,0,0,0,0,0,0
0,buggy_260xb705268213d593b8fd88d3fdeff93aff5cbdcfae_SafeMath_mul,train,0,0,0,0,1,0,0
0,0x524960d55174d912768678d8c606b4d50b79d7b10x67793426747f8c79332520c1291c4fc6443c8407_CELLCrowdsale_setStartDate,train,0,0,0,0,0,0,1
0,buggy_110x44e9ab4a3af1ccc8c1cfce6fc7d3e650373fc507_SafeMath_div,train,0,1,0,0,0,0,0
0,arithmetic__buggy_17,train,0,1,0,0,0,0,0
0,uncheck__buggy_23,train,0,0,0,0,0,0,1
0,integer_overflow_mul0x489bd62059e03966af9bb17b1d06cf799dabf820_SafeMath_safeMul,train,0,1,0,0,0,0,0
0,front_running__buggy_11,train,0,0,0,1,0,0,0
0,reentrancy_dao,train,0,0,0,0,1,0,0
0,time_manipulation__buggy_2,train,0,0,0,0,0,1,0
0,integer_overflow_mul,train,0,1,0,0,0,0,0
0,dos_address0x1beb353fa1e215457ff16fceec07f7eab9f06565_EscrowWallet_Approve,train,0,0,1,0,0,0,0
0,buggy_440x6ee10c4c566166135c8de574ce63f583afc6d2b2_SafeMath_div,train,0,0,0,0,0,0,1
0,uncheck__buggy_49,train,0,0,0,0,0,0,1
0,arithmetic__buggy_2,train,0,1,0,0,0,0,0
0,buggy_430x75c7626e1903bba8c1e429d6db5ea26600c6a248_AbstractToken_,train,0,1,0,0,0,0,0
0,arithmetic__buggy_25,train,0,1,0,0,0,0,0
0,dos__buggy_38,train,0,0,1,0,0,0,0
0,buggy_150x40e6131e32e7a86e072d80d12ecb94d7e3d09fa1_SafeMath_mul,train,0,0,0,0,0,0,1
0,0x831b1cf1387c388ed8eae955e895d90b2adb2244,train,0,0,0,0,0,0,0
0,buggy_280x6ee10c4c566166135c8de574ce63f583afc6d2b2_TransferAndPause_transferAndPauseEnabled,train,0,0,0,0,1,0,0
0,0x5199071825cc1d6cd019b0d7d42b08106f6cf16d,train,0,0,0,0,0,0,0
0,buggy_380x0622d8ec245f14d6ac137989fb842fb68ab6d837_SafeMath_div,train,0,0,1,0,0,0,0
0,0xd41f5a9bf9ff2aed4497f39bb3ccb5ef58346aff,train,0,0,0,0,0,0,0
0,buggy_40x3feeca6f6d6c498cd72fa1c83fdf6fccecabbdcf_SafeMath_mod,train,1,0,0,0,0,0,0
0,arithmetic__buggy_29,train,0,1,0,0,0,0,0
0,0x2781246fe707bb15cee3e5ea354e2154a2877b16,train,0,0,0,0,0,0,0
0,buggy_430x8efc4b144da218886201a77e2f94c17b3a5b779a_SafeMath_mul,train,0,0,1,0,0,0,0
0,time_manipulation__buggy_49,train,0,0,0,0,0,1,0
0,buggy_40xa5034d01bb9e14bdd2d59f645a40c4b1ba40545c_SafeMath_mul,train,1,0,0,0,0,0,0
0,token0xbd60d6db0b4fbfa01e4ee1c69a8d1510638f0deb_Nickelcoin_balanceOf,train,0,1,0,0,0,0,0
0,etherbank0xa77a2938712c2f91f9096d41dae7b4a79c60ebd7_ctf_ctf,train,0,0,0,0,1,0,0
0,modifier_reentrancy,train,0,0,0,0,1,0,0
0,reentrancy_simple,train,0,0,0,0,1,0,0
0,buggy_40x0cab2d4f3804de20facb7ae095d68b339e32732a_InGRedientToken_allowance,train,1,0,0,0,0,0,0
0,buggy_280xbd1e7f594600dcaf7f483af55deacec0159a064e_ERC20_balanceOf,train,0,0,0,0,0,0,1
0,odds_and_evens0x92a863fd7e33336ed128acbaf0d52e2267f6f575_Ownable_owner,train,0,0,0,1,0,0,0
0,0x2e8c6bbe8e3aa834ef5a851b2cdfc52403d61b87,train,0,0,0,0,0,0,0
0,dos__buggy_48,train,0,0,1,0,0,0,0
0,0xd5967fed03e85d1cce44cab284695b41bc675b5c,train,0,0,0,0,0,0,1
0,access_control__buggy_11,train,1,0,0,0,0,0,0
0,buggy_280xf8d142c7cd9b9d5abf6c449307de40adb8a17b38_SafeMath_mul,train,1,0,0,0,0,0,0
0,0x3c1634291868ddffa037222991babfccd8400921,train,0,0,0,0,0,0,0
0,front_running__buggy_4,train,0,0,0,1,0,0,0
0,dos_address0x6adf9e666e3e85876b1ba25edb31799faad8417b_Free_Ether_A_Day_Funds_Return_,train,0,0,1,0,0,0,0
0,dos__buggy_2,train,0,0,1,0,0,0,0
0,simple_dao0xc00956a4f568033e6c99a99a48e1981d6e819df9_SafeMath_div,train,0,0,0,0,1,0,0
0,buggy_90x7941f0ff95884f45f965eac9bf1678ed34ef1665_owned_owned,train,0,0,0,0,0,0,1
0,buggy_400xfa2d6cd0410f9656612fd837692d6a4921946f1b_Ownable_owner,train,0,0,0,0,0,0,1
0,buggy_430x0ef987c2be871851176e46b098083b8f0fef4c17_SafeMath_mul,train,0,0,0,0,0,0,1
0,mishandled0x83b0c6d945e661e5015f962d73fdd7c22e516ee0_DVCToken_DVCToken,train,0,0,0,0,0,0,1
0,0x4a66ad0bca2d700f11e1f2fc2c106f7d3264504c0x4726bf61c3a8df967b6f2c805659810e8d343218_Agriss_transfer,train,0,0,0,0,0,0,1
0,0x0cbe050f75bc8f8c2d6c0d249fea125fd6e1acc90x6f6f03c58beddb31a62a2f7830afad97414277d1_ERC20Detailed_decimals,train,0,0,0,0,0,0,1
0,uncheck__buggy_47,train,0,0,0,0,0,0,1
0,ether_lotto0x7332077db22f7c1df320e757a77e8871377976da_MiningRigFarmer_seedMarket,train,0,0,0,0,0,1,0
0,buggy_190x0ef987c2be871851176e46b098083b8f0fef4c17_ETHPlay_decimals,train,1,0,0,0,0,0,0
0,eth_tx_order_dependence_minimal0xf5d714d9cd577b7daf83f84aea37a1eb0787e7ad_BasicToken_totalSupply,train,0,0,0,1,0,0,0
0,dos__buggy_14,train,0,0,1,0,0,0,0
0,0x347038bab5c32e619d3d3aaeb05d408afc1671a9,train,0,0,0,0,0,0,0
0,odds_and_evens0x6dd4e4aad29a40edd6a409b9c1625186c9855b4d_AbstractToken_AbstractToken,train,0,0,0,1,0,0,0
0,arithmetic__buggy_4,train,0,1,0,0,0,0,0
0,buggy_30x30521e4ccc4d0494d624394fc275ead318051de8_SafeMath_mul,train,0,0,0,0,0,0,1
0,buggy_190x64c7da318530f02f36225107786ab6963bf6add8_CloudToken_burnFrom,train,0,0,1,0,0,0,0
0,0xdcc27bbaa14cafd8a6aeb847e1b01c5dffb70935,train,0,0,0,0,0,0,0
0,0x48271aa08d6309895447c067e728e8b140ddf2b4,train,0,0,0,0,0,0,0
0,wallet_04_confused_sign0x57112a3fd8b8e0bf025f27972018a425996fa12a_SafeMath_sub,train,1,0,0,0,0,0,0
0,time_manipulation__buggy_9,train,0,0,0,0,0,1,0
0,buggy_380xaa945de5ad972ba494f2ed20c21c54656cbcc276_FixedSupplyToken_allowance,train,0,0,0,1,0,0,0
0,lotto0x2cc71c048a804da930e28e93f3211dc03c702995_Ownable_Ownable,train,0,0,0,0,0,0,1
0,buggy_40xecaa77aaa4055cabe643caadbe11b924a3afa478_SafeMath_mul,train,0,0,0,1,0,0,0
0,0x002f06abe6995fd0ea4be011c53bfc989fa53ce0,train,0,0,0,0,0,0,0
0,buggy_430x6ee10c4c566166135c8de574ce63f583afc6d2b2_Pausable_paused,train,0,0,0,0,0,0,1
0,buggy_240xcbf15fb8246f679f9df0135881cb29a3746f734b_SafeMath_mul,train,0,1,0,0,0,0,0
0,buggy_110xa08d1762538439848b71a39cfef7f0454f1176ed_SafeMath_mul,train,0,0,0,0,0,0,1
0,0x2fba8cbbdaa357f7385c0a9e4091e5cc66b2146e,train,0,0,0,0,0,0,0
0,buggy_110x2b13bc5781357e12d05f3afb477bbed8a60c669d_BasicToken_totalSupply,train,0,1,0,0,0,0,0
0,buggy_260x57652fc91f522f9eff0b38cdf1d51f5fb5764215_SafeMath_div,train,0,0,0,0,1,0,0
0,buggy_260x8fc918368f312ba045495fe67e133a43c67b4bab_BasicToken_balanceOf,train,0,0,0,0,0,0,1
0,buggy_140xb70e23a235eb97a5397261be9a85de73eba212c1_SafeMath_mod,train,0,0,0,1,0,0,0
0,buggy_430xfa90d6a9a8b7fcdcbbb06e441c0ecaa57f55b11e_Cyiber_,train,0,0,1,0,0,0,0
0,buggy_280x68f8b2e7b1a5841724e614758a56ade0482f077e_SafeMath_mul,train,0,0,1,0,0,0,0
0,reentrancy__buggy_34,train,0,0,0,0,1,0,0
0,eth_tx_order_dependence_minimal,train,0,0,0,1,0,0,0
0,arithmetic__buggy_5,train,0,1,0,0,0,0,0
0,reentrancy__buggy_32,train,0,0,0,0,1,0,0
0,mapping_write,train,1,0,0,0,0,0,0
0,reentrance0x8ac16c08105de55a02e2b7462b1eec6085fa4d86_IdentityEvents_emitIdentityDeleted,train,0,0,0,0,1,0,0
0,lottopollo,train,0,0,0,0,0,1,0
0,0x5a0d7bf44907b48a6af0e6f3e9519811aeaaa925,train,0,0,0,0,0,0,0
0,buggy_240x252e0920894274a44f3076176450fce10264b9fb_Pausable_paused,train,1,0,0,0,0,0,0
0,buggy_190xe0cf1a976503b6e27250d710f7097c004b9a706b_SafeMath_mul,train,0,0,0,0,1,0,0
0,0x44f920b8e9b703f87f52f22ac84a106ef464388c,train,0,0,0,0,0,0,0
0,front_running__buggy_3,train,0,0,0,1,0,0,0
0,0x420167d87d35c3a249b32ef6225872fbd9ab85d2,train,0,0,0,0,0,0,0
0,0x70f9eddb3931491aab1aeafbc1e7f1ca2a012db40x489bd62059e03966af9bb17b1d06cf799dabf820_SafeMath_safeDiv,train,0,0,0,0,0,0,1
0,mishandled0xef6dd40eff935626ee2ba971a90e6897e4cbbf8b_AbstractToken_AbstractToken,train,0,0,0,0,0,0,1
0,buggy_380xd648801ac646e5b6c1c8f403218b80e0d275274d_BasicToken_balanceOf,train,0,0,0,0,0,1,0
0,buggy_30xafa9ec5eddaa50db06e8ed2c680ac6c81a32e9b7_SafeMath_mul,train,1,0,0,0,0,0,0
0,buggy_380x0cab2d4f3804de20facb7ae095d68b339e32732a_InGRedientToken_allowance,train,0,0,0,0,0,0,1
0,0x7f5a8e08a693ea75d6ee87de54886ec013f31e11,train,0,0,0,0,0,0,0
0,reentrancy_simple0x1beb353fa1e215457ff16fceec07f7eab9f06565_EscrowWallet_Decline,train,0,0,0,0,1,0,0
0,0xeec8516af05bc9b34c1c8d0e25989bddab2e7bd9,train,0,0,0,0,0,0,0
0,buggy_30x095d7847945c6a496cad77bff0687a1bf367ec4a_AbstractToken_balanceOf,train,0,0,1,0,0,0,0
0,0x04a6e67d14715dd0e267b35805fea24fd0b5f70b,train,0,0,0,0,0,0,0
0,uncheck__buggy_230xcda50305e75b01894dad90be684eb2d6f1c5b0e7_SafeMath_mul,train,0,0,0,0,0,0,1
0,buggy_270xcb0ac19e629a237e2a865b9e2c8b2c534f129006_SafeMath_div,train,0,0,0,0,0,0,1
0,0x21b28d89aa81e4543fb700f8bbee909cd9e9d5db,train,0,0,0,0,0,0,0
0,buggy_140xe3e5ccc9c8ee95ddbeb08daa7c5001b88c0d632a_SafeMath_mul,train,0,0,0,0,1,0,0
0,reentrancy__buggy_35,train,0,0,0,0,1,0,0
0,buggy_320xe75ece96b0922803faa31cc9c043cc9481d83ebd_SafeMath_mul,train,1,0,0,0,0,0,0
0,buggy_380x122379cc33bd264bbaae71bb6bbe28cd75f7e6f1_SafeMath_mul,train,0,0,1,0,0,0,0
0,ether_lotto0x03b267325193fd0c15ca0d2a693e54213c2afcb6_ERC20Token_balanceOf,train,0,0,0,0,0,1,0
0,buggy_30x6e2fe65d96ed63aaca9e475f6f251d4232c3842c_ERC20Capped_cap,train,0,0,0,0,0,0,1
0,access_control__buggy_14,train,1,0,0,0,0,0,0
0,buggy_260x35b26197ba05fca755e7ff44253bbfa036fee5b4_SafeMath_mul,train,0,1,0,0,0,0,0
0,0xdad59fd8b366a5536c014da9eb81d19ec9953920,train,0,0,0,0,0,0,0
0,buggy_30x6ee10c4c566166135c8de574ce63f583afc6d2b2_SafeMath_mul,train,0,0,1,0,0,0,0
0,buggy_230x5ac203c782fe5b74ece9cb4ed13b0597bb5c872e_SafeMath_mod,train,0,1,0,0,0,0,0
0,buggy_280x69b405d404fdacab21909cffafee7f02c106e9dd_PinToken_allowance,train,0,0,1,0,0,0,0
0,arithmetic__buggy_30,train,0,1,0,0,0,0,0
0,simple_suicide0x07536201e0c4c7751c9cfed79f1bf5dba4772c9e_Sign_destroy,train,1,0,0,0,0,0,0
0,front_running__buggy_16,train,0,0,0,1,0,0,0
0,lottopollo0xed943d75b2ff94d76f4eda892513255ef841261c_KyberContirbutorWhitelist_KyberContirbutorWhitelist,train,0,0,0,0,0,1,0
0,buggy_270x2c72ee35637cb6df00f8c07595b564a05f667006_SafeMath_div,train,0,1,0,0,0,0,0
0,reentrancy__buggy_40,train,0,0,0,0,1,0,0
0,integer_overflow_minimal0x7c6f0f0bb581e479f72c31abb6a89013cbba5b7a_Moneda_balanceOf,train,0,1,0,0,0,0,0
0,arbitrary_location_write_simple0xa8eda9d4aee0eb882f8752c6ba7e16d9233c9ad2_ERC20_totalSupply,train,1,0,0,0,0,0,0
0,0x0cbe050f75bc8f8c2d6c0d249fea125fd6e1acc90x6dc05497f0b087c7692816e6acaa8bdda73907fc_ERC20_totalSupply,train,0,0,0,0,0,0,1
0,buggy_230xff02b17386f94da201cff84a6a7482ec2c452ef3_SafeMath_mod,train,0,0,1,0,0,0,0
0,uncheck__buggy_19,train,0,0,0,0,0,0,1
0,0x1822126feedb4c7d61eecdbe3682fe61e91383d6,train,0,0,0,0,0,0,0
0,arithmetic__buggy_33,train,0,1,0,0,0,0,0
0,access_control__buggy_280xf8d1254fc324d2e75a5a37f5bd4ca34a20ef460d_StandardToken_allowance,train,1,0,0,0,0,0,0
0,0xd5967fed03e85d1cce44cab284695b41bc675b5c0xe9e4afe548256ba90ee7d63f24eac11250f67450_EtherealId_IsActive,train,0,0,0,0,0,0,1
0,front_running__buggy_25,train,0,0,0,1,0,0,0
0,0xa46edd6a9a93feec36576ee5048146870ea2c3ae,train,0,0,0,0,0,0,1
0,0xa46edd6a9a93feec36576ee5048146870ea2c3ae0x92a863fd7e33336ed128acbaf0d52e2267f6f575_SafeMath_sub,train,0,0,0,0,0,0,1
0,buggy_140x309a758f5f33bd4418876b32d38c8d15c59c7799_SafeMath_mul,train,0,0,1,0,0,0,0
0,0xe894d54dca59cb53fe9cbc5155093605c70682200x2e963aa99892c403039a93573a43607b547f5b88_SafeMath_div,train,0,0,0,0,0,0,1
0,0x98b89a9947a668c1baa48382de7f4a952ef37b53,train,0,0,0,0,0,0,0
0,token0x70a9c7a1977792fa4eb7f89ecfc02d3d14dba054_DAppTest_changeBoolean,train,0,1,0,0,0,0,0
0,0x52d2e0f9b01101a59b38a3d05c80b7618aeed9840x934296f39475cbdb4b1aff9b25f11fcdd0b22da8_SafeMath_mod,train,0,0,0,0,0,0,1
0,integer_overflow_mapping_sym_10xbea81fde2822b74674fac9fc743193358c6bb792_Ownable_Ownable,train,0,1,0,0,0,0,0
0,0x5ac203c782fe5b74ece9cb4ed13b0597bb5c872e,train,0,0,0,0,0,0,0
0,0xe09b1ab8111c2729a76f16de96bc86a7af837928,train,0,0,0,0,0,0,1
0,time_manipulation__buggy_29,train,0,0,0,0,0,1,0
0,buggy_150xd5ca9646cf0fc525c1631320e8d78968774f7aeb_AbstractToken_balanceOf,train,0,0,0,0,0,0,1
0,0x3c4cc9858e7cc842ae7663bd3b6559fa343d46a1,train,0,0,0,0,0,0,0
0,wallet_04_confused_sign0x51864bb857b8d4fef57d098e1364803fb66a023d_SafeMath_max256,train,1,0,0,0,0,0,0
0,buggy_230x66c6e6be5736046021381054d26e15a2f123d8f8_SafeMath_div,train,0,0,0,0,0,0,1
0,0x70f9eddb3931491aab1aeafbc1e7f1ca2a012db4,train,0,0,0,0,0,0,1
0,0xf2570186500a46986f3139f65afedc2afe4f445d0x220629e75e528c38d918d2e26d9997314497e1b6_SafeMath_safeMul,train,0,0,0,0,0,0,1
0,buggy_260x2d8ba3a379b5d2e39e76890e39c09fb4fc8b500d_SafeMath_mul,train,0,0,0,0,0,0,1
0,buggy_190xc60db0775bcad8bfe243ac53d06b66061518e372_Ownable_owner,train,0,0,0,0,1,0,0
0,buggy_380x36f0d644877b77e1311f851c78637e774c67ae20_KittyBounties_,train,0,0,1,0,0,0,0
0,reentrancy_dao0x7d6d887c4078e6634102329f41725d21c0756aae_ZoologicalGarden_allowance,train,0,0,0,0,1,0,0
0,buggy_110x6020da0f7c1857dbe4431ec92a15cc318d933eaa_Ownable_owner,train,0,0,0,0,1,0,0
0,0xf29ebe930a539a60279ace72c707cba851a577070xc9d86e341a68c788e4583ea7944b677f49113127_BasicToken_balanceOf,train,0,0,0,0,0,0,1
0,buggy_440xcaa05e82bdcba9e25cd1a3bf1afb790c1758943d_StandardToken_approve,train,1,0,0,0,0,0,0
0,0x81171df8191b837eb73bdbefc573b2a3047b61ff,train,0,0,0,0,0,0,0
0,dos__buggy_22,train,0,0,1,0,0,0,0
0,buggy_430x0f02e27745e3b6e9e1310d19469e2b5d7b5ec99a_ERC20_allowance,train,0,0,0,1,0,0,0
0,0xb37f18af15bafb869a065b61fc83cfc44ed9cc270x51864bb857b8d4fef57d098e1364803fb66a023d_SafeMath_min64,train,0,0,0,0,0,0,1
0,0xfb252087abd657d69e243efaba2d972432f695c8,train,0,0,0,0,0,0,0
0,timelock0xe9813b3ac3fd938d21e47d10987f58914e6ff1fd_ImTokenCardBack_transferFrom,train,0,1,0,0,0,0,0
0,0x4654a62c8d45201542e86233b625a4e33ecb316b,train,0,0,0,0,0,0,0
0,buggy_110x0e8bc4a71814b91fe77b0a79768b2403422f99f7_SafeMath_mod,train,0,0,0,1,0,0,0
0,front_running__buggy_23,train,0,0,0,1,0,0,0
0,etherbank0x76d376f1da5335b83d0d16870053b6533d1b18c8_SafeMath_safeDiv,train,0,0,0,0,1,0,0
0,0xa1fceeff3acc57d257b917e30c4df661401d6431,train,0,0,0,0,0,0,1
0,simple_suicide0xa987a1fb978abb7c17201a84efbe828d5c66264d_Ownable_Ownable,train,1,0,0,0,0,0,0
0,multiowned_vulnerable0xb67a8b829b8867a13baf6dc78d9d73bfc01e8b46_Pausable_paused,train,1,0,0,0,0,0,0
0,buggy_280x677294c0e019145f595914be0ea5e5dc27974cc6_Owned_acceptOwnership,train,0,0,0,1,0,0,0
0,access_control__buggy_25,train,1,0,0,0,0,0,0
0,buggy_380x831b1cf1387c388ed8eae955e895d90b2adb2244_SafeMath_mul,train,0,0,1,0,0,0,0
0,0x03b7dcf4e018031c39f21a6e99632ccbf72c79a2,train,0,0,0,0,0,0,0
0,0x4a66ad0bca2d700f11e1f2fc2c106f7d3264504c0x836663ddf0b2880314cd3d503508dd97b7fbeeea_CyberShekel_allowance,train,0,0,0,0,0,0,1
0,reentrancy__buggy_2,train,0,0,0,0,1,0,0
0,buggy_270x5d4cfc3c5b79ab867c338fa6219fd1aad71f67e3_DonavanTrust_balanceOf,train,0,1,0,0,0,0,0
0,0x7f9ccc73e75ad4e1b5d931dbe77c11328860ef47,train,0,0,0,0,0,0,0
0,lottopollo0xbdee7cf88eefb3451f25be656c3c18d3bcf0e3b1_SafeMath_mod,train,0,0,0,0,0,1,0
0,buggy_70xbf8d8f1242b95dfbae532af6b0f4463905415cc1_SafeMath_mul,train,0,0,1,0,0,0,0
0,0x524960d55174d912768678d8c606b4d50b79d7b10xe53c484ed5d4dcda17b289132e036d53180e8fa5_ERC20_totalSupply,train,0,0,0,0,0,0,1
0,buggy_440xa562dc7657c333cac710175ae658ffa6f9414bbc_SafeMath_mul,train,0,1,0,0,0,0,0
0,buggy_280xebcd0ea69b0f2b9bb23021348e9e31517340073f_SafeMath_mul,train,0,0,0,0,0,0,1
0,access_control__buggy_23,train,1,0,0,0,0,0,0
0,simple_dao0x79c1fdaba012b9a094c495a86ce5c6199cf86368_Ownable_Ownable,train,0,0,0,0,1,0,0
0,0x066128b9f7557b5398db3d4ed141f2e64245ffa1,train,0,0,0,0,0,0,0
0,0x68f8b2e7b1a5841724e614758a56ade0482f077e,train,0,0,0,0,0,0,0
0,0xff02b17386f94da201cff84a6a7482ec2c452ef3,train,0,0,0,0,0,0,0
0,0xfc7ade404260abbc1ad519548d3fe0856dc304d0,train,0,0,0,0,0,0,0
0,buggy_30x01b03903a1660ae507ddbb6224e478bce176c275_SafeMath_div,train,0,1,0,0,0,0,0
0,buggy_280x697fc9371a33a98078543b777ca7d5c8009d6d0b_BasicToken_balanceOf,train,0,0,0,0,0,1,0
0,etherbank0x83b9d34d75f1d09bd6fc88fc7c2bbb5adaa355f6_SafeMath_min256,train,0,0,0,0,1,0,0
0,buggy_380x198482924b5ed2c8dd5a0c824fcd618c6b49e6e8_Owned_acceptOwnership,train,0,0,1,0,0,0,0
0,0x2972d548497286d18e92b5fa1f8f9139e5653fd2,train,0,0,0,0,0,0,1
0,FibonacciBalance,train,1,0,0,0,0,0,0
0,reentrancy__buggy_15,train,0,0,0,0,1,0,0
0,0xb0f6905fa74ad35c0dc43ff60a2250488735dfc5,train,0,0,0,0,0,0,0
0,front_running__buggy_14,train,0,0,0,1,0,0,0
0,0xf2570186500a46986f3139f65afedc2afe4f445d,train,0,0,0,0,0,0,1
0,buggy_110xebb82eabbb699cedf7e72f316ec0e0f3fd1c3859_SafeMath_mul,train,0,0,0,0,0,0,1
0,integer_overflow_mapping_sym_10x416768387836bd8715d127ef9065975325cfad14_GoTDragonFarm_claimFreeDragon,train,0,1,0,0,0,0,0
0,buggy_400x44e9ab4a3af1ccc8c1cfce6fc7d3e650373fc507_SafeMath_mul,train,1,0,0,0,0,0,0
0,buggy_280x5d64170c575be26c16008d49abe98ede2ec199af_SafeMath_safeDiv,train,0,0,1,0,0,0,0
0,arithmetic__buggy_49,train,0,1,0,0,0,0,0
0,buggy_10x6b05fb952c2c986c2e005d29e33dbc48d07b7577_SafeMath_safeDiv,train,0,0,0,0,0,0,1
0,0x0ecf0851b2cb945ddbee413c0e23f0c01cd4df7d,train,0,0,0,0,0,0,0
0,buggy_430x9272fd58aba57f4b73049d719abc9053cebfa679_SafeMath_mul,train,0,0,0,0,0,0,1
0,buggy_30x5edf5432c6dc5b42c9ec01fa9443c3ac89ca9686_SafeMath_div,train,0,0,0,0,1,0,0
0,0x39cfd754c85023648bf003bea2dd498c5612abfa,train,0,0,0,0,0,0,1
0,lotto0x1e3fe98d1c89865b6b819bbfd532dadab3b34d2d_SafeMath_mod,train,0,0,0,0,0,0,1
0,front_running__buggy_33,train,0,0,0,1,0,0,0
0,integer_overflow_mapping_sym_10x081528cdadfca02b74dae6547d04d391c9a698fb_test_transfer,train,0,1,0,0,0,0,0
0,unchecked_return_value,train,0,0,0,0,0,0,1
0,arithmetic__buggy_38,train,0,1,0,0,0,0,0
0,buggy_20x095d7847945c6a496cad77bff0687a1bf367ec4a_ALTYN_totalSupply,train,0,0,0,1,0,0,0
0,buggy_40x5f5b176553e51171826d1a62e540bc30422c7717_SafeMath_div,train,0,0,0,1,0,0,0
0,buggy_440xe80b90fdabcc18932e2bcda61df6010df69091c7_SafeMath_div,train,1,0,0,0,0,0,0
0,0x47b8b6256f49cba6c8bd37361cac8b0fe324d605,train,0,0,0,0,0,0,0
0,0xdf6d916f89936d67543998e03db40d79870be41e,train,0,0,0,0,0,0,0
0,buggy_400xf58ade053207657c1e014f896be86eef306ab430_MockOracle_price,train,0,0,0,1,0,0,0
0,arithmetic__buggy_34,train,0,1,0,0,0,0,0
0,buggy_140xb8c6ad2586bb71d518c2aaf510efe91f82022f58_SafeMath_div,train,0,0,1,0,0,0,0
0,buggy_400xcb8bc6a9b5575ed7ba1d3b9e15969211c214178c_BasicToken_balanceOf,train,0,0,0,1,0,0,0
0,integer_overflow_multitx_onefunc_feasible,train,0,1,0,0,0,0,0
0,buggy_240xda9b16706b1891b298d2dd4da3998343fa7e5820_FAECERC20_transfer,train,1,0,0,0,0,0,0
0,lotto0xa41c700556d9167257f69ddf66260a3d604d94f5_CARBONTRAIL_RCAI_newRCAI,train,0,0,0,0,0,0,1
0,dos__buggy_29,train,0,0,1,0,0,0,0
0,buggy_440xf000ca9fbb684bfa2f5f8b36fdf222970fc93763_StandardToken_approve,train,0,0,0,0,1,0,0
0,buggy_20x538cc4af284ba376ad5bad0d364fbc9fb302546a_SafeMath_mul,train,0,0,0,0,0,0,1
0,buggy_20x309a758f5f33bd4418876b32d38c8d15c59c7799_Controller_Owner,train,0,0,0,0,0,0,1
0,uncheck__buggy_40,train,0,0,0,0,0,0,1
0,reentrancy__buggy_14,train,0,0,0,0,1,0,0
0,odds_and_evens0xacac2019b9c3b100ed78a61208dcb64db4a60e44_SafeMath_safeDiv,train,0,0,0,1,0,0,0
0,0xb11b2fed6c9354f7aa2f658d3b4d7b31d8a13b770x9806f88f86bf701d4a43b7b82732be80c4773f17_SafeMath_mod,train,0,0,0,0,0,0,1
0,roulette,train,0,0,0,0,0,1,0
0,buggy_430x193408ca0576b73156ed42a2ea7d6fd3f6507162_INFS_freezeAccount,train,0,0,1,0,0,0,0
0,0x173566176a1deebb47569c8366e84ba7b10b3b8b,train,0,0,0,0,0,0,0
0,eth_tx_order_dependence_minimal0x908c72de29d1e1c384616468428cdb64877232a3_StandardToken_allowance,train,0,0,0,1,0,0,0
0,buggy_380x4fa3ecf14b8c66215b5e9110d5a13da8f71c5e60_CrediPoints_totalSupply,train,0,0,0,0,0,0,1
0,front_running__buggy_34,train,0,0,0,1,0,0,0
0,buggy_110x1145b0c70dbba351c52a8d25db9c3dbe1aec08b5_SafeMath_mul,train,0,1,0,0,0,0,0
0,0x75d884981d814d676b4b6930038ee9887129b639,train,0,0,0,0,0,0,0
0,buggy_30xe0cf47de7cefffd753a3fb95170dc5a4c018e3f5_AbstractToken_,train,0,0,0,1,0,0,0
0,buggy_40xc350e846e2c57f9eece90febc253d14c8080871b_SafeMath_mod,train,0,0,0,0,0,0,1
0,buggy_10x3b7394e62f675993a0e3de45acf7d22c3ea54f1e_SafeMath_mod,train,0,1,0,0,0,0,0
0,access_control__buggy_6,train,1,0,0,0,0,0,0
0,0x12345678979f29ebc99e00bdc5693ddea564ca80,train,0,0,0,0,0,0,0
0,0x72c638bd40961311faf25ee84d0ec89b3e10593c,train,0,0,0,0,0,0,0
0,time_manipulation__buggy_45,train,0,0,0,0,0,1,0
0,0x4a66ad0bca2d700f11e1f2fc2c106f7d3264504c0x4824b7595175417b81dfc9350941bf3a35afe8f6_MyToken_transfer,train,0,0,0,0,0,0,1
0,buggy_280x49e50851231706480ef532844babd18a9c19ebef_Owned_acceptOwnership,train,1,0,0,0,0,0,0
0,buggy_30xa5034d01bb9e14bdd2d59f645a40c4b1ba40545c_AbstractToken_balanceOf,train,0,0,0,1,0,0,0
0,uncheck__buggy_39,train,0,0,0,0,0,0,1
0,access_control__buggy_45,train,1,0,0,0,0,0,0
0,buggy_400x65450aab0617411e8ba14e96468bd847ceee739c_SafeMath_mul,train,0,0,0,0,0,0,1
0,0xd78b6bd09cd28a83cfb21afa0da95c685a6bb0b1,train,0,0,0,0,0,0,0
0,buggy_240x8796aae8118debfd647a40f3acb8b36479c5e0a0_SafeMath_mul,train,0,0,0,0,0,0,1
0,buggy_280xd21ba1c2c0e8fbd236553efa39137165b3a68e75_SafeMath_div,train,0,0,0,0,1,0,0
0,buggy_280x4fa3ecf14b8c66215b5e9110d5a13da8f71c5e60_SafeMath_div,train,0,0,0,0,0,1,0
0,reentrancy_insecure,train,0,0,0,0,1,0,0
0,token0x8c7f97965f6811e5f1e839ef23d38d2ecd86a445_CrabFarm_getMyCrabs,train,0,1,0,0,0,0,0
0,0xf5dce57282a584d2746faf1593d3121fcac444dc,train,0,0,0,0,0,0,0
0,integer_overflow_benign_10xe982615d461dd5cd06575bbea87624fda4e3de17_Ownable_,train,0,1,0,0,0,0,0
0,buggy_240x521d47adbf9fa743c593219685cf19952d6a0601_ERC20_balanceOf,train,1,0,0,0,0,0,0
0,buggy_110x42f2d09a9471cc2cf0092e5c1aa55aa099041519_SafeMath_mul,train,0,0,0,1,0,0,0
0,uncheck__buggy_4,train,0,0,0,0,0,0,1
0,uncheck__buggy_32,train,0,0,0,0,0,0,1
0,0x2260fac5e5542a773aa44fbcfedf7c193bc2c599,train,0,0,0,0,0,0,0
0,0x44e9ab4a3af1ccc8c1cfce6fc7d3e650373fc507,train,0,0,0,0,0,0,0
0,buggy_110xbd1e7f594600dcaf7f483af55deacec0159a064e_ERC20_allowance,train,0,0,1,0,0,0,0
0,buggy_380xd47a07070bd8a670407038941318783cf2070a1e_SafeMath_mod,train,0,0,0,1,0,0,0
0,odds_and_evens0x398301a2322fc2e2d052d04a926e7a4f643a156e_Divs4D_max,train,0,0,0,1,0,0,0
0,buggy_430x97472ce862fc811ecbed9f3123e1dbf55fe40c9b_BasicToken_balanceOf,train,0,1,0,0,0,0,0
0,buggy_40xf5a065ceab7838a5703443deb240b3e21cd2b91b_SafeMath_div,train,0,0,0,0,1,0,0
0,0x78c2a1e91b52bca4130b6ed9edd9fbcfd4671c37,train,0,0,0,0,0,0,1
0,0xfd5fcd146b75aa62262ff80b27e961442ec7c574,train,0,0,0,0,0,0,0
0,simple_dao0x83b9d34d75f1d09bd6fc88fc7c2bbb5adaa355f6_SafeMath_mul,train,0,0,0,0,1,0,0
0,time_manipulation__buggy_40,train,0,0,0,0,0,1,0
0,buggy_280x7f5a8e08a693ea75d6ee87de54886ec013f31e11_SafeMath_mod,train,0,0,0,1,0,0,0
0,buggy_440xb58ce9456a52b6c53773e0c621a17b35d708a215_KittyBountiesAdmin_,train,0,0,0,1,0,0,0
0,parity_wallet_bug_2,train,1,0,0,0,0,0,0
0,buggy_240xfc7ade404260abbc1ad519548d3fe0856dc304d0_ERC20_balanceOf,train,0,1,0,0,0,0,0
0,0x4fc743fbfb4df9dc843a41f41db3f9a65a16ed46,train,0,0,0,0,0,0,0
0,buggy_240x65430ce5c77dd3ef0551f12be20b92567854af6b_SafeMath_div,train,1,0,0,0,0,0,0
0,buggy_430xcaa05e82bdcba9e25cd1a3bf1afb790c1758943d_SafeMath_div,train,0,0,1,0,0,0,0
0,reentrancy_simple0xc4bcd64cb216d49fd3c643a32762f34626b45a1a_CosmoCoin_CosmoCoin,train,0,0,0,0,1,0,0
0,dos__buggy_32,train,0,0,1,0,0,0,0
0,buggy_400x26a96677aa1a4bcb7229f4825dad4835a1268d7c_SafeMath_mod,train,0,1,0,0,0,0,0
0,buggy_380x309a758f5f33bd4418876b32d38c8d15c59c7799_SafeMath_mul,train,0,1,0,0,0,0,0
0,simple_suicide0x9f760bfd59fdec65b4d740fda02585bc52c032ca_StandardToken_allowance,train,1,0,0,0,0,0,0
0,0x3a903a05b98bd41ea7b18b40049223d3c768c527,train,0,0,0,0,0,0,0
0,0x189b0fb25ff4f478efec9ef952ecaa086289a770,train,0,0,0,0,0,0,0
0,simple_dao0x28474ef546033a129bdf27e0b74bc8579af31d17_HarjFarmer_seedMarket,train,0,0,0,0,1,0,0
0,access_control__buggy_44,train,1,0,0,0,0,0,0
0,buggy_110x40e6131e32e7a86e072d80d12ecb94d7e3d09fa1_SafeMath_mod,train,0,0,0,1,0,0,0
0,buggy_240x3b3801f0fc76528e42390df701f513fc62cbf154_FixedSupplyToken_,train,1,0,0,0,0,0,0
0,integer_overflow_1,train,0,1,0,0,0,0,0
0,time_manipulation__buggy_11,train,0,0,0,0,0,1,0
0,FindThisHash,train,0,0,0,1,0,0,0
0,front_running__buggy_38,train,0,0,0,1,0,0,0
0,0x59891b95010267f7a3666dcb3221059a73e11ad1,train,0,0,0,0,0,0,0
0,buggy_280x75d4f44f7a24f4103f21dbab81d62befa78e2505_SafeMath_safeDiv,train,0,0,0,1,0,0,0
0,buggy_280x0785d6edc7c7a19cbcc5fb56a406b1351fc907dc_SafeMath_mul,train,0,1,0,0,0,0,0
0,front_running__buggy_48,train,0,0,0,1,0,0,0
0,dos__buggy_3,train,0,0,1,0,0,0,0
0,reentrancy_bonus0xac23817f7e9ec7eb6b7889bdd2b50e04a44470c5_BasicToken_totalSupply,train,0,0,0,0,1,0,0
0,buggy_110xc350e846e2c57f9eece90febc253d14c8080871b_ERC20_balanceOf,train,0,0,0,0,1,0,0
0,0x524960d55174d912768678d8c606b4d50b79d7b10x908c72de29d1e1c384616468428cdb64877232a3_StandardToken_balanceOf,train,0,0,0,0,0,0,1
0,buggy_40x349c14bca4e70d5ea4a4c08e7cffce51708b4887_SafeMath_mul,train,0,0,0,1,0,0,0
0,buggy_110x964d0cb400ecc4cf5740adf718244c9ed04c5ce1_ERC20_balanceOf,train,1,0,0,0,0,0,0
0,buggy_430xd0000bea72c7eaa3d5086967a982503104113c24_ForTheBlockchain_allowance,train,0,0,0,1,0,0,0
0,0x1fc52f1abade452dd4674477d4711951700b3d27,train,0,0,0,0,0,0,0
0,0xf29ebe930a539a60279ace72c707cba851a577070x388e1a3249a93932ee9c84b8fecde2a0492228f9_ERC20_balanceOf,train,0,0,0,0,0,0,1
0,ether_lotto0xca9e21e709aea8e274c98304f75bb5e1e096626c_JPThor_allowance,train,0,0,0,0,0,1,0
0,buggy_30x190690cbd9491cdca7bbe8ff9474e1102412b330_SafeMath_safeMul,train,0,1,0,0,0,0,0
0,0xd5967fed03e85d1cce44cab284695b41bc675b5c0x8df49dcf9cc6fca7c530db05147ab8e0305c7c82_SafeMath_sub,train,0,0,0,0,0,0,1
0,0xa46edd6a9a93feec36576ee5048146870ea2c3ae0x4c39828c426ca8128ed4cbc733bf3a9934a87288_Thundercoin_approve,train,0,0,0,0,0,0,1
0,integer_overflow_multitx_multifunc_feasible0x7f9ccc73e75ad4e1b5d931dbe77c11328860ef47_StandardERC20_cap,train,0,1,0,0,0,0,0
0,buggy_60x09a8501e22da800cb7a482fc5e2bf32c90a55995_SafeMath_safeDiv,train,0,0,0,1,0,0,0
0,0x5ecc6c247b385d097d5d81c8bb7e879889905589,train,0,0,0,0,0,0,0
0,0x230c018122e0e101e57889c4a067787678bcf853,train,0,0,0,0,0,0,0
0,access_control__buggy_4,train,1,0,0,0,0,0,0
0,wallet_03_wrong_constructor,train,1,0,0,0,0,0,0
0,dos__buggy_31,train,0,0,1,0,0,0,0
0,arithmetic__buggy_22,train,0,1,0,0,0,0,0
0,buggy_380x17070be71f8082767509aa4552e0ded11bd667ec_SafeMath_mul,train,0,0,0,0,0,1,0
0,0xdd806c4fdad2949a97fda79036cfbb8750181b37,train,0,0,0,0,0,0,0
0,buggy_400x2d3b86234a16a1d558945c6f9c5eb2443275a4f2_SafeMath_mul,train,0,0,0,0,0,0,1
0,0xb62132e35a6c13ee1ee0f84dc5d40bad8d815206,train,0,0,0,0,0,0,0
0,buggy_110xcb9eea7d381094875cf1876da9522ffb4bc59a7c_SafeMath_mod,train,0,0,0,1,0,0,0
0,buggy_430x13339fd07934cd674269726edf3b5ccee9dd93de_ERC20_balanceOf,train,0,0,0,1,0,0,0
0,0xf2570186500a46986f3139f65afedc2afe4f445d0xeda5d9c59fd296aba054706d731d07947efed171_Ownable_Ownable,train,0,0,0,0,0,0,1
0,0xb11b2fed6c9354f7aa2f658d3b4d7b31d8a13b77,train,0,0,0,0,0,0,1
0,buggy_20x30feb5f9b9371146a63965bebbf1e2c90e5fdb0e_TokenERC20_transfer,train,1,0,0,0,0,0,0
0,buggy_140x198482924b5ed2c8dd5a0c824fcd618c6b49e6e8_Owned_acceptOwnership,train,0,0,0,0,1,0,0
0,front_running__buggy_29,train,0,0,0,1,0,0,0
0,timelock0x58c60fdba15376c44699c2858a498ac159ffd8cb_GigsToken_allowance,train,0,1,0,0,0,0,0
0,reentrancy__buggy_43,train,0,0,0,0,1,0,0
0,integer_overflow_minimal0xbe6b696607afe72f2cb7a47b0fbdb32c5e5f073c_safemath_div,train,0,1,0,0,0,0,0
0,insecure_transfer,train,0,1,0,0,0,0,0
0,0x0cbe050f75bc8f8c2d6c0d249fea125fd6e1acc90x28323c7ac931c12425973800fc26854e486da9b0_PriceCalculator_PriceCalculator,train,0,0,0,0,0,0,1
0,buggy_380x931abd3732f7eada74190c8f89b46f8ba7103d54_SafeMath_mod,train,0,0,0,1,0,0,0
0,reentrancy__buggy_29,train,0,0,0,0,1,0,0
0,reentrancy_simple0x416768387836bd8715d127ef9065975325cfad14_GoTDragonFarm_getBalance,train,0,0,0,0,1,0,0
0,etherpot_lotto,train,0,0,0,0,0,0,1
0,buggy_240x2b13bc5781357e12d05f3afb477bbed8a60c669d_BasicToken_balanceOf,train,0,0,0,0,1,0,0
0,access_control__buggy_47,train,1,0,0,0,0,0,0
0,buggy_380x697fc9371a33a98078543b777ca7d5c8009d6d0b_BasicToken_totalSupply,train,1,0,0,0,0,0,0
0,buggy_400x73b774ff2e2bbad413a37db5ea87cdf736b71ef6_SafeMath_div,train,1,0,0,0,0,0,0
0,buggy_110x9f7002b797ed7170d7e5c7326781bc0dd83055b9_ERC20_allowance,train,0,0,0,0,0,0,1
0,buggy_400x3456cc70aa1576b00ae60d62459e75d294b8b52e_SafeMath_mul,train,0,0,0,1,0,0,0
0,arithmetic__buggy_31,train,0,1,0,0,0,0,0
0,etherbank,train,0,0,0,0,1,0,0
0,buggy_150xdf22da9a8c1d80095175ae601d182a734923f01a_AbstractToken_,train,0,1,0,0,0,0,0
0,0xd5967fed03e85d1cce44cab284695b41bc675b5c0xbea35cddf0029321bea86715bdce6d7db73d2a43_GanjaFarm_ShrimpFarmer,train,0,0,0,0,0,0,1
0,0x7fecab617c868bb5996d99d95200d2fa708218e4,train,0,0,0,0,0,0,0
0,buggy_30xdc3f9f3301194139e9398967547ca3b6322a34cd_ERC20_balanceOf,train,0,0,0,0,1,0,0
0,arithmetic__buggy_43,train,0,1,0,0,0,0,0
0,buggy_430xe444e45b50a5aa8e295b4dd3b4c6436ea59e2818_ERC20_allowance,train,0,1,0,0,0,0,0
0,0x2972d548497286d18e92b5fa1f8f9139e5653fd20xb7a263d56605648ad054d4dc1aea24f244d7ba96_SafeMath_safeMul,train,0,0,0,0,0,0,1
0,buggy_230xe968ad47b1c071ea3905ef982833552a495d6213_SafeMath_mod,train,1,0,0,0,0,0,0
0,buggy_30xfe60cef62294f4efb43ab65b47558113cbe19fbc_ERC20Detailed_decimals,train,0,0,0,0,0,1,0
0,integer_overflow_multitx_multifunc_feasible0x5aaefe84e0fb3dd1f0fcff6fa7468124986b91bd_SafeMath_div,train,0,1,0,0,0,0,0
0,buggy_380xc71ac06a50fa9a33e4308b44df45928d64a76a6d_SafeMath_mul,train,1,0,0,0,0,0,0
0,buggy_380x794d1d86685d45f9297c2fe80f295aa7f8285bb4_SafeMath_div,train,0,0,0,0,0,1,0
0,buggy_280x2c72ee35637cb6df00f8c07595b564a05f667006_SafeMath_mod,train,0,0,1,0,0,0,0
0,reentrancy_dao0x325c96fa60eeb3a9f88bab75278b5ff18398c919_InvestorWhiteList_InvestorWhiteList,train,0,0,0,0,1,0,0
0,buggy_20x6c970e1c693829b96e8c82311a0c43a8c809df4c_SafeMath_mod,train,1,0,0,0,0,0,0
0,0x104edd531d98e93def5d050ecbf10914a6fe1f89,train,0,0,0,0,0,0,0
0,buggy_140x00fc270c9cc13e878ab5363d00354bebf6f05c15_Owned_acceptOwnership,train,0,0,1,0,0,0,0
0,buggy_140xebb82eabbb699cedf7e72f316ec0e0f3fd1c3859_SafeMath_mod,train,0,0,0,0,1,0,0
0,token0x6b7a2368f92095b4ae063dd504c99d3603ab84aa_Owned_Owned,train,0,1,0,0,0,0,0
0,buggy_140x133db2e37d8676e425eca72d3ffc3b97855d31d3_SafeMath_max256,train,0,1,0,0,0,0,0
0,access_control__buggy_28,train,1,0,0,0,0,0,0
0,buggy_110x29fb4cee43155baab885897f0e96b1f0572a1e86_SafeERC20_safeTransferFrom,train,0,0,1,0,0,0,0
0,buggy_270x2ef54146f130d428df4ff57775439ca5bae36bac_SafeMath_mul,train,1,0,0,0,0,0,0
0,buggy_430x39644476e9a3a882fbfb98a69ef2e82e56eccb90_MEADCOIN_,train,0,0,0,1,0,0,0
0,0x538cc4af284ba376ad5bad0d364fbc9fb302546a,train,0,0,0,0,0,0,0
0,buggy_430x3e159b739864768ecc80945670d3292d9c5bb14e_STONToken_,train,0,0,0,0,0,0,1
0,time_manipulation__buggy_14,train,0,0,0,0,0,1,0
0,buggy_40x064240b9b3b069e4ead886d507b7431397b8a39b_SafeMath_mod,train,0,0,1,0,0,0,0
0,0xf2570186500a46986f3139f65afedc2afe4f445d0x77bfd55f422b6978a1a21de65f8a13a1b58fa766_BasicToken_balanceOf,train,0,0,0,0,0,0,1
0,buggy_10xbf952ed8472a47cc6b5119cde96565553c187c30_Ownable_Ownable,train,0,1,0,0,0,0,0
0,buggy_400x6ebcab35ae8d2999e04742695b70f8d2e8c0f0e6_Pausable_paused,train,1,0,0,0,0,0,0
0,buggy_320x4527a3b4a8a150403090a99b87effc96f2195047_SafeMath_safeDiv,train,0,0,0,1,0,0,0
0,0x0b54c811cd4fd4d27c2ff0061c3831427d89b73c,train,0,0,0,0,0,0,0
0,0xdc3f9f3301194139e9398967547ca3b6322a34cd,train,0,0,0,0,0,0,0
0,0x133e9c0564dc1e6746fc7a3513d48198b96539a0,train,0,0,0,0,0,0,0
0,0x4b71ad9c1a84b9b643aa54fdd66e2dec96e8b1520xcf1f116947ba657dcc9fbab294d2d8cd4b12c362_database_get_presale_iconiq_arbits_per_ether,train,0,0,0,0,0,0,1
0,0x99ed1f3fab1b072764098d5ed88ca79836c3bdaa,train,0,0,0,0,0,0,0
0,buggy_440x54a217897273a50fb646c1cfc057d8abbf3433de_ERC20_balanceOf,train,0,0,0,0,1,0,0
0,0x1252e72f73a5fede1a217c44f11a2caa24f406a7,train,0,0,0,0,0,0,0
0,uncheck__buggy_27,train,0,0,0,0,0,0,1
0,buggy_140x77cf2198b76036807361db84aac6d2325281e433_Owned_acceptOwnership,train,0,0,0,0,0,0,1
0,front_running__buggy_40,train,0,0,0,1,0,0,0
0,buggy_380xa368d5a0dc530fe48883e742b817164ba6d91c4e_Pausable_addDistributionContract,train,0,0,0,0,0,0,1
0,time_manipulation__buggy_26,train,0,0,0,0,0,1,0
0,buggy_110x46cc7ec70746f4cbd56ce5fa9bb7d648398eaa5c_REALT_totalSupply,train,0,0,0,1,0,0,0
0,buggy_380xcaa05e82bdcba9e25cd1a3bf1afb790c1758943d_StandardToken_approve,train,0,0,1,0,0,0,0
0,buggy_280xae75116eacb982b6cd08a567ebafbb9e3718f123_EqwityToken_,train,0,1,0,0,0,0,0
0,mishandled,train,0,0,0,0,0,0,1
0,0xd648801ac646e5b6c1c8f403218b80e0d275274d,train,0,0,0,0,0,0,0
0,front_running__buggy_31,train,0,0,0,1,0,0,0
0,access_control__buggy_34,train,1,0,0,0,0,0,0
0,buggy_400x6b9d46a223ffa343f8b14d855a8314b0eff7fcb7_SafeMath_mul,train,0,0,0,1,0,0,0
0,0x5aaefe84e0fb3dd1f0fcff6fa7468124986b91bd,train,0,0,0,0,0,0,0
0,buggy_380x44f903884941b591ba1359d62c4cd04f3feb2235_SafeMath_mul,train,1,0,0,0,0,0,0
0,time_manipulation__buggy_6,train,0,0,0,0,0,1,0
0,0xb37f18af15bafb869a065b61fc83cfc44ed9cc27,train,0,0,0,0,0,0,1
0,buggy_440x35b26197ba05fca755e7ff44253bbfa036fee5b4_SafeMath_mod,train,1,0,0,0,0,0,0
0,buggy_440xa31b1767e09f842ecfd4bc471fe44f830e3891aa_ERC20_totalSupply,train,0,0,0,0,0,0,1
0,buggy_140xc4b6c9323f9840e0b2b2a0e65b5dc172378fb9c4_SafeMath_mul,train,0,0,1,0,0,0,0
0,0x1105536cc57be95a126e05c80262252b8c9998db,train,0,0,0,0,0,0,0
0,0xef1344bdf80bef3ff4428d8becec3eea4a2cf574,train,0,0,0,0,0,0,0
0,buggy_380xfa90d6a9a8b7fcdcbbb06e441c0ecaa57f55b11e_Owned_acceptOwnership,train,0,0,0,0,0,1,0
0,0xebed6da3e9355f1aa402f976c054db7bc16be7e0,train,0,0,0,0,0,0,0
0,buggy_40xcfe17aebf83381a651ceed832767ae7bab7b4055_SafeMath_div,train,0,1,0,0,0,0,0
0,buggy_30xaa44a4443d095a8064104ed680ef5070fa72399c_LTLNN_balanceOf,train,0,0,0,0,1,0,0
0,buggy_280xa7f1863212762d6b6f7b958b46a21ba9e4818422_Bitwin_,train,0,0,0,1,0,0,0
0,0xf70d589d76eebdd7c12cc5eec99f8f6fa4233b9e,train,0,0,0,0,0,0,1
0,0x04ead19ff234b55a6e65391fe553d4baaa5b7ebb,train,0,0,0,0,0,0,0
0,0x8cdd0cd56ae24422382c4a6ffef382732f43fe4c,train,0,0,0,0,0,0,0
0,buggy_430xcf640abc9f61c5b755a2706b56f9b1da8517412d_ERC20_balanceOf,train,0,0,1,0,0,0,0
0,buggy_240x36151737b45017234e9570cf9a1cac97138953c2_ERC20_allowance,train,0,1,0,0,0,0,0
0,front_running__buggy_28,train,0,0,0,1,0,0,0
0,dos__buggy_16,train,0,0,1,0,0,0,0
0,buggy_40x35b26197ba05fca755e7ff44253bbfa036fee5b4_SafeMath_mod,train,0,1,0,0,0,0,0
0,eth_tx_order_dependence_minimal0x59f2cc9bbeb3ccbef4991769deb29611a28acf83_BasicToken_balanceOf,train,0,0,0,1,0,0,0
0,buggy_260x193408ca0576b73156ed42a2ea7d6fd3f6507162_SafeMath_safeDiv,train,0,0,0,0,0,0,1
0,buggy_440x41c0332c833398b24095057446a20459d7b4b66d_SafeMath_mod,train,0,0,0,0,0,0,1
0,buggy_110xff02b17386f94da201cff84a6a7482ec2c452ef3_ERC20Detailed_decimals,train,0,0,0,0,1,0,0
0,buggy_400x45c998a972e6449858206775d50f3925eb1e5b1b_SafeMath_div,train,1,0,0,0,0,0,0
0,0xf14922001a2fb8541a433905437ae954419c2439,train,0,0,0,0,0,0,0
0,buggy_40x87ab739464881af0011052d4ca0b0d657e8c3b48_Pausable_paused,train,0,1,0,0,0,0,0
0,front_running__buggy_39,train,0,0,0,1,0,0,0
0,buggy_280x44f920b8e9b703f87f52f22ac84a106ef464388c_SafeMath_mod,train,0,0,0,1,0,0,0
0,buggy_110xd5ca9646cf0fc525c1631320e8d78968774f7aeb_SafeMath_safeDiv,train,0,0,0,1,0,0,0
0,uncheck__buggy_16,train,0,0,0,0,0,0,1
0,buggy_40x4f375b916cdbb1c389385832d8a1e0faabe2ce13_Ownable_owner,train,0,0,0,0,1,0,0
0,arithmetic__buggy_39,train,0,1,0,0,0,0,0
0,buggy_280x469202bb405f940cd908ddbc28155a70703a4840_SafeMath_div,train,0,0,0,0,0,1,0
0,buggy_260x366cf49c6bc3986b20ecf4fd7c05f0c617332e8c_ERC721_balanceOf,train,0,1,0,0,0,0,0
0,arithmetic__buggy_20xc617d51e3a1f621da8ae67b2f652d6ac02eb8d95_SafeMath_safeMul,train,0,1,0,0,0,0,0
0,uncheck__buggy_48,train,0,0,0,0,0,0,1
0,reentrancy_bonus0x1c0addffeb8a2c63de6ec734ad1728240cd8d877_ProofOfExistence_get,train,0,0,0,0,1,0,0
0,token0x957b9dc190c4391a1e07352df34e1ec02077f1ec_SafeMath_max64,train,0,1,0,0,0,0,0
0,buggy_230x9d7bb267cca4c33caaa8dfe3ad05bf6b61eef538_SafeMath_mul,train,0,1,0,0,0,0,0
0,buggy_440xe65ee7c03bbb3c950cfd4895c24989afa233ef01_FixedSupplyBurnableToken_balanceOf,train,0,0,0,1,0,0,0
0,0x55f359a60d458d3d215e7a51539084fc3f65daad,train,0,0,0,0,0,0,0
0,buggy_400x347038bab5c32e619d3d3aaeb05d408afc1671a9_Ownable_owner,train,0,0,0,1,0,0,0
0,buggy_190x66c6e6be5736046021381054d26e15a2f123d8f8_ERC20_balanceOf,train,0,1,0,0,0,0,0
0,access_control__buggy_20,train,1,0,0,0,0,0,0
0,time_manipulation__buggy_28,train,0,0,0,0,0,1,0
0,buggy_110x2781246fe707bb15cee3e5ea354e2154a2877b16_ERC20_balanceOf,train,0,0,0,0,0,0,1
0,uncheck__buggy_35,train,0,0,0,0,0,0,1
0,0x3fd71392ac646c7634e6a3fd1eb77a95abeaa1b1,train,0,0,0,0,0,0,0
0,0x52d2e0f9b01101a59b38a3d05c80b7618aeed9840x7fecab617c868bb5996d99d95200d2fa708218e4_SafeMath_sub,train,0,0,0,0,0,0,1
0,buggy_240x9e92ead7ea826c174cd6a05d172375db60df188d_RadToken_allowance,train,0,1,0,0,0,0,0
0,0x89509d113b09b109a0ae2fb940091a60e8b73231,train,0,0,0,0,0,0,0
0,tokensalechallenge0xf5d714d9cd577b7daf83f84aea37a1eb0787e7ad_BasicToken_totalSupply,train,0,1,0,0,0,0,0
0,ether_lotto0x6669c10955f8f3a64025ae9793b9a92e777d628d_SafeMath_div,train,0,0,0,0,0,1,0
0,0x14eae1322abcadf490bc6ebd6a821a86373e20c4,train,0,0,0,0,0,0,0
0,buggy_260x616a74e4895bfe762da00b95877f25bef0d0d3c8_SafeMath_mul,train,1,0,0,0,0,0,0
0,0x806a6bd219f162442d992bdc4ee6eba1f2c5a707,train,0,0,0,0,0,0,1
0,0xb11b2fed6c9354f7aa2f658d3b4d7b31d8a13b770xe9813b3ac3fd938d21e47d10987f58914e6ff1fd_ImTokenCardBack_mint,train,0,0,0,0,0,0,1
0,arithmetic__buggy_14,train,0,1,0,0,0,0,0
0,buggy_110xf5e7ecb7f6011f35f7f0781922784467a149c405_SafeMath_Connor_mul,train,0,0,0,1,0,0,0
0,0x4a66ad0bca2d700f11e1f2fc2c106f7d3264504c,train,0,0,0,0,0,0,1
0,reentrancy__buggy_11,train,0,0,0,0,1,0,0
0,buggy_280x1a9ecb05376bf8bb32f7f038a845dbafb22041cd_Mono_allowance,train,0,0,0,0,0,0,1
0,buggy_30xc760721eb65aa6b0a634df6a008887c48813ff63_ERC20_allowance,train,1,0,0,0,0,0,0
0,buggy_110x034f8165470b0a26b8daac1c3cd1cc6156e8294d_Owned_acceptOwnership,train,0,0,0,1,0,0,0
0,buggy_140xc617d51e3a1f621da8ae67b2f652d6ac02eb8d95_SafeMath_safeMul,train,0,0,0,0,1,0,0
0,buggy_40xebdf9a7ae0009b958c6d09501eb9ac1dafeb31ab_SafeMath_div,train,0,0,1,0,0,0,0
0,uncheck__buggy_11,train,0,0,0,0,0,0,1
0,buggy_280x927c993100ec88012afebf1bff292cf2d4c6317a_Pausable_addDistributionContract,train,1,0,0,0,0,0,0
0,eth_tx_order_dependence_minimal0xb2501a43089d2d5d61917d4acc921f4a1689e32f_AbcdEfg_totalSupply,train,0,0,0,1,0,0,0
0,buggy_40x06a6fc23e6ec8a2b2aeeefd70d772dc3d6b45010_SafeMath_div,train,1,0,0,0,0,0,0
0,buggy_400x20d11cb319552871969526f4c58b99c34df9e6ed_BasicToken_balanceOf,train,0,0,1,0,0,0,0
0,0x23a91059fdc9579a9fbd0edc5f2ea0bfdb70deb4,train,0,0,0,0,1,0,0
0,etherbank0xf825251d8d0c4da7ebd83b564b61ff3eb0852384_AbstractToken_AbstractToken,train,0,0,0,0,1,0,0
0,reentrance,train,0,0,0,0,1,0,0
0,lottopollo0xa2e4fb662ba999a1e1bac839340c4d34e36e5d19_FlightDelayAddressResolver_FlightDelayAddressResolver,train,0,0,0,0,0,1,0
0,buggy_40x06652f356e52681c07d1338bd13b2d80820a9286_Pausable_paused,train,0,1,0,0,0,0,0
0,eth_tx_order_dependence_minimal0x1c0addffeb8a2c63de6ec734ad1728240cd8d877_ProofOfExistence_get,train,0,0,0,1,0,0,0
0,buggy_140xb70e23a235eb97a5397261be9a85de73eba212c1_SafeMath_div,train,0,0,0,0,0,1,0
0,auction0x676abde481967851b0c28e81bde8561e756d75e8_Ownable_Ownable,train,0,0,1,0,0,0,0
0,buggy_30x6556d2ec4d96da39cf75cbe50d58fae90079800a_ERC20_balanceOf,train,0,0,0,0,0,0,1
0,0x6020da0f7c1857dbe4431ec92a15cc318d933eaa,train,0,0,0,0,0,0,0
0,buggy_400x89ca91cfdb0ae8bc3abc659bc0b5fdc866e9d5cd_InchWormPOC_allowance,train,0,0,1,0,0,0,0
0,arithmetic__buggy_6,train,0,1,0,0,0,0,0
0,buggy_440xee89f20cb132e134c9ffccf623f6d01f73591bce_ERC20_balanceOf,train,0,0,0,0,0,0,1
0,buggy_40xc6003a33f7464d6e6c1dc17344a75a9952187541_SafeMath_mod,train,1,0,0,0,0,0,0
0,buggy_20xb8c6ad2586bb71d518c2aaf510efe91f82022f58_SafeMath_div,train,0,0,1,0,0,0,0
0,buggy_380x535bfc6883442f2ebe26171c2716cb25b623792c_DissolutionToken_balanceOf,train,1,0,0,0,0,0,0
0,integer_overflow_add,train,0,1,0,0,0,0,0
0,0x0bbb4b90cb9176929e16f307bc1efa63867a8c6d,train,0,0,0,0,0,0,0
0,time_manipulation__buggy_33,train,0,0,0,0,0,1,0
0,reentrancy__buggy_18,train,0,0,0,0,1,0,0
0,time_manipulation__buggy_43,train,0,0,0,0,0,1,0
0,arithmetic__buggy_11,train,0,1,0,0,0,0,0
0,0x610495793564aed0f9c7fc48dc4c7c9151d34fd60x7f9ccc73e75ad4e1b5d931dbe77c11328860ef47_Pausable_paused,train,0,0,0,0,0,0,1
0,0x4fc253577d582ab489dd7325e5e77ca2c3cfc3fe,train,0,0,0,0,0,0,0
0,0x673a5fb0639d35ab6e157c1e6377d0096ab74128,train,0,0,0,0,0,0,0
0,front_running__buggy_32,train,0,0,0,1,0,0,0
0,0xf29ebe930a539a60279ace72c707cba851a57707,train,0,0,0,0,0,0,1
0,0xe463d1ee18bcbce681215d15738018eadaa82260,train,0,0,0,0,0,0,0
0,tokensalechallenge0xa99457d5b259bca184e9f7a44132310f6670d19c_Ownable_Ownable,train,0,1,0,0,0,0,0
0,buggy_240x0ef987c2be871851176e46b098083b8f0fef4c17_ERC20_balanceOf,train,0,0,0,0,0,0,1
0,0x2972d548497286d18e92b5fa1f8f9139e5653fd20x73fadd839ccc9097bbcc87e1f9af56157bc47dde_SafeMath_div,train,0,0,0,0,0,0,1
0,buggy_400xde960de55c59c3fd139c792564329523531f1e18_SafeMath_div,train,0,0,1,0,0,0,0
0,dos__buggy_25,train,0,0,1,0,0,0,0
0,insecure_transfer0x3b7394e62f675993a0e3de45acf7d22c3ea54f1e_SafeMath_div,train,0,1,0,0,0,0,0
0,reentrancy__buggy_33,train,0,0,0,0,1,0,0
0,reentrancy__buggy_6,train,0,0,0,0,1,0,0
0,buggy_280x5ecb025e51415dba9fd272c551076357cf4069f5_Owned_acceptOwnership,train,0,0,0,0,0,1,0
0,buggy_280x0e97dcbe67df2a0d3fbcd983c04990e6d0cbb566_SafeMath_div,train,0,0,0,1,0,0,0
0,buggy_440x39f5be9f4b18830c9bb17cfdb045a4724c3d3b28_MCCIT_totalSupply,train,0,0,0,0,1,0,0
0,buggy_440x831b1cf1387c388ed8eae955e895d90b2adb2244_SafeMath_mod,train,0,1,0,0,0,0,0
0,0x7c639dafe776aa02f24b90c9bca3dc4ff11b6b3d,train,0,0,0,0,0,0,0
0,0x89c1b3807d4c67df034fffb62f3509561218d30b,train,0,0,0,0,0,0,1
0,buggy_400x3b18610670ab6d6df6eb0642c5f90416aa076995_BariCoin_,train,0,0,0,0,0,0,1
0,buggy_230xdbe615c10ce4336fcbaed628e76fbe84e4b7dc44_SafeMath_div,train,0,1,0,0,0,0,0
0,buggy_270x3e159b739864768ecc80945670d3292d9c5bb14e_Owned_acceptOwnership,train,1,0,0,0,0,0,0
0,buggy_380xc76378c467c819d93ddad8b474e3338bcd74baee_PublicResolver_supportsInterface,train,0,0,0,0,0,1,0
0,time_manipulation__buggy_50,train,0,0,0,0,0,1,0
0,0x524960d55174d912768678d8c606b4d50b79d7b10xc8e6cd948e3f6c586c9af12ea23c504d0933e19a_BasicToken_totalSupply,train,0,0,0,0,0,0,1
0,access_control__buggy_18,train,1,0,0,0,0,0,0
0,buggy_240x5df57065865e078e2029f264dca5517ac08601b4_SafeMath_mul,train,0,0,1,0,0,0,0
0,0x36f0d644877b77e1311f851c78637e774c67ae20,train,0,0,0,0,0,0,0
0,lottopollo0x4726bf61c3a8df967b6f2c805659810e8d343218_Agriss_getBalanceOf,train,0,0,0,0,0,1,0
0,buggy_440x61b2d3ea9f1c6b387c985c73d40e8fbfb284e5c7_SafeMath_div,train,1,0,0,0,0,0,0
0,incorrect_constructor_name2,train,1,0,0,0,0,0,0
0,buggy_230x0ef987c2be871851176e46b098083b8f0fef4c17_SafeMath_mul,train,0,0,1,0,0,0,0
0,0xb42211a1b3ae2ec02454850790c02b683abf9dda,train,0,0,0,0,0,0,0
0,buggy_380x65565ae3ef290215c87e956065a451e4b40e1823_TokenTimelock_beneficiary,train,0,1,0,0,0,0,0
0,buggy_280xf8d142c7cd9b9d5abf6c449307de40adb8a17b38_SafeMath_mod,train,0,0,1,0,0,0,0
0,buggy_20xa5503c4227bf8c5fcbab84cece74009de5fc3e71_SafeMath_div,train,0,0,0,0,0,0,1
0,time_manipulation__buggy_16,train,0,0,0,0,0,1,0
0,0xf2570186500a46986f3139f65afedc2afe4f445d0x25a1de1c3ee658fe034b8914a1d8d34110423af8_SafeMath_div,train,0,0,0,0,0,0,1
0,buggy_170x75c7626e1903bba8c1e429d6db5ea26600c6a248_SafeMath_mul,train,0,0,0,1,0,0,0
0,0x2c8826775fb4d5c883fba7c2ffa0ef0854dd9529,train,0,0,0,0,0,0,0
0,0x2972d548497286d18e92b5fa1f8f9139e5653fd20x0da2c2f5bb8cef300e894f47532af79811f0e18a_DaEXCoin_approve,train,0,0,0,0,0,0,1
0,buggy_280x13893f2a61c42e412624dabca9e5bd7b2ac5c5cf_FixedSupplyToken_allowance,train,0,1,0,0,0,0,0
0,uncheck__buggy_1,train,0,0,0,0,0,0,1
0,buggy_30x535960f316117a9941ea37b06393b81341a17421_ETM_totalSupply,train,0,0,0,1,0,0,0
0,buggy_280x109e726df6f2fe1aaf0ca306e1582d305614075b_SafeMath_mul,train,0,0,0,0,1,0,0
0,token0xa746564ae854f6f023d01ed159b0333f92c472dc_ERC20_totalSupply,train,0,1,0,0,0,0,0
0,reentrancy_simple0x45ecd27a81df8ca0848cdef0b7d325ea40c581fe_SafeMath_safeMul,train,0,0,0,0,1,0,0
0,0xdd5151da2ab25566e1d2a3c9a3e77396303f8a93,train,0,0,0,0,0,0,0
0,0xce0e76ba29f1a2baac3a62791d5cfa92f79910a0,train,0,0,0,0,0,0,0
0,0x0cbe050f75bc8f8c2d6c0d249fea125fd6e1acc9,train,0,0,0,0,0,0,1
0,time_manipulation__buggy_5,train,0,0,0,0,0,1,0
0,buggy_30xc71ac06a50fa9a33e4308b44df45928d64a76a6d_SafeMath_div,train,0,0,0,0,0,0,1
0,arithmetic__buggy_3,train,0,1,0,0,0,0,0
0,access_control__buggy_16,train,1,0,0,0,0,0,0
0,buggy_30xa48711840b4ce07800b06ea4860d73ca55a836ec_SafeMath_div,train,0,0,1,0,0,0,0
0,buggy_40x2a3a07d241eda9d573a6b666e9fc359666cf7b39_SafeMath_mod,train,0,0,1,0,0,0,0
0,buggy_430x45c998a972e6449858206775d50f3925eb1e5b1b_ERC20_balanceOf,train,0,1,0,0,0,0,0
0,integer_overflow_minimal0x6b05fb952c2c986c2e005d29e33dbc48d07b7577_Ownable_owner,train,0,1,0,0,0,0,0
0,front_running__buggy_49,train,0,0,0,1,0,0,0
0,buggy_30x349c14bca4e70d5ea4a4c08e7cffce51708b4887_SafeMath_mul,train,0,0,0,1,0,0,0
0,buggy_240xf36c6876ba6ec35bb0c004fc3a2879cb9586a173_SafeMath_mul,train,0,1,0,0,0,0,0
0,buggy_140x97472ce862fc811ecbed9f3123e1dbf55fe40c9b_SafeMath_mul,train,0,0,0,0,0,0,1
0,arithmetic__buggy_26,train,0,1,0,0,0,0,0
0,0x2c72ee35637cb6df00f8c07595b564a05f667006,train,0,0,0,0,0,0,0
0,0x2e2e0b2ef981b0e3e5602128f0d520293ba7f338,train,0,0,0,0,0,0,0
0,0x11bf607993ebfc3426ab3952e01cf40d70afc76f,train,0,0,0,0,0,0,0
0,buggy_190xda7bf696953ce9a74f5fbf79ce3f99572dede591_ERC20Detailed_decimals,train,0,1,0,0,0,0,0
0,0xe0d62ad40082d615703913a48b9b3914f5b56d57,train,0,0,0,0,0,0,0
0,0x9ecc1e438655e1dd724283f9bd3ded379cb6ca37,train,0,0,0,0,0,0,0
0,buggy_280x6b9d46a223ffa343f8b14d855a8314b0eff7fcb7_FormSI060719_balanceOf,train,0,0,0,1,0,0,0
0,etherbank0x416768387836bd8715d127ef9065975325cfad14_GoTDragonFarm_claimFreeDragon,train,0,0,0,0,1,0,0
0,0xbaa3de6504690efb064420d89e871c27065cdd52,train,0,0,0,0,0,0,1
0,buggy_140x65565ae3ef290215c87e956065a451e4b40e1823_SafeMath_mod,train,0,0,0,0,0,1,0
0,uncheck__buggy_240x36aa67777b842a4b5670067634ed5ad9365759ee_FixedSupplyToken_allowance,train,0,0,0,0,0,0,1
0,buggy_40xf7be3fefee60736b7602bb75d5d0c6bdc1a88222_DanpiaTestTokens_allowance,train,0,0,0,0,0,0,1
0,buggy_190x9587c214951d567e211192f9a7dbb2b9c7211848_multiSend_,val,0,1,0,0,0,0,0
0,reentrancy__buggy_39,val,0,0,0,0,1,0,0
0,0x5dd0815a4cf119ad91ba045bbbf879f3f7de3c68,val,0,0,0,0,0,0,0
0,buggy_380x767385821ba49a86c343ea9d674702a9177ab816_Owned_acceptOwnership,val,0,0,0,1,0,0,0
0,buggy_440x44e9ab4a3af1ccc8c1cfce6fc7d3e650373fc507_ERC20Detailed_decimals,val,0,1,0,0,0,0,0
0,0x7d1afa7b718fb893db30a3abc0cfc608aacfebb0,val,0,0,0,0,0,0,0
0,access_control__buggy_22,val,1,0,0,0,0,0,0
0,buggy_190xef1344bdf80bef3ff4428d8becec3eea4a2cf574_ERC20_allowance,val,0,1,0,0,0,0,0
0,buggy_240x19c33ea6a6bd42078d36ac2cd2010df01aa45ac9_SafeMath_div,val,0,1,0,0,0,0,0
0,arithmetic__buggy_12,val,0,1,0,0,0,0,0
0,0xa46edd6a9a93feec36576ee5048146870ea2c3ae0x1beb353fa1e215457ff16fceec07f7eab9f06565_EscrowWallet_Request,val,0,0,0,0,0,0,1
0,access_control__buggy_38,val,1,0,0,0,0,0,0
0,0x7906cdac57b29ef289c4887eb7811c2a641a2b75,val,0,0,0,0,0,0,0
0,front_running__buggy_18,val,0,0,0,1,0,0,0
0,0x0234ae8f8e5a5aeccff9f633aa8d81aa17677ed0,val,0,0,0,0,0,0,0
0,0x0da9326d7da81f8b19a8ec2d3255ab7076768c2d,val,0,0,0,0,0,0,0
0,arithmetic__buggy_44,val,0,1,0,0,0,0,0
0,0x03966330e7f60c95d2d8dd043735eea901c5e4e0,val,0,0,0,0,0,0,0
0,uncheck__buggy_26,val,0,0,0,0,0,0,1
0,buggy_400x535960f316117a9941ea37b06393b81341a17421_SafeMath_safeDiv,val,0,0,1,0,0,0,0
0,buggy_380xaffdbbbdd400bb780dea5307b39187d1e9edc1cc_SafeMath_mul,val,0,0,0,1,0,0,0
0,0x0e5632feb2c2619dba9c7e2dc5a7ed3fd14969da,val,0,0,0,0,0,0,0
0,0xb620cee6b52f96f3c6b253e6eea556aa2d214a99,val,0,0,0,0,0,0,1
0,0x5f5b176553e51171826d1a62e540bc30422c7717,val,0,0,0,0,0,0,0
0,uncheck__buggy_14,val,0,0,0,0,0,0,1
0,access_control__buggy_31,val,1,0,0,0,0,0,0
0,buggy_400x3b3801f0fc76528e42390df701f513fc62cbf154_FixedSupplyToken_,val,0,0,0,1,0,0,0
0,0x3a306a399085f3460bbcb5b77015ab33806a10d5,val,0,0,0,0,0,0,0
0,reentrancy__buggy_16,val,0,0,0,0,1,0,0
0,buggy_240xcb5eb4ad33fd2ff079d70c1bf31f99ea8aac73d7_SafeMath_mod,val,0,0,0,0,0,0,1
0,buggy_270x18ae6bc100ac9ef701c14562e1b812393a86a8e8_Owned_acceptOwnership,val,0,1,0,0,0,0,0
0,dos__buggy_17,val,0,0,1,0,0,0,0
0,time_manipulation__buggy_15,val,0,0,0,0,0,1,0
0,0x000c100050e98c91f9114fa5dd75ce6869bf4f53,val,0,0,0,0,0,0,0
0,integer_overflow_minimal0x14eae1322abcadf490bc6ebd6a821a86373e20c4_BasicToken_totalSupply,val,0,1,0,0,0,0,0
0,buggy_440xd8b5bc0773ac589e11fc8c21abcc8441951fd4c7_AbstractToken_,val,0,0,0,0,1,0,0
0,front_running__buggy_15,val,0,0,0,1,0,0,0
0,buggy_40xb4450f8048dd4eaa6e24b6fdb4f8328b22b61bef_SafeMath_div,val,0,0,0,0,0,0,1
0,0xe894d54dca59cb53fe9cbc5155093605c7068220,val,0,0,0,0,0,0,1
0,wallet_04_confused_sign,val,1,0,0,0,0,0,0
0,0x4a66ad0bca2d700f11e1f2fc2c106f7d3264504c0xf226e38c3007b3d974fc79bcf5a77750035436ee_SafeMath_div,val,0,0,0,0,0,0,1
0,buggy_40x9d7bb267cca4c33caaa8dfe3ad05bf6b61eef538_AbstractToken_balanceOf,val,0,0,0,0,0,0,1
0,0xf2570186500a46986f3139f65afedc2afe4f445d0xb37a769b37224449d92aac57de379e1267cd3b00_SafeMath_div,val,0,0,0,0,0,0,1
0,0x35972be96f011fd6a51f6090a856083078a44655,val,0,0,0,0,0,0,0
0,buggy_400x535bfc6883442f2ebe26171c2716cb25b623792c_Owned_acceptOwnership,val,0,1,0,0,0,0,0
0,token0x5a33296b788f96337df7163ae79b551a935da73c_SafeERC20_safeTransferFrom,val,0,1,0,0,0,0,0
0,buggy_380xc6003a33f7464d6e6c1dc17344a75a9952187541_Lockable_lockedBalance,val,1,0,0,0,0,0,0
0,0x230c2a140e758087f7107dd31943c5c03b819e55,val,0,0,0,0,0,0,0
0,reentrancy__buggy_48,val,0,0,0,0,1,0,0
0,integer_overflow_multitx_onefunc_feasible0xe382eb93c1838473a22d3c680b82ac29eb0094cc_SafeERC20_safeTransferFrom,val,0,1,0,0,0,0,0
0,buggy_30xfa2d6cd0410f9656612fd837692d6a4921946f1b_ERC20_allowance,val,0,0,0,1,0,0,0
0,timelock0xb1a804f02559c91c12ba3e3f76934141e4ecd137_SafeMath_div,val,0,1,0,0,0,0,0
0,buggy_10x4333defa1bf3b49246666d1dea395f98e816a032_ERC20_balanceOf,val,0,0,0,0,0,1,0
0,buggy_110x8a5b23b095e7ed34c2a7acbb2fa9e686298614f8_SafeMath_safeDiv,val,0,1,0,0,0,0,0
0,0xeda5d9c59fd296aba054706d731d07947efed171,val,0,0,0,0,0,0,0
0,buggy_270xe25789d1b6f8eed8e421ba6aa9a8c2416efcc229_Ownable_owner,val,0,1,0,0,0,0,0
0,access_control__buggy_40,val,1,0,0,0,0,0,0
0,0x01f8c4e3fa3edeb29e514cba738d87ce8c091d3f,val,0,0,0,0,1,0,0
0,0x5d746a60d39a3b584b438374d5e95e2ab00085b5,val,0,0,0,0,0,0,0
0,buggy_400x366cf49c6bc3986b20ecf4fd7c05f0c617332e8c_ERC165_supportsInterface,val,0,0,1,0,0,0,0
0,buggy_380x2192effd72861e7c275a64e77e26b0fab2b33a7a_SafeMath_mod,val,0,0,0,1,0,0,0
0,uncheck__buggy_38,val,0,0,0,0,0,0,1
0,0xb7c5c5aa4d42967efe906e1b66cb8df9cebf04f70x200c777c0d2e949524aecab181102c645d07ba70_SafeMath_mul,val,0,0,0,0,0,0,1
0,buggy_280xea9eb702499ba163599d80ccd01fbf5335f6b799_FixedSupplyToken_allowance,val,0,0,0,0,0,1,0
0,time_manipulation__buggy_39,val,0,0,0,0,0,1,0
0,buggy_280xa2b5ceb15354343c6f7a1569ac250cdd9b0634ba_SafeMath_mod,val,1,0,0,0,0,0,0
0,buggy_440x83e401afd7438ec2b2827874eba920eb6a345cbb_Freezable_freezeOf,val,0,1,0,0,0,0,0
0,buggy_110x931abd3732f7eada74190c8f89b46f8ba7103d54_ERC20_totalSupply,val,0,0,0,0,0,0,1
0,0xbb2ac7e354c2b95ffa58ede51832a443129bb51f,val,0,0,0,0,0,0,0
0,buggy_190xff02b17386f94da201cff84a6a7482ec2c452ef3_ERC20_balanceOf,val,0,0,0,0,0,0,1
0,reentrancy__buggy_4,val,0,0,0,0,1,0,0
0,0x341ffd5852614e6a9189dc2931cb7ec3f10605b0,val,0,0,0,0,0,0,0
0,buggy_270xf9c27de474cce832fad75107853b78838888ac11_Ownable_owner,val,0,0,0,0,0,0,1
0,0x5b7939811749068f6c3d7e689e396c66aad9854a,val,0,0,0,0,0,0,0
0,buggy_430x3a2b6134526b4fd9b3c33adc8d4d2927a6f5bb63_Pausable_paused,val,0,1,0,0,0,0,0
0,0x0cbe050f75bc8f8c2d6c0d249fea125fd6e1acc90xa2e4fb662ba999a1e1bac839340c4d34e36e5d19_FlightDelayAddressResolver_changeOwner,val,0,0,0,0,0,0,1
0,integer_overflow_minimal,val,0,1,0,0,0,0,0
0,0xe043dd0c6712b862d68be955f4a031940fbb5513,val,0,0,0,0,0,0,0
0,overflow_single_tx0x2566c658331eac75d3b3ccd0e45c78d9cf6c4c4c_Ownable_Ownable,val,0,1,0,0,0,0,0
0,buggy_380x2822f6d1b2f41f93f33d937bc7d84a8dfa4f4c21_Ownable_owner,val,0,0,0,0,0,0,1
0,simple_dao0xb613aa71ce4630e955548a61d089617e8e2f509a_SafeMath_div,val,0,0,0,0,1,0,0
0,buggy_240x96d8a52bdbd8dac26763e13b0242d846888cacbf_Ownable_owner,val,0,0,0,0,0,0,1
0,dos_address,val,0,0,1,0,0,0,0
0,list_dos,val,0,0,1,0,0,0,0
0,buggy_400x01b03903a1660ae507ddbb6224e478bce176c275_SafeMath_div,val,0,0,1,0,0,0,0
0,buggy_440x17070be71f8082767509aa4552e0ded11bd667ec_Pausable_paused,val,0,0,0,0,1,0,0
0,0x0cbe050f75bc8f8c2d6c0d249fea125fd6e1acc90xed943d75b2ff94d76f4eda892513255ef841261c_Ownable_Ownable,val,0,0,0,0,0,0,1
0,BECToken,val,0,1,0,0,0,0,0
0,buggy_40x6556d2ec4d96da39cf75cbe50d58fae90079800a_SafeMath_mod,val,0,0,0,0,1,0,0
0,0xa2dbb4808d9ec74dc548cae39d3660e57f189840,val,0,0,0,0,0,0,0
0,uncheck__buggy_43,val,0,0,0,0,0,0,1
0,front_running__buggy_2,val,0,0,0,1,0,0,0
0,buggy_280x57ffa14de96e7a761750fdf41c9496214a6dca2a_SafeMath_div,val,0,1,0,0,0,0,0
0,0xf1f64f6b8e17dd68c1db10b0eed3d2541a6c09ab,val,0,0,0,0,0,0,0
0,0xe8b1b40f2d307bce891833f46eef1f69560e6926,val,0,0,0,0,0,0,0
0,0x4927643162fe6d18c7f046b3d155d8da0eee80e8,val,0,0,0,0,0,0,0
0,time_manipulation__buggy_44,val,0,0,0,0,0,1,0
0,0xf62c023880e7a90b760794590042f7b2452f3eda,val,0,0,0,0,0,0,0
0,lotto,val,0,0,0,0,0,0,1
0,buggy_440x09a8501e22da800cb7a482fc5e2bf32c90a55995_FLX_freezeAccount,val,0,0,0,1,0,0,0
0,buggy_280xde960de55c59c3fd139c792564329523531f1e18_SafeMath_mod,val,0,0,0,0,0,0,1
0,reentrancy__buggy_26,val,0,0,0,0,1,0,0
0,arithmetic__buggy_15,val,0,1,0,0,0,0,0
0,simple_dao0x836663ddf0b2880314cd3d503508dd97b7fbeeea_CyberShekel_balanceOf,val,0,0,0,0,1,0,0
0,reentrancy_dao0x866396fb9860e2e4ab6e795eba75052e2a6bceeb_SafeMath_div,val,0,0,0,0,1,0,0
0,time_manipulation__buggy_34,val,0,0,0,0,0,1,0
0,0x2972d548497286d18e92b5fa1f8f9139e5653fd20xe53c484ed5d4dcda17b289132e036d53180e8fa5_SafeMath_div,val,0,0,0,0,0,0,1
0,buggy_430xd869755384bbed1c05fc18ee098e829227a1a3eb_CRX_totalSupply,val,0,1,0,0,0,0,0
0,dos__buggy_39,val,0,0,1,0,0,0,0
0,reentrancy__buggy_31,val,0,0,0,0,1,0,0
0,access_control__buggy_2,val,1,0,0,0,0,0,0
0,buggy_40x3456cc70aa1576b00ae60d62459e75d294b8b52e_AbstractToken_,val,1,0,0,0,0,0,0
0,buggy_280x9125a3bf564e1a608833f392f1b011efa17db4ef_SafeMath_mod,val,0,0,1,0,0,0,0
0,buggy_240x01ff4933a07aa905be4a4242ba604b7fe65856d7_SafeMath_safeDiv,val,0,1,0,0,0,0,0
0,0x524960d55174d912768678d8c606b4d50b79d7b10xe9b77a61841ba3aef2711ab6691e1ded4b3eb22e_KeenFutureToken_KeenFutureToken,val,0,0,0,0,0,0,1
0,auction0xc8e6cd948e3f6c586c9af12ea23c504d0933e19a_BasicToken_balanceOf,val,0,0,1,0,0,0,0
0,0x524960d55174d912768678d8c606b4d50b79d7b10x835a44027ee4e92bbd8874e5ede9e5148b069e96_AbstractToken_AbstractToken,val,0,0,0,0,0,0,1
0,time_manipulation__buggy_24,val,0,0,0,0,0,1,0
0,0x7ec0a611e7d491fbeef62dbebbdb3e65e019bf9b,val,0,0,0,0,0,0,0
0,buggy_400xd4f6f9ae14399fd5eb8dfc7725f0094a1a7f5d80_FixedSupplyToken_allowance,val,0,1,0,0,0,0,0
0,incorrect_constructor_name3,val,1,0,0,0,0,0,0
0,0x1748149ea200a9d1db395bf744f5266c97988637,val,0,0,0,0,0,0,0
0,0x4a66ad0bca2d700f11e1f2fc2c106f7d3264504c0x618737029ae07215dfc2c0b4204b8f91e9909366_InvestorWhiteList_getReferralOf,val,0,0,0,0,0,0,1
0,arithmetic__buggy_35,val,0,1,0,0,0,0,0
0,buggy_440x6c970e1c693829b96e8c82311a0c43a8c809df4c_SafeMath_div,val,0,1,0,0,0,0,0
0,0xa63c7c107dd5a74fd81a711cbe4b20007bc73a6a,val,0,0,0,0,0,0,0
0,access_control__buggy_26,val,1,0,0,0,0,0,0
0,access_control__buggy_48,val,1,0,0,0,0,0,0
0,0x171d750d42d661b62c277a6b486adb82348c3eca,val,0,0,0,0,0,0,0
0,reentrancy__buggy_3,val,0,0,0,0,1,0,0
0,0x2972d548497286d18e92b5fa1f8f9139e5653fd20x1f32ef0dc9fecdd72f18bb834fa0d16be5768b41_Ownable_Ownable,val,0,0,0,0,0,0,1
0,0xa07519032c24799354b6efedd38c3b704226b2f2,val,0,0,0,0,0,0,0
0,buggy_30x7cc444e71c36ef6c39374ce2f2912e3ff5babdcd_SafeMath_div,val,0,0,0,0,0,1,0
0,time_manipulation__buggy_35,val,0,0,0,0,0,1,0
0,time_manipulation__buggy_1,val,0,0,0,0,0,1,0
0,0xa46edd6a9a93feec36576ee5048146870ea2c3ae0x618737029ae07215dfc2c0b4204b8f91e9909366_InvestorWhiteList_isAllowed,val,0,0,0,0,0,0,1
0,lottopollo0xd7408546678406f239410acc4f5ac5ca1b633ce5_DragonFarmer_getMyIceDragon,val,0,0,0,0,0,1,0
0,reentrancy__buggy_30,val,0,0,0,0,1,0,0
0,access_control__buggy_32,val,1,0,0,0,0,0,0
0,0xac23817f7e9ec7eb6b7889bdd2b50e04a44470c5,val,0,0,0,0,0,0,0
0,0x1cd2a911a28a034da2645fea802e280253c7f527,test,0,0,0,0,0,0,0
0,uncheck__buggy_34,test,0,0,0,0,0,0,1
0,reentrancy__buggy_21,test,0,0,0,0,1,0,0
0,front_running__buggy_30,test,0,0,0,1,0,0,0
0,lottopollo0x9fbd51ed85412ed7b5d0f12ebd29fa03d767de11_SafeMath_mul,test,0,0,0,0,0,1,0
0,0x32470ff2a384becbd33c2b70f3cd4ba6192cb368,test,0,0,0,0,0,0,0
0,auction0x13565ed69a6997dada0cc0e2087f08504626d9db_SafeMath_mod,test,0,0,1,0,0,0,0
0,0xd5967fed03e85d1cce44cab284695b41bc675b5c0xf0f9f4d63b7dd586e6b07806b0f39cc9cd7e9490_BasicToken_balanceOf,test,0,0,0,0,0,0,1
0,uncheck__buggy_3,test,0,0,0,0,0,0,1
0,uncheck__buggy_15,test,0,0,0,0,0,0,1
0,buggy_400xde0722169f3e94fa73e1b1ee1aa59b5a73b56bbd_HoloParkGamingToken_allowance,test,0,0,0,0,0,0,1
0,time_manipulation__buggy_47,test,0,0,0,0,0,1,0
0,0xf7f8d017acb918e21f1463461ead2ad27db8abc5,test,0,0,0,0,0,0,0
0,buggy_30x9587c214951d567e211192f9a7dbb2b9c7211848_multiSend_,test,0,1,0,0,0,0,0
0,auction0xbfe760f6a6746a3bf51df942660c56cd9a94fa08_SafeMath_div,test,0,0,1,0,0,0,0
0,0xa254e0528874bb14b45be4b0e21d31a965a9a4b1,test,0,0,0,0,0,0,0
0,buggy_190x06a6fc23e6ec8a2b2aeeefd70d772dc3d6b45010_SafeMath_div,test,0,0,0,1,0,0,0
0,0x0f72b988c30a4e4472607703c3363dcfe0f58e0d,test,0,0,0,0,0,0,0
0,buggy_110xb03e9255f4aff415f458a399eb22d965ee5fd729_Bee_die,test,0,0,0,0,1,0,0
0,access_control__buggy_35,test,1,0,0,0,0,0,0
0,buggy_270xf14f67393bc32c8da791636ac67dc2907fc59605_Ownable_owner,test,1,0,0,0,0,0,0
0,odds_and_evens0x7332077db22f7c1df320e757a77e8871377976da_MiningRigFarmer_MiningRigFarmer,test,0,0,0,1,0,0,0
0,buggy_440xcb9eea7d381094875cf1876da9522ffb4bc59a7c_SafeMath_mul,test,0,0,0,0,1,0,0
0,0xa04ebf9bf9994ec776b6e8621b8ac75e32767dcd,test,0,0,0,0,0,0,0
0,time_manipulation__buggy_25,test,0,0,0,0,0,1,0
0,buggy_270x04ec339271ed913ee4104cb3d03574d72d7e5ac9_SafeMath_div,test,0,0,0,1,0,0,0
0,0x5edf5432c6dc5b42c9ec01fa9443c3ac89ca9686,test,0,0,0,0,0,0,0
0,buggy_280xd21ba1c2c0e8fbd236553efa39137165b3a68e75_SafeMath_mod,test,0,0,0,0,1,0,0
0,dos__buggy_11,test,0,0,1,0,0,0,0
0,buggy_40xe3176e757f3fde2709ecf754dc194a3f50bd8449_FixedSupplyToken_allowance,test,0,0,0,0,1,0,0
0,buggy_190x97472ce862fc811ecbed9f3123e1dbf55fe40c9b_BasicToken_balanceOf,test,0,0,0,0,0,0,1
0,mishandled0x34d264fadcae674c4aaea6d795b4d1448feb038b_StandardToken_allowance,test,0,0,0,0,0,0,1
0,buggy_400x6001de41576fd5d2fb2862a3fb0039ca6c589a0d_SafeMath_mul,test,1,0,0,0,0,0,0
0,odds_and_evens0xd69b45172657b88f414cf5eb8941b52ac4ae55db_ERC20_balanceOf,test,0,0,0,1,0,0,0
0,arithmetic__buggy_48,test,0,1,0,0,0,0,0
0,buggy_110x46feaa16561d5ddb0ffaefe0324adfbaf7a6de0f_ERC20_balanceOf,test,0,0,1,0,0,0,0
0,etherbank0x6669c10955f8f3a64025ae9793b9a92e777d628d_Ownable_Ownable,test,0,0,0,0,1,0,0
0,buggy_190x97472ce862fc811ecbed9f3123e1dbf55fe40c9b_StandardToken_approve,test,0,0,0,1,0,0,0
0,etherbank0xe7121ff8c912047f144c53f68c4905afa3c946f1_BasicToken_balanceOf,test,0,0,0,0,1,0,0
0,buggy_380x404acb05b709eb5a81d08183b24080c7446875ee_SafeMath_safeDiv,test,1,0,0,0,0,0,0
0,front_running__buggy_45,test,0,0,0,1,0,0,0
0,timelock0x096035be1b555323969f613cd8402494b0178580_SafeMath_div,test,0,1,0,0,0,0,0
0,0x2972d548497286d18e92b5fa1f8f9139e5653fd20xcec1077309f29d0553f7197c0de3c0baedd8dbea_SafeMath_div,test,0,0,0,0,0,0,1
0,0xdb1c55f6926e7d847ddf8678905ad871a68199d2,test,0,0,0,0,0,0,1
0,0xb55283fb3a40ecdc33e32caeb8e56ed8cdbb31be,test,0,0,0,0,0,0,0
0,0x6a6b391ba6c00418d0ece1177c357c2bd4e894f6,test,0,0,0,0,0,0,0
0,0x524960d55174d912768678d8c606b4d50b79d7b10x26fe2d1d3d288f2f2fe5bfff40be832e814137b6_SafeMath_div,test,0,0,0,0,0,0,1
0,buggy_440x45c998a972e6449858206775d50f3925eb1e5b1b_SafeMath_div,test,0,0,0,0,0,0,1
0,buggy_140xa5b91fbfec2f9a708592f9cd3c9e20becdfcb816_VIPToken_transfer,test,0,0,0,0,0,0,1
0,reentrancy__buggy_45,test,0,0,0,0,1,0,0
0,0x2682762d9830ace22218c7bd51d19e5757ec3f03,test,0,0,0,0,0,0,0
0,access_control__buggy_29,test,1,0,0,0,0,0,0
0,access_control__buggy_33,test,1,0,0,0,0,0,0
0,access_control__buggy_240x36aa67777b842a4b5670067634ed5ad9365759ee_FixedSupplyToken_allowance,test,1,0,0,0,0,0,0
0,buggy_20xce5114d7fa8361f0c088ee26fa3a5446c4a1f50b_Ownable_owner,test,0,1,0,0,0,0,0
0,buggy_110xa2dbb4808d9ec74dc548cae39d3660e57f189840_ERC20Detailed_decimals,test,0,0,1,0,0,0,0
0,lottopollo0xd2425561799564001f13bc7586936a702675dc70_TCT_balanceOf,test,0,0,0,0,0,1,0
0,buggy_260x18ae6bc100ac9ef701c14562e1b812393a86a8e8_InGRedientToken_,test,0,1,0,0,0,0,0
0,wallet_04_confused_sign0x85954c0adde80c73b019a92c08e0d22f16ac4067_SafeMath_div,test,1,0,0,0,0,0,0
0,reentrance0x5e2cdfaaa35273bb4c1ca9c3c8f335af1b1bf4b7_ERC20_totalSupply,test,0,0,0,0,1,0,0
0,0x6ee10c4c566166135c8de574ce63f583afc6d2b2,test,0,0,0,0,0,0,0
0,buggy_40x9652847049867929260c9e16b31dfbb3b011817f_FixedSupplyToken_,test,0,0,1,0,0,0,0
0,buggy_20x75c7626e1903bba8c1e429d6db5ea26600c6a248_SafeMath_safeDiv,test,0,0,0,0,0,0,1
0,odds_and_evens0x7c8db6eefa66f5fca3343bd10f7d4932b0c152f7_GigsToken_allowance,test,0,0,0,1,0,0,0
0,insecure_transfer0x908c72de29d1e1c384616468428cdb64877232a3_CoinXExchange_decimals,test,0,1,0,0,0,0,0
0,reentrancy__buggy_23,test,0,0,0,0,1,0,0
0,arithmetic__buggy_21,test,0,1,0,0,0,0,0
0,front_running__buggy_44,test,0,0,0,1,0,0,0
0,buggy_270x9e92ead7ea826c174cd6a05d172375db60df188d_RadToken_,test,0,0,0,0,0,0,1
0,insecure_transfer0xacac2019b9c3b100ed78a61208dcb64db4a60e44_Ownable_owner,test,0,1,0,0,0,0,0
0,0xafa9ec5eddaa50db06e8ed2c680ac6c81a32e9b7,test,0,0,0,0,0,0,0
0,buggy_20xd823721f953c2b8b745db8f1d4c652433e528037_Bussiness_,test,0,0,1,0,0,0,0
0,integer_overflow_10x676abde481967851b0c28e81bde8561e756d75e8_ModulumInvestorsWhitelist_ModulumInvestorsWhitelist,test,0,1,0,0,0,0,0
0,buggy_240x0622d8ec245f14d6ac137989fb842fb68ab6d837_SafeMath_mod,test,0,0,0,1,0,0,0
0,0x8b5cf2db3564bb1e556b4f177047fd72934bb231,test,0,0,0,0,0,0,0
0,buggy_440xf3db7146fac029cc363ffd20cd16449ee382445e_ERC20_decimals,test,0,0,0,0,0,0,1
0,dos__buggy_50,test,0,0,1,0,0,0,0
0,buggy_260x57ffa14de96e7a761750fdf41c9496214a6dca2a_SafeMath_mul,test,1,0,0,0,0,0,0
0,0x5d2f6108c30a8f93d4a956f74d2289e5ed86e5c3,test,0,0,0,0,0,0,0
0,0x6ebcab35ae8d2999e04742695b70f8d2e8c0f0e6,test,0,0,0,0,0,0,0
0,buggy_40xc6003a33f7464d6e6c1dc17344a75a9952187541_Lockable_lockedPeriod,test,0,0,0,1,0,0,0
0,incorrect_constructor_name1,test,1,0,0,0,0,0,0
0,0xd5967fed03e85d1cce44cab284695b41bc675b5c0x091f601d7b6c0c8073d075a1847bafc6872559a4_Clue_totalSupply,test,0,0,0,0,0,0,1
0,buggy_110x75c7626e1903bba8c1e429d6db5ea26600c6a248_SafeMath_mul,test,1,0,0,0,0,0,0
0,buggy_10x0ecf0851b2cb945ddbee413c0e23f0c01cd4df7d_ERC20_totalSupply,test,0,0,0,0,0,1,0
0,integer_overflow_multitx_onefunc_feasible0x7421c18f8ea6245cf1242c335daf2659927014fa_PingContract_pingBlock,test,0,1,0,0,0,0,0
0,access_control__buggy_39,test,1,0,0,0,0,0,0
0,0x4a66ad0bca2d700f11e1f2fc2c106f7d3264504c0xcd5070939c1310249c034bd8eae42c0f0dfe327f_SvelteyCoin_allowance,test,0,0,0,0,0,0,1
0,buggy_270x1863d1351fc3003f1ad361939248e3a3a114958e_SafeMath_mod,test,0,0,0,0,1,0,0
0,buggy_110xb4450f8048dd4eaa6e24b6fdb4f8328b22b61bef_SafeMath_mod,test,0,0,1,0,0,0,0
0,buggy_270xaffdbbbdd400bb780dea5307b39187d1e9edc1cc_SafeMath_mul,test,1,0,0,0,0,0,0
0,dos__buggy_15,test,0,0,1,0,0,0,0
0,reentrancy__buggy_44,test,0,0,0,0,1,0,0
0,0x01b03903a1660ae507ddbb6224e478bce176c275,test,0,0,0,0,0,0,0
0,send_loop,test,0,0,1,0,0,0,0
0,buggy_380x9272fd58aba57f4b73049d719abc9053cebfa679_SafeMath_div,test,0,0,1,0,0,0,0
0,0x70f9eddb3931491aab1aeafbc1e7f1ca2a012db40x7a7e1c7157367e224542d92f3c8493bb4dc28878_BasicToken_balanceOf,test,0,0,0,0,0,0,1
0,0x0cbe050f75bc8f8c2d6c0d249fea125fd6e1acc90xf0f9f4d63b7dd586e6b07806b0f39cc9cd7e9490_BasicToken_totalSupply,test,0,0,0,0,0,0,1
0,insecure_transfer0xb91f14a4d5b798dfe738b3f484553ced7370b4b1_Blacklist_isPermitted,test,0,1,0,0,0,0,0
0,0x4a66ad0bca2d700f11e1f2fc2c106f7d3264504c0x9212d24bcfb04ea8d416010f2c91d7c0f1f9eb77_Ownable_owner,test,0,0,0,0,0,0,1
0,buggy_140xb705268213d593b8fd88d3fdeff93aff5cbdcfae_SafeMath_div,test,0,0,0,0,0,0,1
0,etherbank0x5dbe296f97b23c4a6aa6183d73e574d02ba5c719_AbstractToken_AbstractToken,test,0,0,0,0,1,0,0
0,buggy_40x65bf93f65961ff6b778d6b7e52c5807a97c2e4f3_AbstractToken_balanceOf,test,0,0,0,0,1,0,0
0,wallet_02_refund_nosub,test,1,0,0,0,0,0,0
0,integer_overflow_10xec9405f15cb1239a751148f7e5ab2895df15ccc5_SafeMath_div,test,0,1,0,0,0,0,0
0,arithmetic__buggy_23,test,0,1,0,0,0,0,0
0,time_manipulation__buggy_27,test,0,0,0,0,0,1,0
0,reentrancy__buggy_40xda9b16706b1891b298d2dd4da3998343fa7e5820_SafeMath_div,test,0,0,0,0,1,0,0
0,buggy_260x0f7feaeeb7872bfeb39da593f60c2a3b65d16e93_SafeMath_safeMul,test,0,0,0,1,0,0,0
0,buggy_40x193408ca0576b73156ed42a2ea7d6fd3f6507162_INFS_totalSupply,test,0,1,0,0,0,0,0
0,buggy_280xaffdbbbdd400bb780dea5307b39187d1e9edc1cc_PauserRole_,test,0,1,0,0,0,0,0
0,0x7d5a7a974ea07bfedddc2a15297189089be071b6,test,0,0,0,0,0,0,0
0,integer_overflow_mapping_sym_10xbf5ec0ad2f5ea26530c70dd534d6c82a91e56da6_SafeERC20_safeTransferFrom,test,0,1,0,0,0,0,0
0,buggy_440x198482924b5ed2c8dd5a0c824fcd618c6b49e6e8_RICHToken_,test,0,0,0,0,0,0,1
0,buggy_270x7eedfa6a5e958d0c3565a2ebdc89f0ec6fc8be94_JQToken_allowance,test,0,1,0,0,0,0,0
0,0x52d2e0f9b01101a59b38a3d05c80b7618aeed9840xa1b85dbba00f8d99ad1da05010fcc9e92c4aec60_SafeMath_min256,test,0,0,0,0,0,0,1
0,0x7c62787ffc3f49e7897dab3d0efc11606ae41f08,test,0,0,0,0,0,0,0
0,buggy_240x746dda2ea243400d5a63e0700f190ab79f06489e_SafeMath_div,test,1,0,0,0,0,0,0
0,0xd5967fed03e85d1cce44cab284695b41bc675b5c0xf2a173ce6c3556cb39734f805b6fba2159a0fe91_SafeMath_mul,test,0,0,0,0,0,0,1
0,reentrancy__buggy_20,test,0,0,0,0,1,0,0
0,front_running__buggy_26,test,0,0,0,1,0,0,0
0,buggy_120xa0008f510fe9ee696e7e320c9e5cbf61e27791ee_SafeMath_div,test,0,0,0,0,0,0,1
0,reentrancy_dao0x76d376f1da5335b83d0d16870053b6533d1b18c8_Ownable_owner,test,0,0,0,0,1,0,0
0,0x7541b76cb60f4c60af330c208b0623b7f54bf615,test,0,0,0,0,1,0,0
0,0xcfe17aebf83381a651ceed832767ae7bab7b4055,test,0,0,0,0,0,0,0
0,buggy_20x064240b9b3b069e4ead886d507b7431397b8a39b_SafeMath_mul,test,0,1,0,0,0,0,0
0,0xcf1f116947ba657dcc9fbab294d2d8cd4b12c362,test,0,0,0,0,0,0,0
0,dos__buggy_40,test,0,0,1,0,0,0,0
0,auction0x07c34e089868da9fa16f505122f6e14680fd5ae4_Utils_safeDiv,test,0,0,1,0,0,0,0
0,multiowned_vulnerable0x166f1a7ecae00bd43876a25b10a63c575e05c0e7_Vera_totalSupply,test,1,0,0,0,0,0,0
0,buggy_280xdcd85914b8ae28c1e62f1c488e1d968d5aaffe2b_TOPToken_transfer,test,0,0,0,0,0,1,0
0,buggy_440x4973eda29d48cf5e46065ce5d77c9b9f148a44cf_SafeMath_mul,test,0,0,0,1,0,0,0
0,buggy_240x26fb7f1ec05f731678f894b1ef4e2c2110dfccb2_ERC20_totalSupply,test,0,0,0,0,0,0,1
0,buggy_380xd0000bea72c7eaa3d5086967a982503104113c24_ForTheBlockchain_balanceOf,test,0,0,0,0,0,0,1
0,buggy_440xcb7156fcc5eb8612cb3856b4f716e938ba761c94_SafeMath_mul,test,0,0,0,0,0,0,1
0,eth_tx_order_dependence_minimal0x0ebb614204e47c09b6c3feb9aaecad8ee060e23e_SafeMath_mul,test,0,0,0,1,0,0,0
0,buggy_140x8da10d1d4e03cd2459ebafb91439a9eba1cef42e_SafeMath_safeDiv,test,0,0,0,0,0,1,0
0,0x2a77bf0239c625a0319e21607d6e9093a38b6eed,test,0,0,0,0,0,0,0
0,buggy_400x697fc9371a33a98078543b777ca7d5c8009d6d0b_BasicToken_totalSupply,test,1,0,0,0,0,0,0
0,buggy_380x13cb835c47782dad075ce7faa1f8439b548b712d_Owned_acceptOwnership,test,0,0,1,0,0,0,0
1,arithmetic__buggy_45,train,0,1,0,0,0,0,0
1,buggy_270xe463d1ee18bcbce681215d15738018eadaa82260_SafeMath_add,train,0,1,0,0,0,0,0
1,front_running__buggy_35,train,0,0,0,1,0,0,0
1,buggy_240x0ef987c2be871851176e46b098083b8f0fef4c17_ERC20_balanceOf,train,0,0,0,0,0,0,1
1,buggy_400x2d3b86234a16a1d558945c6f9c5eb2443275a4f2_SafeMath_mul,train,0,0,0,0,0,0,1
1,0x72c638bd40961311faf25ee84d0ec89b3e10593c,train,0,0,0,0,0,0,0
1,0x4a66ad0bca2d700f11e1f2fc2c106f7d3264504c,train,0,0,0,0,0,0,1
1,reentrancy__buggy_31,train,0,0,0,0,1,0,0
1,buggy_280xbd1e7f594600dcaf7f483af55deacec0159a064e_ERC20_balanceOf,train,0,0,0,0,0,0,1
1,time_manipulation__buggy_23,train,0,0,0,0,0,1,0
1,buggy_230xe25789d1b6f8eed8e421ba6aa9a8c2416efcc229_SafeMath_safeDiv,train,0,0,0,1,0,0,0
1,buggy_40x5f5b176553e51171826d1a62e540bc30422c7717_SafeMath_div,train,0,0,0,1,0,0,0
1,buggy_260xb705268213d593b8fd88d3fdeff93aff5cbdcfae_SafeMath_mul,train,0,0,0,0,1,0,0
1,0xf7f8d017acb918e21f1463461ead2ad27db8abc5,train,0,0,0,0,0,0,0
1,buggy_270x1a6ea5a886fb8fd61b9cbf83d47e5b07aec897f5_FixedSupplyToken_balanceOf,train,1,0,0,0,0,0,0
1,buggy_20x8da10d1d4e03cd2459ebafb91439a9eba1cef42e_SafeMath_safeDiv,train,1,0,0,0,0,0,0
1,buggy_280xdcd85914b8ae28c1e62f1c488e1d968d5aaffe2b_TOPToken_transfer,train,0,0,0,0,0,1,0
1,buggy_440x35b26197ba05fca755e7ff44253bbfa036fee5b4_SafeMath_mod,train,1,0,0,0,0,0,0
1,buggy_140xa5b91fbfec2f9a708592f9cd3c9e20becdfcb816_VIPToken_transfer,train,0,0,0,0,0,0,1
1,front_running__buggy_18,train,0,0,0,1,0,0,0
1,ether_lotto0xca9e21e709aea8e274c98304f75bb5e1e096626c_JPThor_allowance,train,0,0,0,0,0,1,0
1,0x48271aa08d6309895447c067e728e8b140ddf2b4,train,0,0,0,0,0,0,0
1,phishable0x17ca6b74a3292275df419f5c0dd41a8851625968_ERC20_balanceOf,train,1,0,0,0,0,0,0
1,buggy_440x794d1d86685d45f9297c2fe80f295aa7f8285bb4_PALSToken_allowance,train,0,0,0,0,1,0,0
1,buggy_440x1c3ac706cf023365004f48da5094ff01c3bed4f2_SafeMath_div,train,0,0,0,1,0,0,0
1,buggy_110xb0644e54f627aa5292d66b2b98e93873adb8ea07_ERC20_allowance,train,0,1,0,0,0,0,0
1,buggy_110x964d0cb400ecc4cf5740adf718244c9ed04c5ce1_ERC20_balanceOf,train,1,0,0,0,0,0,0
1,buggy_40x0cab2d4f3804de20facb7ae095d68b339e32732a_InGRedientToken_allowance,train,1,0,0,0,0,0,0
1,eth_tx_order_dependence_minimal,train,0,0,0,1,0,0,0
1,buggy_400x9cb79101f795287585843d71c1b0a33a0724c2bb_SafeMath_mod,train,0,0,0,1,0,0,0
1,access_control__buggy_23,train,1,0,0,0,0,0,0
1,reentrancy__buggy_40xda9b16706b1891b298d2dd4da3998343fa7e5820_SafeMath_div,train,0,0,0,0,1,0,0
1,0x19cf8481ea15427a98ba3cdd6d9e14690011ab10,train,0,0,0,0,0,0,1
1,buggy_30xb4450f8048dd4eaa6e24b6fdb4f8328b22b61bef_ERC20_balanceOf,train,0,0,0,0,1,0,0
1,buggy_110x2781246fe707bb15cee3e5ea354e2154a2877b16_ERC20_balanceOf,train,0,0,0,0,0,0,1
1,buggy_440xe65ee7c03bbb3c950cfd4895c24989afa233ef01_FixedSupplyBurnableToken_balanceOf,train,0,0,0,1,0,0,0
1,0x04a6e67d14715dd0e267b35805fea24fd0b5f70b,train,0,0,0,0,0,0,0
1,simple_suicide0x55b4ad987c8129a6499160df47106e837c78a277_SafeMath_mod,train,1,0,0,0,0,0,0
1,etherbank0xd90dd9aeff7a347112dd07a892a52dd2d5627877_SafeMath_div,train,0,0,0,0,1,0,0
1,0xd110bb8a24b100c37af7310416e685af807c1f10,train,0,0,0,0,0,0,0
1,buggy_270xf9c27de474cce832fad75107853b78838888ac11_Ownable_owner,train,0,0,0,0,0,0,1
1,buggy_30xa5034d01bb9e14bdd2d59f645a40c4b1ba40545c_AbstractToken_balanceOf,train,0,0,0,1,0,0,0
1,buggy_440xcb7156fcc5eb8612cb3856b4f716e938ba761c94_SafeMath_mul,train,0,0,0,0,0,0,1
1,time_manipulation__buggy_27,train,0,0,0,0,0,1,0
1,access_control__buggy_43,train,1,0,0,0,0,0,0
1,0x6b9d46a223ffa343f8b14d855a8314b0eff7fcb7,train,0,0,0,0,0,0,0
1,buggy_270x831b1cf1387c388ed8eae955e895d90b2adb2244_SafeMath_div,train,0,0,0,0,0,0,1
1,0xdcc27bbaa14cafd8a6aeb847e1b01c5dffb70935,train,0,0,0,0,0,0,0
1,buggy_140x00fc270c9cc13e878ab5363d00354bebf6f05c15_Owned_acceptOwnership,train,0,0,1,0,0,0,0
1,0x39cfd754c85023648bf003bea2dd498c5612abfa,train,0,0,0,0,0,0,1
1,0x494a0cece54896b2b5308773a0ebff47eb55e1c3,train,0,0,0,0,0,0,0
1,dos__buggy_3,train,0,0,1,0,0,0,0
1,buggy_380x151d9d5e9c9f5adceebd3597df050ba9dd41d507_CoinsNetwork_,train,0,0,0,0,0,1,0
1,buggy_380x68eb95dc9934e19b86687a10df8e364423240e94_SafeMath_mod,train,0,0,0,0,0,1,0
1,uncheck__buggy_20,train,0,0,0,0,0,0,1
1,buggy_380xfa90d6a9a8b7fcdcbbb06e441c0ecaa57f55b11e_Owned_acceptOwnership,train,0,0,0,0,0,1,0
1,0x7a2b4708e18f3d11393b6de37cf1fe1ec7b4fd62,train,0,0,0,0,0,0,0
1,buggy_110x46feaa16561d5ddb0ffaefe0324adfbaf7a6de0f_ERC20_balanceOf,train,0,0,1,0,0,0,0
1,buggy_60x09a8501e22da800cb7a482fc5e2bf32c90a55995_SafeMath_safeDiv,train,0,0,0,1,0,0,0
1,unchecked_return_value,train,0,0,0,0,0,0,1
1,buggy_430x75c7626e1903bba8c1e429d6db5ea26600c6a248_AbstractToken_,train,0,1,0,0,0,0,0
1,buggy_400xfa2d6cd0410f9656612fd837692d6a4921946f1b_Ownable_owner,train,0,0,0,0,0,0,1
1,arithmetic__buggy_1,train,0,1,0,0,0,0,0
1,simple_suicide0x8fbcb3f7a4c48dd9500ba20b5254c08d75403ba1_SafeERC20_safeTransferFrom,train,1,0,0,0,0,0,0
1,buggy_110x29fb4cee43155baab885897f0e96b1f0572a1e86_SafeERC20_safeTransferFrom,train,0,0,1,0,0,0,0
1,buggy_270x0e5d3380806f947b151fc3c9ba8946453fada97a_SafeMath_div,train,1,0,0,0,0,0,0
1,0x4a66ad0bca2d700f11e1f2fc2c106f7d3264504c0xf226e38c3007b3d974fc79bcf5a77750035436ee_SafeMath_div,train,0,0,0,0,0,0,1
1,0xe894d54dca59cb53fe9cbc5155093605c7068220,train,0,0,0,0,0,0,1
1,0xe043dd0c6712b862d68be955f4a031940fbb5513,train,0,0,0,0,0,0,0
1,time_manipulation__buggy_14,train,0,0,0,0,0,1,0
1,uncheck__buggy_28,train,0,0,0,0,0,0,1
1,simple_dao0x79c1fdaba012b9a094c495a86ce5c6199cf86368_Ownable_Ownable,train,0,0,0,0,1,0,0
1,buggy_430x0ef987c2be871851176e46b098083b8f0fef4c17_SafeMath_mul,train,0,0,0,0,0,0,1
1,time_manipulation__buggy_33,train,0,0,0,0,0,1,0
1,buggy_140xebb82eabbb699cedf7e72f316ec0e0f3fd1c3859_SafeMath_mod,train,0,0,0,0,1,0,0
1,simple_dao,train,0,0,0,0,1,0,0
1,buggy_440xa562dc7657c333cac710175ae658ffa6f9414bbc_SafeMath_mul,train,0,1,0,0,0,0,0
1,0x4a66ad0bca2d700f11e1f2fc2c106f7d3264504c0x9212d24bcfb04ea8d416010f2c91d7c0f1f9eb77_Ownable_owner,train,0,0,0,0,0,0,1
1,0xfc7ade404260abbc1ad519548d3fe0856dc304d0,train,0,0,0,0,0,0,0
1,buggy_430xe0cf1a976503b6e27250d710f7097c004b9a706b_QTMTotal_setOwner,train,0,1,0,0,0,0,0
1,buggy_40x5edf5432c6dc5b42c9ec01fa9443c3ac89ca9686_SafeMath_div,train,0,0,0,0,0,0,1
1,buggy_380x9ecc1e438655e1dd724283f9bd3ded379cb6ca37_SafeMath_mod,train,0,0,0,0,0,0,1
1,buggy_40x3feeca6f6d6c498cd72fa1c83fdf6fccecabbdcf_SafeMath_mod,train,1,0,0,0,0,0,0
1,buggy_440x45c998a972e6449858206775d50f3925eb1e5b1b_SafeMath_div,train,0,0,0,0,0,0,1
1,buggy_240x697fc9371a33a98078543b777ca7d5c8009d6d0b_SafeMath_div,train,0,1,0,0,0,0,0
1,reentrancy_simple0x416768387836bd8715d127ef9065975325cfad14_GoTDragonFarm_getBalance,train,0,0,0,0,1,0,0
1,buggy_110xd5ca9646cf0fc525c1631320e8d78968774f7aeb_SafeMath_safeDiv,train,0,0,0,1,0,0,0
1,0xd41f5a9bf9ff2aed4497f39bb3ccb5ef58346aff,train,0,0,0,0,0,0,0
1,buggy_240xcbf15fb8246f679f9df0135881cb29a3746f734b_SafeMath_mul,train,0,1,0,0,0,0,0
1,uncheck__buggy_27,train,0,0,0,0,0,0,1
1,0x2972d548497286d18e92b5fa1f8f9139e5653fd20xcec1077309f29d0553f7197c0de3c0baedd8dbea_SafeMath_div,train,0,0,0,0,0,0,1
1,buggy_190x66c6e6be5736046021381054d26e15a2f123d8f8_ERC20_balanceOf,train,0,1,0,0,0,0,0
1,0x70f9eddb3931491aab1aeafbc1e7f1ca2a012db40x51864bb857b8d4fef57d098e1364803fb66a023d_SafeMath_max256,train,0,0,0,0,0,0,1
1,buggy_400xf8ed6c51762208ff26f8f3e4efd4e06af2da649c_FixedSupplyToken_approve,train,0,0,0,0,0,0,1
1,buggy_380xa368d5a0dc530fe48883e742b817164ba6d91c4e_Pausable_addDistributionContract,train,0,0,0,0,0,0,1
1,reentrancy__buggy_35,train,0,0,0,0,1,0,0
1,buggy_30xdc3f9f3301194139e9398967547ca3b6322a34cd_ERC20_balanceOf,train,0,0,0,0,1,0,0
1,0xdfc8ecb515c0bb72de8bcbe0cb7a2d84b65c8027,train,0,0,0,0,0,0,0
1,access_control__buggy_27,train,1,0,0,0,0,0,0
1,0xe09b1ab8111c2729a76f16de96bc86a7af837928,train,0,0,0,0,0,0,1
1,0x7ec0a611e7d491fbeef62dbebbdb3e65e019bf9b,train,0,0,0,0,0,0,0
1,buggy_50x4a57e687b9126435a9b19e4a802113e266adebde_Ownable_Ownable,train,0,0,0,0,0,0,1
1,front_running__buggy_230xcda50305e75b01894dad90be684eb2d6f1c5b0e7_SafeMath_mul,train,0,0,0,1,0,0,0
1,buggy_280x54a217897273a50fb646c1cfc057d8abbf3433de_SafeMath_mod,train,0,0,0,0,0,0,1
1,0x8b5cf2db3564bb1e556b4f177047fd72934bb231,train,0,0,0,0,0,0,0
1,buggy_140x97472ce862fc811ecbed9f3123e1dbf55fe40c9b_SafeMath_mul,train,0,0,0,0,0,0,1
1,timelock0xdbcf6ed2bc28df9d2fa97e6db49a79be7439ee74_ERC20Token_allowance,train,0,1,0,0,0,0,0
1,0x831b1cf1387c388ed8eae955e895d90b2adb2244,train,0,0,0,0,0,0,0
1,0x2260fac5e5542a773aa44fbcfedf7c193bc2c599,train,0,0,0,0,0,0,0
1,buggy_260x366cf49c6bc3986b20ecf4fd7c05f0c617332e8c_ERC721_balanceOf,train,0,1,0,0,0,0,0
1,buggy_280xf8d142c7cd9b9d5abf6c449307de40adb8a17b38_SafeMath_mul,train,1,0,0,0,0,0,0
1,buggy_280x75d4f44f7a24f4103f21dbab81d62befa78e2505_SafeMath_safeDiv,train,0,0,0,1,0,0,0
1,buggy_400x63bcfa2aaf618662b76e58eae4ee410f933b47ac_SafeMath_mod,train,0,0,0,0,0,0,1
1,buggy_40xc350e846e2c57f9eece90febc253d14c8080871b_SafeMath_mod,train,0,0,0,0,0,0,1
1,buggy_430x8da10d1d4e03cd2459ebafb91439a9eba1cef42e_SafeMath_safeMul,train,0,0,0,1,0,0,0
1,buggy_400x36151737b45017234e9570cf9a1cac97138953c2_SafeMath_mod,train,0,1,0,0,0,0,0
1,buggy_230x13cb835c47782dad075ce7faa1f8439b548b712d_LENS_,train,1,0,0,0,0,0,0
1,0xd5967fed03e85d1cce44cab284695b41bc675b5c0xe9e4afe548256ba90ee7d63f24eac11250f67450_EtherealId_IsActive,train,0,0,0,0,0,0,1
1,buggy_380xc76378c467c819d93ddad8b474e3338bcd74baee_PublicResolver_supportsInterface,train,0,0,0,0,0,1,0
1,access_control__buggy_22,train,1,0,0,0,0,0,0
1,FibonacciBalance,train,1,0,0,0,0,0,0
1,buggy_30xc760721eb65aa6b0a634df6a008887c48813ff63_ERC20_allowance,train,1,0,0,0,0,0,0
1,time_manipulation__buggy_26,train,0,0,0,0,0,1,0
1,reentrancy_simple0xc4bcd64cb216d49fd3c643a32762f34626b45a1a_CosmoCoin_CosmoCoin,train,0,0,0,0,1,0,0
1,buggy_440xf96aa656ec0e0ac163590db372b430cf3c0d61ca_ERC20Detailed_decimals,train,1,0,0,0,0,0,0
1,mishandled0xef6dd40eff935626ee2ba971a90e6897e4cbbf8b_AbstractToken_AbstractToken,train,0,0,0,0,0,0,1
1,buggy_260x0597edbd535f2c76780818cd55cae87d7e035f5b_SafeMath_mul,train,0,0,0,1,0,0,0
1,0x4fc743fbfb4df9dc843a41f41db3f9a65a16ed46,train,0,0,0,0,0,0,0
1,0x524960d55174d912768678d8c606b4d50b79d7b10xe9b77a61841ba3aef2711ab6691e1ded4b3eb22e_KeenFutureToken_KeenFutureToken,train,0,0,0,0,0,0,1
1,uncheck__buggy_33,train,0,0,0,0,0,0,1
1,ether_lotto0x2c57090c2f563ddc1341bdc17040c158cfa6fb55_SafeMath_div,train,0,0,0,0,0,1,0
1,0x2682762d9830ace22218c7bd51d19e5757ec3f03,train,0,0,0,0,0,0,0
1,reentrancy_insecure0xb8366948b4a3f07bcbf14eb1739daa42a26b07c4_SafeMath_mul,train,0,0,0,0,1,0,0
1,0xf2570186500a46986f3139f65afedc2afe4f445d0x38a4d33e68c9f1488791e0ab5d01c620961d21d4_SafeERC20_safeTransferFrom,train,0,0,0,0,0,0,1
1,reentrancy__buggy_47,train,0,0,0,0,1,0,0
1,arithmetic__buggy_2,train,0,1,0,0,0,0,0
1,buggy_40x65bf93f65961ff6b778d6b7e52c5807a97c2e4f3_AbstractToken_balanceOf,train,0,0,0,0,1,0,0
1,0x5aa88d2901c68fda244f1d0584400368d2c8e739,train,0,0,0,0,0,0,1
1,0xd5967fed03e85d1cce44cab284695b41bc675b5c0x580f18c090914eb9edbb3d6a810c9789a91c7ba4_Caller_setEmitter,train,0,0,0,0,0,0,1
1,0x8fbcb3f7a4c48dd9500ba20b5254c08d75403ba1,train,0,0,0,0,0,0,0
1,buggy_280xfd5fcd146b75aa62262ff80b27e961442ec7c574_InchWormVaultLiveTest_getInchBalance,train,0,0,1,0,0,0,0
1,buggy_440x6c970e1c693829b96e8c82311a0c43a8c809df4c_SafeMath_div,train,0,1,0,0,0,0,0
1,time_manipulation__buggy_47,train,0,0,0,0,0,1,0
1,buggy_280xaffdbbbdd400bb780dea5307b39187d1e9edc1cc_PauserRole_,train,0,1,0,0,0,0,0
1,buggy_140xb70e23a235eb97a5397261be9a85de73eba212c1_SafeMath_div,train,0,0,0,0,0,1,0
1,buggy_400xde960de55c59c3fd139c792564329523531f1e18_SafeMath_mul,train,0,0,1,0,0,0,0
1,0xd5967fed03e85d1cce44cab284695b41bc675b5c0xa77cf14e0bda66f94873498ed15e1eaf183d2fd0_EtherCartel_getMyShrimp,train,0,0,0,0,0,0,1
1,buggy_380x198482924b5ed2c8dd5a0c824fcd618c6b49e6e8_Owned_acceptOwnership,train,0,0,1,0,0,0,0
1,access_control__buggy_3,train,1,0,0,0,0,0,0
1,timelock,train,0,1,0,0,0,0,0
1,0x0cbe050f75bc8f8c2d6c0d249fea125fd6e1acc90xe9e4afe548256ba90ee7d63f24eac11250f67450_EtherealId_IsActive,train,0,0,0,0,0,0,1
1,0x03966330e7f60c95d2d8dd043735eea901c5e4e0,train,0,0,0,0,0,0,0
1,buggy_380x2822f6d1b2f41f93f33d937bc7d84a8dfa4f4c21_Ownable_owner,train,0,0,0,0,0,0,1
1,0x11bf607993ebfc3426ab3952e01cf40d70afc76f,train,0,0,0,0,0,0,0
1,uncheck__buggy_32,train,0,0,0,0,0,0,1
1,front_running__buggy_31,train,0,0,0,1,0,0,0
1,reentrancy__buggy_2,train,0,0,0,0,1,0,0
1,0x75d884981d814d676b4b6930038ee9887129b639,train,0,0,0,0,0,0,0
1,buggy_280x109e726df6f2fe1aaf0ca306e1582d305614075b_SafeMath_mul,train,0,0,0,0,1,0,0
1,arithmetic__buggy_22,train,0,1,0,0,0,0,0
1,timelock0x58c60fdba15376c44699c2858a498ac159ffd8cb_GigsToken_allowance,train,0,1,0,0,0,0,0
1,time_manipulation__buggy_34,train,0,0,0,0,0,1,0
1,buggy_260x2d8ba3a379b5d2e39e76890e39c09fb4fc8b500d_SafeMath_mul,train,0,0,0,0,0,0,1
1,buggy_400x6001de41576fd5d2fb2862a3fb0039ca6c589a0d_SafeMath_mul,train,1,0,0,0,0,0,0
1,buggy_400xdee1a3bce0bba1c811f0a50d67ff4fb70e791f60_SafeMath_mul,train,1,0,0,0,0,0,0
1,buggy_240x36151737b45017234e9570cf9a1cac97138953c2_ERC20_allowance,train,0,1,0,0,0,0,0
1,buggy_280x57ffa14de96e7a761750fdf41c9496214a6dca2a_SafeMath_div,train,0,1,0,0,0,0,0
1,buggy_400x44e9ab4a3af1ccc8c1cfce6fc7d3e650373fc507_SafeMath_mul,train,1,0,0,0,0,0,0
1,buggy_40x61b2d3ea9f1c6b387c985c73d40e8fbfb284e5c7_RC20_decimals,train,0,1,0,0,0,0,0
1,buggy_40xecaa77aaa4055cabe643caadbe11b924a3afa478_SafeMath_mul,train,0,0,0,1,0,0,0
1,0xb7c5c5aa4d42967efe906e1b66cb8df9cebf04f70x200c777c0d2e949524aecab181102c645d07ba70_SafeMath_mul,train,0,0,0,0,0,0,1
1,buggy_400xc46321efe8883d22d81ed65cb4f0766e1004129d_KingToken_balanceOf,train,1,0,0,0,0,0,0
1,lottopollo0x7a8246fd9072b9ed583c34993747b113da6d31d5_SHEX_,train,0,0,0,0,0,1,0
1,wallet_02_refund_nosub0x89c922de9900170d7a95e377665366613d5a718e_SafeERC20_safeTransferFrom,train,1,0,0,0,0,0,0
1,token0xa746564ae854f6f023d01ed159b0333f92c472dc_ERC20_totalSupply,train,0,1,0,0,0,0,0
1,reentrancy__buggy_32,train,0,0,0,0,1,0,0
1,tokensalechallenge0xa99457d5b259bca184e9f7a44132310f6670d19c_Ownable_Ownable,train,0,1,0,0,0,0,0
1,0x81385b32393df2b940f77e06334a548f7d61b9b7,train,0,0,0,0,0,0,0
1,reentrancy__buggy_25,train,0,0,0,0,1,0,0
1,0x3ca51bd89078145a8a16f09fc254677550bdb566,train,0,0,0,0,0,0,0
1,integer_overflow_10x3563fe3f874b1243794cb6cbb6c11535bbd61527_SafeMath_add,train,0,1,0,0,0,0,0
1,buggy_380xe02a471b2778b2d3a220e1ff82a0f8184fb73504_SafeMath_div,train,0,1,0,0,0,0,0
1,buggy_400x89ca91cfdb0ae8bc3abc659bc0b5fdc866e9d5cd_InchWormPOC_allowance,train,0,0,1,0,0,0,0
1,arbitrary_location_write_simple,train,1,0,0,0,0,0,0
1,0x47b8b6256f49cba6c8bd37361cac8b0fe324d605,train,0,0,0,0,0,0,0
1,0x37d40510a2f5bc98aa7a0f7bf4b3453bcfb90ac1,train,0,0,0,0,0,0,0
1,0x2e2e0b2ef981b0e3e5602128f0d520293ba7f338,train,0,0,0,0,0,0,0
1,0x4a66ad0bca2d700f11e1f2fc2c106f7d3264504c0x4726bf61c3a8df967b6f2c805659810e8d343218_Agriss_transfer,train,0,0,0,0,0,0,1
1,reentrancy__buggy_20,train,0,0,0,0,1,0,0
1,mishandled0x2fcc73982cda54b15941eaae842f93a31f879ef2_BasicToken_totalSupply,train,0,0,0,0,0,0,1
1,time_manipulation__buggy_39,train,0,0,0,0,0,1,0
1,buggy_20x07843efd5be9ed17074b36f84bd42a907c2c2239_ERC20_balanceOf,train,1,0,0,0,0,0,0
1,buggy_110x9f7002b797ed7170d7e5c7326781bc0dd83055b9_ERC20_allowance,train,0,0,0,0,0,0,1
1,buggy_110x75c7626e1903bba8c1e429d6db5ea26600c6a248_SafeMath_mul,train,1,0,0,0,0,0,0
1,token0x6b7a2368f92095b4ae063dd504c99d3603ab84aa_Owned_Owned,train,0,1,0,0,0,0,0
1,buggy_110x2e8b4fd4cc4c6ce21e67d336d3f0f211732a6302_Owned_acceptOwnership,train,1,0,0,0,0,0,0
1,buggy_400x535960f316117a9941ea37b06393b81341a17421_SafeMath_safeDiv,train,0,0,1,0,0,0,0
1,0xb37f18af15bafb869a065b61fc83cfc44ed9cc27,train,0,0,0,0,0,0,1
1,0x6020da0f7c1857dbe4431ec92a15cc318d933eaa,train,0,0,0,0,0,0,0
1,uncheck__buggy_6,train,0,0,0,0,0,0,1
1,buggy_110x6020da0f7c1857dbe4431ec92a15cc318d933eaa_Ownable_owner,train,0,0,0,0,1,0,0
1,buggy_400xf58ade053207657c1e014f896be86eef306ab430_MockOracle_price,train,0,0,0,1,0,0,0
1,buggy_10xbf952ed8472a47cc6b5119cde96565553c187c30_Ownable_Ownable,train,0,1,0,0,0,0,0
1,0x3fd71392ac646c7634e6a3fd1eb77a95abeaa1b1,train,0,0,0,0,0,0,0
1,access_control__buggy_21,train,1,0,0,0,0,0,0
1,0x04ead19ff234b55a6e65391fe553d4baaa5b7ebb,train,0,0,0,0,0,0,0
1,buggy_440x83e401afd7438ec2b2827874eba920eb6a345cbb_Freezable_freezeOf,train,0,1,0,0,0,0,0
1,auction,train,0,0,1,0,0,0,0
1,0xe0d62ad40082d615703913a48b9b3914f5b56d57,train,0,0,0,0,0,0,0
1,buggy_230x8b79656fc38a04044e495e22fad747126ca305c4_SafeMath_div,train,0,0,0,1,0,0,0
1,0x01b03903a1660ae507ddbb6224e478bce176c275,train,0,0,0,0,0,0,0
1,buggy_240xfc7ade404260abbc1ad519548d3fe0856dc304d0_ERC20_balanceOf,train,0,1,0,0,0,0,0
1,uncheck__buggy_4,train,0,0,0,0,0,0,1
1,buggy_380xa5034d01bb9e14bdd2d59f645a40c4b1ba40545c_SafeMath_mul,train,0,1,0,0,0,0,0
1,integer_overflow_mapping_sym_10x676abde481967851b0c28e81bde8561e756d75e8_ModulumInvestorsWhitelist_ModulumInvestorsWhitelist,train,0,1,0,0,0,0,0
1,time_manipulation__buggy_19,train,0,0,0,0,0,1,0
1,0xfb252087abd657d69e243efaba2d972432f695c8,train,0,0,0,0,0,0,0
1,0x52d2e0f9b01101a59b38a3d05c80b7618aeed9840x934296f39475cbdb4b1aff9b25f11fcdd0b22da8_SafeMath_mod,train,0,0,0,0,0,0,1
1,buggy_400x3b18610670ab6d6df6eb0642c5f90416aa076995_BariCoin_,train,0,0,0,0,0,0,1
1,buggy_430x63bcfa2aaf618662b76e58eae4ee410f933b47ac_SafeMath_mod,train,0,0,1,0,0,0,0
1,0xfdd369d28168d4ea5eb83f098542a140002feaaa,train,0,0,0,0,0,0,0
1,0xa46edd6a9a93feec36576ee5048146870ea2c3ae0x1beb353fa1e215457ff16fceec07f7eab9f06565_EscrowWallet_Request,train,0,0,0,0,0,0,1
1,buggy_280x71065f5b5891c27ae5e48faa7000a7c1c3df7ff3_Prize_reveal,train,0,0,0,0,0,0,1
1,buggy_440xcaa05e82bdcba9e25cd1a3bf1afb790c1758943d_StandardToken_approve,train,1,0,0,0,0,0,0
1,buggy_140x309a758f5f33bd4418876b32d38c8d15c59c7799_SafeMath_mul,train,0,0,1,0,0,0,0
1,buggy_430x97472ce862fc811ecbed9f3123e1dbf55fe40c9b_BasicToken_balanceOf,train,0,1,0,0,0,0,0
1,buggy_430xe0cf1a976503b6e27250d710f7097c004b9a706b_SafeMath_mul,train,0,1,0,0,0,0,0
1,integer_overflow_mapping_sym_10xbea81fde2822b74674fac9fc743193358c6bb792_Ownable_Ownable,train,0,1,0,0,0,0,0
1,0x4b71ad9c1a84b9b643aa54fdd66e2dec96e8b152,train,0,0,0,0,0,0,1
1,access_control__buggy_20xc617d51e3a1f621da8ae67b2f652d6ac02eb8d95_SafeMath_safeMul,train,1,0,0,0,0,0,0
1,integer_overflow_minimal0x7c6f0f0bb581e479f72c31abb6a89013cbba5b7a_Moneda_balanceOf,train,0,1,0,0,0,0,0
1,buggy_150xe702af70291b952cdce5c224a18ab1127c449e79_SafeMath_safeDiv,train,0,0,1,0,0,0,0
1,0x4fc253577d582ab489dd7325e5e77ca2c3cfc3fe,train,0,0,0,0,0,0,0
1,wallet_03_wrong_constructor0x945192524c6605d20be6c529dd318666b74078bc_ERC20_isAccountFreezed,train,1,0,0,0,0,0,0
1,buggy_30x30521e4ccc4d0494d624394fc275ead318051de8_SafeMath_mul,train,0,0,0,0,0,0,1
1,0x524960d55174d912768678d8c606b4d50b79d7b10xe53c484ed5d4dcda17b289132e036d53180e8fa5_ERC20_totalSupply,train,0,0,0,0,0,0,1
1,buggy_440xb58ce9456a52b6c53773e0c621a17b35d708a215_KittyBounties_,train,0,0,0,1,0,0,0
1,buggy_400xf8d1254fc324d2e75a5a37f5bd4ca34a20ef460d_Crowdsale_Rate,train,0,0,0,1,0,0,0
1,0x787f552bdc17332c98aa360748884513e3cb401a,train,0,0,0,0,0,0,0
1,access_control__buggy_17,train,1,0,0,0,0,0,0
1,buggy_190xcb7156fcc5eb8612cb3856b4f716e938ba761c94_SafeMath_mul,train,0,0,0,0,0,0,1
1,buggy_430x193408ca0576b73156ed42a2ea7d6fd3f6507162_INFS_freezeAccount,train,0,0,1,0,0,0,0
1,0xf29ebe930a539a60279ace72c707cba851a577070xc9d86e341a68c788e4583ea7944b677f49113127_BasicToken_balanceOf,train,0,0,0,0,0,0,1
1,reentrancy__buggy_14,train,0,0,0,0,1,0,0
1,buggy_30xcbf15fb8246f679f9df0135881cb29a3746f734b_ERC20_allowance,train,0,0,0,0,1,0,0
1,front_running__buggy_33,train,0,0,0,1,0,0,0
1,buggy_20x11da3b51a61a7ccab4186e4f89404c501280be3a_TokenERC20_transfer,train,0,0,0,1,0,0,0
1,insecure_transfer0x908c72de29d1e1c384616468428cdb64877232a3_CoinXExchange_decimals,train,0,1,0,0,0,0,0
1,0x5d2f6108c30a8f93d4a956f74d2289e5ed86e5c3,train,0,0,0,0,0,0,0
1,buggy_280x9e92ead7ea826c174cd6a05d172375db60df188d_RadToken_balanceOf,train,0,0,0,0,1,0,0
1,0x673a5fb0639d35ab6e157c1e6377d0096ab74128,train,0,0,0,0,0,0,0
1,buggy_20x6c970e1c693829b96e8c82311a0c43a8c809df4c_SafeMath_mod,train,1,0,0,0,0,0,0
1,0xf14922001a2fb8541a433905437ae954419c2439,train,0,0,0,0,0,0,0
1,buggy_400x57ffa14de96e7a761750fdf41c9496214a6dca2a_SafeMath_mod,train,0,0,0,0,0,0,1
1,0x002f06abe6995fd0ea4be011c53bfc989fa53ce0,train,0,0,0,0,0,0,0
1,front_running__buggy_34,train,0,0,0,1,0,0,0
1,buggy_40xf5a065ceab7838a5703443deb240b3e21cd2b91b_SafeMath_div,train,0,0,0,0,1,0,0
1,arithmetic__buggy_29,train,0,1,0,0,0,0,0
1,0xdc3f9f3301194139e9398967547ca3b6322a34cd,train,0,0,0,0,0,0,0
1,buggy_380x30c1c05b57c9f055f11f99d2d575336abe0a76c7_Owned_acceptOwnership,train,0,1,0,0,0,0,0
1,0x12345678979f29ebc99e00bdc5693ddea564ca80,train,0,0,0,0,0,0,0
1,0xbf32639b80f5be67654c3304b3928a6d4b9407e6,train,0,0,0,0,0,0,0
1,simple_dao0xb613aa71ce4630e955548a61d089617e8e2f509a_SafeMath_div,train,0,0,0,0,1,0,0
1,buggy_240x3b3801f0fc76528e42390df701f513fc62cbf154_FixedSupplyToken_,train,1,0,0,0,0,0,0
1,buggy_380x88f12e1b380aad1d21c80ac48a0a87a02ccc0de9_Math_max64,train,0,1,0,0,0,0,0
1,buggy_440x41c0332c833398b24095057446a20459d7b4b66d_SafeMath_mod,train,0,0,0,0,0,0,1
1,timelock0x096035be1b555323969f613cd8402494b0178580_SafeMath_div,train,0,1,0,0,0,0,0
1,buggy_360x2c72ee35637cb6df00f8c07595b564a05f667006_SafeERC20_safeApprove,train,0,0,0,0,0,1,0
1,integer_overflow_mapping_sym_10x6669c10955f8f3a64025ae9793b9a92e777d628d_SafeMath_sub,train,0,1,0,0,0,0,0
1,0x366cf49c6bc3986b20ecf4fd7c05f0c617332e8c,train,0,0,0,0,0,0,0
1,integer_overflow_benign_10xe982615d461dd5cd06575bbea87624fda4e3de17_Ownable_,train,0,1,0,0,0,0,0
1,0xf2570186500a46986f3139f65afedc2afe4f445d,train,0,0,0,0,0,0,1
1,arithmetic__buggy_35,train,0,1,0,0,0,0,0
1,buggy_260x6ee10c4c566166135c8de574ce63f583afc6d2b2_WalletPausable_walletPausable,train,1,0,0,0,0,0,0
1,0xa512d49c8753c476bf5e9c87f6a11dbb71af054c,train,0,0,0,0,0,0,0
1,buggy_380xf7be3fefee60736b7602bb75d5d0c6bdc1a88222_DanpiaTestTokens_balanceOf,train,0,0,1,0,0,0,0
1,0x421411d3c9fa36ecbcbd846be352ae93a8e23642,train,0,0,0,0,0,0,0
1,buggy_440x3db60827d65909778ce990a5477fcc6d534ec785_ERC20_balanceOf,train,0,0,0,1,0,0,0
1,dos__buggy_26,train,0,0,1,0,0,0,0
1,token,train,0,1,0,0,0,0,0
1,buggy_430x0257e647404ebf460266048a2b87ed352fb45c7d_SafeMath_sub,train,0,0,1,0,0,0,0
1,buggy_110xb705268213d593b8fd88d3fdeff93aff5cbdcfae_IDEX_decimals,train,0,0,0,0,0,0,1
1,buggy_380x931abd3732f7eada74190c8f89b46f8ba7103d54_SafeMath_mod,train,0,0,0,1,0,0,0
1,0x2fba8cbbdaa357f7385c0a9e4091e5cc66b2146e,train,0,0,0,0,0,0,0
1,0x420167d87d35c3a249b32ef6225872fbd9ab85d2,train,0,0,0,0,0,0,0
1,lottopollo0xa2e4fb662ba999a1e1bac839340c4d34e36e5d19_FlightDelayAddressResolver_FlightDelayAddressResolver,train,0,0,0,0,0,1,0
1,arithmetic__buggy_39,train,0,1,0,0,0,0,0
1,arithmetic__buggy_24,train,0,1,0,0,0,0,0
1,reentrancy__buggy_40,train,0,0,0,0,1,0,0
1,reentrancy_simple,train,0,0,0,0,1,0,0
1,arithmetic__buggy_47,train,0,1,0,0,0,0,0
1,0x1cd2a911a28a034da2645fea802e280253c7f527,train,0,0,0,0,0,0,0
1,buggy_10x4333defa1bf3b49246666d1dea395f98e816a032_ERC20_balanceOf,train,0,0,0,0,0,1,0
1,buggy_30xa48711840b4ce07800b06ea4860d73ca55a836ec_SafeMath_div,train,0,0,1,0,0,0,0
1,buggy_40xcec420a1b66994d1d531805fbb18dbb54691486e_SafeMath_mul,train,0,1,0,0,0,0,0
1,front_running__buggy_29,train,0,0,0,1,0,0,0
1,buggy_430xcfe17aebf83381a651ceed832767ae7bab7b4055_Pausable_paused,train,0,0,0,0,0,0,1
1,0x347038bab5c32e619d3d3aaeb05d408afc1671a9,train,0,0,0,0,0,0,0
1,reentrancy_bonus0xac23817f7e9ec7eb6b7889bdd2b50e04a44470c5_BasicToken_totalSupply,train,0,0,0,0,1,0,0
1,buggy_110x5975993e36eabeffe58cc254b17e61e6a37a3a19_SafeMath_safeDiv,train,0,0,0,0,1,0,0
1,0xd2018bfaa266a9ec0a1a84b061640faa009def76,train,0,0,0,0,0,0,1
1,buggy_140xc4b6c9323f9840e0b2b2a0e65b5dc172378fb9c4_SafeMath_mul,train,0,0,1,0,0,0,0
1,buggy_430x8efc4b144da218886201a77e2f94c17b3a5b779a_SafeMath_mul,train,0,0,1,0,0,0,0
1,odds_and_evens0x04390d3ce5c68d1dad9af7a84254225788e3d639_SafeMath_mod,train,0,0,0,1,0,0,0
1,time_manipulation__buggy_4,train,0,0,0,0,0,1,0
1,simple_dao0x83b9d34d75f1d09bd6fc88fc7c2bbb5adaa355f6_SafeMath_mul,train,0,0,0,0,1,0,0
1,0xb110e378ea8b83dd52d1c5a810a5dcf99bbc96ae,train,0,0,0,0,0,0,0
1,insecure_transfer0x3b7394e62f675993a0e3de45acf7d22c3ea54f1e_SafeMath_div,train,0,1,0,0,0,0,0
1,buggy_280x44f920b8e9b703f87f52f22ac84a106ef464388c_SafeMath_mod,train,0,0,0,1,0,0,0
1,reentrancy__buggy_4,train,0,0,0,0,1,0,0
1,buggy_150xd9a340502737dc652b1e1973a3f4b02a471a98af_MDC_totalSupply,train,0,1,0,0,0,0,0
1,buggy_440xee89f20cb132e134c9ffccf623f6d01f73591bce_ERC20_balanceOf,train,0,0,0,0,0,0,1
1,dos__buggy_32,train,0,0,1,0,0,0,0
1,buggy_30x73b774ff2e2bbad413a37db5ea87cdf736b71ef6_BasicToken_totalSupply,train,0,0,0,0,0,1,0
1,dos__buggy_48,train,0,0,1,0,0,0,0
1,front_running__buggy_21,train,0,0,0,1,0,0,0
1,buggy_30x94534caebd1887be3d57179728a670a3436bb443_SafeMath_div,train,0,1,0,0,0,0,0
1,access_control__buggy_35,train,1,0,0,0,0,0,0
1,time_manipulation__buggy_24,train,0,0,0,0,0,1,0
1,buggy_380xcaa05e82bdcba9e25cd1a3bf1afb790c1758943d_StandardToken_approve,train,0,0,1,0,0,0,0
1,0xa4d1dbfe6850b4e9b8935c8b80ae11b1c12a0927,train,0,0,0,0,0,0,0
1,mishandled0x2c7bc39b1b0c9fdf200fd30c74c0a9a41c2c7047_JigsawGames2_MiningRigFarmer,train,0,0,0,0,0,0,1
1,buggy_30x095d7847945c6a496cad77bff0687a1bf367ec4a_AbstractToken_balanceOf,train,0,0,1,0,0,0,0
1,ether_lotto0x6669c10955f8f3a64025ae9793b9a92e777d628d_SafeMath_div,train,0,0,0,0,0,1,0
1,0x0cbe050f75bc8f8c2d6c0d249fea125fd6e1acc90xf0f9f4d63b7dd586e6b07806b0f39cc9cd7e9490_BasicToken_totalSupply,train,0,0,0,0,0,0,1
1,0xd5967fed03e85d1cce44cab284695b41bc675b5c0xbea35cddf0029321bea86715bdce6d7db73d2a43_GanjaFarm_ShrimpFarmer,train,0,0,0,0,0,0,1
1,0x1252e72f73a5fede1a217c44f11a2caa24f406a7,train,0,0,0,0,0,0,0
1,access_control__buggy_44,train,1,0,0,0,0,0,0
1,0x6ebcab35ae8d2999e04742695b70f8d2e8c0f0e6,train,0,0,0,0,0,0,0
1,0x9cb79101f795287585843d71c1b0a33a0724c2bb,train,0,0,0,0,0,0,0
1,0xa46edd6a9a93feec36576ee5048146870ea2c3ae0x618737029ae07215dfc2c0b4204b8f91e9909366_InvestorWhiteList_isAllowed,train,0,0,0,0,0,0,1
1,0x524960d55174d912768678d8c606b4d50b79d7b10x835a44027ee4e92bbd8874e5ede9e5148b069e96_AbstractToken_AbstractToken,train,0,0,0,0,0,0,1
1,buggy_40x133db2e37d8676e425eca72d3ffc3b97855d31d3_SafeMath_mul,train,0,0,0,0,0,0,1
1,buggy_190x72c638bd40961311faf25ee84d0ec89b3e10593c_ERC20Pistachio_balanceOf,train,1,0,0,0,0,0,0
1,0xd5967fed03e85d1cce44cab284695b41bc675b5c0x8df49dcf9cc6fca7c530db05147ab8e0305c7c82_SafeMath_sub,train,0,0,0,0,0,0,1
1,front_running__buggy_40,train,0,0,0,1,0,0,0
1,buggy_270xaffdbbbdd400bb780dea5307b39187d1e9edc1cc_SafeMath_mul,train,1,0,0,0,0,0,0
1,0x5c55678808cbc78b90d2f763c56a0abd622908a0,train,0,0,0,0,0,0,0
1,buggy_240x3227bb83f3f230c15f8ee4a78a655f06c8004cad_LTLNN_balanceOf,train,0,0,0,0,0,0,1
1,odds_and_evens0x398301a2322fc2e2d052d04a926e7a4f643a156e_Divs4D_max,train,0,0,0,1,0,0,0
1,0xb7c5c5aa4d42967efe906e1b66cb8df9cebf04f7,train,0,0,0,0,0,0,1
1,buggy_320xbf8d8f1242b95dfbae532af6b0f4463905415cc1_SafeMath_mul,train,0,0,0,1,0,0,0
1,phishable0x916de2259abbfbfd406d7a3ec7cf83a76b9ce3b4_OperationsVesting_cliff,train,1,0,0,0,0,0,0
1,arithmetic__buggy_20xc617d51e3a1f621da8ae67b2f652d6ac02eb8d95_SafeMath_safeMul,train,0,1,0,0,0,0,0
1,FindThisHash,train,0,0,0,1,0,0,0
1,buggy_380xf000ca9fbb684bfa2f5f8b36fdf222970fc93763_StandardToken_approve,train,0,1,0,0,0,0,0
1,buggy_190x945dabeec2b131aa91afc53909d1780ba4e4a9b5_TokenERC20_burnFrom,train,0,0,0,0,1,0,0
1,buggy_140x65565ae3ef290215c87e956065a451e4b40e1823_SafeMath_mod,train,0,0,0,0,0,1,0
1,0x538cc4af284ba376ad5bad0d364fbc9fb302546a,train,0,0,0,0,0,0,0
1,buggy_240x5df57065865e078e2029f264dca5517ac08601b4_SafeMath_mul,train,0,0,1,0,0,0,0
1,integer_overflow_1,train,0,1,0,0,0,0,0
1,buggy_440xcb9eea7d381094875cf1876da9522ffb4bc59a7c_SafeMath_mul,train,0,0,0,0,1,0,0
1,buggy_440x198482924b5ed2c8dd5a0c824fcd618c6b49e6e8_RICHToken_,train,0,0,0,0,0,0,1
1,buggy_440xa31b1767e09f842ecfd4bc471fe44f830e3891aa_ERC20_totalSupply,train,0,0,0,0,0,0,1
1,arithmetic__buggy_40,train,0,1,0,0,0,0,0
1,0x0f72b988c30a4e4472607703c3363dcfe0f58e0d,train,0,0,0,0,0,0,0
1,buggy_140x77cf2198b76036807361db84aac6d2325281e433_Owned_acceptOwnership,train,0,0,0,0,0,0,1
1,arithmetic__buggy_28,train,0,1,0,0,0,0,0
1,buggy_190x0ef987c2be871851176e46b098083b8f0fef4c17_ETHPlay_decimals,train,1,0,0,0,0,0,0
1,buggy_380xaa945de5ad972ba494f2ed20c21c54656cbcc276_FixedSupplyToken_allowance,train,0,0,0,1,0,0,0
1,buggy_220x349c14bca4e70d5ea4a4c08e7cffce51708b4887_ERC20Detailed_decimals,train,0,0,0,1,0,0,0
1,buggy_40x6556d2ec4d96da39cf75cbe50d58fae90079800a_SafeMath_mod,train,0,0,0,0,1,0,0
1,reentrancy__buggy_49,train,0,0,0,0,1,0,0
1,buggy_110x61df50dbc9cc7a057148cfbacca7928e016c4c8a_SafeMath_mul,train,0,0,0,0,0,0,1
1,arithmetic__buggy_31,train,0,1,0,0,0,0,0
1,front_running__buggy_40xda9b16706b1891b298d2dd4da3998343fa7e5820_SafeMath_div,train,0,0,0,1,0,0,0
1,buggy_240x2b13bc5781357e12d05f3afb477bbed8a60c669d_BasicToken_balanceOf,train,0,0,0,0,1,0,0
1,incorrect_constructor_name1,train,1,0,0,0,0,0,0
1,buggy_260x0f7feaeeb7872bfeb39da593f60c2a3b65d16e93_SafeMath_safeMul,train,0,0,0,1,0,0,0
1,buggy_380x45c998a972e6449858206775d50f3925eb1e5b1b_SafeMath_div,train,1,0,0,0,0,0,0
1,buggy_30xc71ac06a50fa9a33e4308b44df45928d64a76a6d_SafeMath_div,train,0,0,0,0,0,0,1
1,ERC20,train,0,0,0,1,0,0,0
1,buggy_270x5d4cfc3c5b79ab867c338fa6219fd1aad71f67e3_DonavanTrust_balanceOf,train,0,1,0,0,0,0,0
1,buggy_280x0785d6edc7c7a19cbcc5fb56a406b1351fc907dc_SafeMath_mul,train,0,1,0,0,0,0,0
1,buggy_110x1c3ac706cf023365004f48da5094ff01c3bed4f2_SafeMath_div,train,1,0,0,0,0,0,0
1,eth_tx_order_dependence_minimal0x59f2cc9bbeb3ccbef4991769deb29611a28acf83_BasicToken_balanceOf,train,0,0,0,1,0,0,0
1,buggy_110x6556d2ec4d96da39cf75cbe50d58fae90079800a_ERC20_balanceOf,train,0,1,0,0,0,0,0
1,0xf2570186500a46986f3139f65afedc2afe4f445d0x220629e75e528c38d918d2e26d9997314497e1b6_SafeMath_safeMul,train,0,0,0,0,0,0,1
1,king_of_the_ether_throne,train,0,0,0,0,0,0,1
1,incorrect_constructor_name2,train,1,0,0,0,0,0,0
1,buggy_20x095d7847945c6a496cad77bff0687a1bf367ec4a_ALTYN_totalSupply,train,0,0,0,1,0,0,0
1,overflow_single_tx0xa657a8cfa71397fb360f8d95f372adfd46a57644_CatsCradle_cradle,train,0,1,0,0,0,0,0
1,buggy_380xc71ac06a50fa9a33e4308b44df45928d64a76a6d_SafeMath_mul,train,1,0,0,0,0,0,0
1,buggy_140x133db2e37d8676e425eca72d3ffc3b97855d31d3_SafeMath_max256,train,0,1,0,0,0,0,0
1,reentrancy_dao,train,0,0,0,0,1,0,0
1,buggy_380xe26d6d83d8607ab016e3f8a5b00d91b0c9731840_PetTokenSupply_,train,0,1,0,0,0,0,0
1,0x3c4cc9858e7cc842ae7663bd3b6559fa343d46a1,train,0,0,0,0,0,0,0
1,0xcf1f116947ba657dcc9fbab294d2d8cd4b12c362,train,0,0,0,0,0,0,0
1,modifier_reentrancy,train,0,0,0,0,1,0,0
1,uncheck__buggy_15,train,0,0,0,0,0,0,1
1,buggy_20xa368d5a0dc530fe48883e742b817164ba6d91c4e_Pausable_addDistributionContract,train,1,0,0,0,0,0,0
1,reentrancy__buggy_16,train,0,0,0,0,1,0,0
1,buggy_140x57ffa14de96e7a761750fdf41c9496214a6dca2a_Ownable_owner,train,1,0,0,0,0,0,0
1,buggy_280x7f5a8e08a693ea75d6ee87de54886ec013f31e11_SafeMath_mod,train,0,0,0,1,0,0,0
1,uncheck__buggy_24,train,0,0,0,0,0,0,1
1,reentrancy__buggy_30,train,0,0,0,0,1,0,0
1,access_control__buggy_50,train,1,0,0,0,0,0,0
1,front_running__buggy_14,train,0,0,0,1,0,0,0
1,access_control__buggy_240x36aa67777b842a4b5670067634ed5ad9365759ee_FixedSupplyToken_allowance,train,1,0,0,0,0,0,0
1,eth_tx_order_dependence_minimal0x0ebb614204e47c09b6c3feb9aaecad8ee060e23e_SafeMath_mul,train,0,0,0,1,0,0,0
1,insecure_transfer0x8df49dcf9cc6fca7c530db05147ab8e0305c7c82_SafeMath_min64,train,0,1,0,0,0,0,0
1,eth_tx_order_dependence_minimal0x1c0addffeb8a2c63de6ec734ad1728240cd8d877_ProofOfExistence_get,train,0,0,0,1,0,0,0
1,front_running__buggy_28,train,0,0,0,1,0,0,0
1,0x763a67be94e2494dbffdcc62cee4ed8f761f6770,train,0,0,0,0,0,0,0
1,odds_and_evens,train,0,0,0,1,0,0,0
1,0x55f359a60d458d3d215e7a51539084fc3f65daad,train,0,0,0,0,0,0,0
1,0x14eae1322abcadf490bc6ebd6a821a86373e20c4,train,0,0,0,0,0,0,0
1,buggy_280xd869755384bbed1c05fc18ee098e829227a1a3eb_SafeMath_mul,train,1,0,0,0,0,0,0
1,arithmetic__buggy_6,train,0,1,0,0,0,0,0
1,buggy_110x83a80250d415f9364d8415f6017acd39ebf288af_Ownable_acceptOwnership,train,0,0,0,0,0,0,1
1,0x524960d55174d912768678d8c606b4d50b79d7b1,train,0,0,0,0,0,0,1
1,eth_tx_order_dependence_minimal0x77bfd55f422b6978a1a21de65f8a13a1b58fa766_BasicToken_balanceOf,train,0,0,0,1,0,0,0
1,timelock0xb1a804f02559c91c12ba3e3f76934141e4ecd137_SafeMath_div,train,0,1,0,0,0,0,0
1,0x0675daa94725a528b05a3a88635c03ea964bfa7e,train,0,0,0,0,0,0,0
1,eth_tx_order_dependence_minimal0xedf44412b47a76e452fd133794e45d9485e4cd4b_Pausable_paused,train,0,0,0,1,0,0,0
1,reentrancy_bonus,train,0,0,0,0,1,0,0
1,access_control__buggy_38,train,1,0,0,0,0,0,0
1,dos_address0x6adf9e666e3e85876b1ba25edb31799faad8417b_Free_Ether_A_Day_Funds_Return_,train,0,0,1,0,0,0,0
1,buggy_440x54a217897273a50fb646c1cfc057d8abbf3433de_ERC20_balanceOf,train,0,0,0,0,1,0,0
1,0xf2570186500a46986f3139f65afedc2afe4f445d0xeda5d9c59fd296aba054706d731d07947efed171_Ownable_Ownable,train,0,0,0,0,0,0,1
1,0x908262de0366e42d029b0518d5276762c92b21e1,train,0,0,0,0,0,0,0
1,0x0bbb4b90cb9176929e16f307bc1efa63867a8c6d,train,0,0,0,0,0,0,0
1,integer_overflow_add0x3643ed7a06ebdd39aa18f8bb2f357afeebafd62b_SafeMath_mul,train,0,1,0,0,0,0,0
1,0x230c2a140e758087f7107dd31943c5c03b819e55,train,0,0,0,0,0,0,0
1,buggy_240xcb5eb4ad33fd2ff079d70c1bf31f99ea8aac73d7_SafeMath_mod,train,0,0,0,0,0,0,1
1,0x5ac203c782fe5b74ece9cb4ed13b0597bb5c872e,train,0,0,0,0,0,0,0
1,buggy_240x0622d8ec245f14d6ac137989fb842fb68ab6d837_SafeMath_mod,train,0,0,0,1,0,0,0
1,0x70f9eddb3931491aab1aeafbc1e7f1ca2a012db40x489bd62059e03966af9bb17b1d06cf799dabf820_SafeMath_safeDiv,train,0,0,0,0,0,0,1
1,buggy_30x927c993100ec88012afebf1bff292cf2d4c6317a_SafeMath_mul,train,0,0,1,0,0,0,0
1,0xa2dbb4808d9ec74dc548cae39d3660e57f189840,train,0,0,0,0,0,0,0
1,0xb11b2fed6c9354f7aa2f658d3b4d7b31d8a13b770xe9813b3ac3fd938d21e47d10987f58914e6ff1fd_ImTokenCardBack_mint,train,0,0,0,0,0,0,1
1,integer_overflow_minimal0x4d71dd7ddf32a1ff94f58ceed3ed1fe2435bb582_TokenERC20_transfer,train,0,1,0,0,0,0,0
1,buggy_380x697fc9371a33a98078543b777ca7d5c8009d6d0b_BasicToken_totalSupply,train,1,0,0,0,0,0,0
1,buggy_110x1145b0c70dbba351c52a8d25db9c3dbe1aec08b5_SafeMath_mul,train,0,1,0,0,0,0,0
1,0x0cbe050f75bc8f8c2d6c0d249fea125fd6e1acc90xed943d75b2ff94d76f4eda892513255ef841261c_Ownable_Ownable,train,0,0,0,0,0,0,1
1,dos__buggy_16,train,0,0,1,0,0,0,0
1,buggy_280x13893f2a61c42e412624dabca9e5bd7b2ac5c5cf_FixedSupplyToken_allowance,train,0,1,0,0,0,0,0
1,buggy_20x75c7626e1903bba8c1e429d6db5ea26600c6a248_SafeMath_mul,train,0,0,1,0,0,0,0
1,arithmetic__buggy_44,train,0,1,0,0,0,0,0
1,0x3c1634291868ddffa037222991babfccd8400921,train,0,0,0,0,0,0,0
1,buggy_110x3ee2fd8e38a16f06ab85d684e062c0cf7d0e9a8b_ERC20Detailed_decimals,train,1,0,0,0,0,0,0
1,lottopollo0xbdee7cf88eefb3451f25be656c3c18d3bcf0e3b1_SafeMath_mod,train,0,0,0,0,0,1,0
1,buggy_400xcb8bc6a9b5575ed7ba1d3b9e15969211c214178c_BasicToken_balanceOf,train,0,0,0,1,0,0,0
1,0x305de070488c8469dfac957226c9c900c4bfba22,train,0,0,0,0,0,0,0
1,buggy_40x950cc70dd44fec5194e868973ad83f21c335ab71_Pausable_addDistributionContract,train,0,0,0,1,0,0,0
1,integer_overflow_minimal0xbe6b696607afe72f2cb7a47b0fbdb32c5e5f073c_safemath_div,train,0,1,0,0,0,0,0
1,reentrance0x8ac16c08105de55a02e2b7462b1eec6085fa4d86_IdentityEvents_emitIdentityDeleted,train,0,0,0,0,1,0,0
1,buggy_30x00fc270c9cc13e878ab5363d00354bebf6f05c15_VNXLU_,train,0,0,0,1,0,0,0
1,integer_overflow_mul,train,0,1,0,0,0,0,0
1,buggy_440x56f55be60317948412cba68bd89f1ab1365d7da6_Edunut_balanceOf,train,0,0,0,0,0,0,1
1,0x4fce5178346fc58a0a1261ec2306acc39ed801ab,train,0,0,0,0,0,0,0
1,buggy_280xc71ac06a50fa9a33e4308b44df45928d64a76a6d_SafeMath_div,train,0,0,0,0,0,0,1
1,buggy_190x97472ce862fc811ecbed9f3123e1dbf55fe40c9b_BasicToken_balanceOf,train,0,0,0,0,0,0,1
1,buggy_110x68f8b2e7b1a5841724e614758a56ade0482f077e_ERC20PartialLock_lockedOf,train,0,0,1,0,0,0,0
1,buggy_380x1abaa2aa88eded26223a273c291120e635c47f40_Pausable_paused,train,0,0,1,0,0,0,0
1,buggy_110xff02b17386f94da201cff84a6a7482ec2c452ef3_ERC20Detailed_decimals,train,0,0,0,0,1,0,0
1,integer_overflow_multitx_multifunc_feasible,train,0,1,0,0,0,0,0
1,buggy_380x6353eadf8d1d4421002332bb9074222b14d54881_SafeMath_max64,train,0,0,0,0,0,0,1
1,buggy_230xe968ad47b1c071ea3905ef982833552a495d6213_SafeMath_mod,train,1,0,0,0,0,0,0
1,buggy_20xd0d87c21af72e320d62bed336e543a3938e89b6a_SafeMath_div,train,0,0,1,0,0,0,0
1,buggy_40x65565ae3ef290215c87e956065a451e4b40e1823_TokenTimelock_releaseTime,train,0,0,0,0,0,0,1
1,0xc8fcc48d1454a83589169294470549a2e1713dec,train,0,0,0,0,0,0,0
1,send_loop,train,0,0,1,0,0,0,0
1,buggy_110x07843efd5be9ed17074b36f84bd42a907c2c2239_SafeMath_mul,train,0,0,0,0,1,0,0
1,buggy_110xf5e7ecb7f6011f35f7f0781922784467a149c405_SafeMath_Connor_mul,train,0,0,0,1,0,0,0
1,lottopollo0xed943d75b2ff94d76f4eda892513255ef841261c_KyberContirbutorWhitelist_KyberContirbutorWhitelist,train,0,0,0,0,0,1,0
1,integer_overflow_multitx_multifunc_feasible0x7f9ccc73e75ad4e1b5d931dbe77c11328860ef47_StandardERC20_cap,train,0,1,0,0,0,0,0
1,0xcfe17aebf83381a651ceed832767ae7bab7b4055,train,0,0,0,0,0,0,0
1,simple_dao0x28474ef546033a129bdf27e0b74bc8579af31d17_HarjFarmer_seedMarket,train,0,0,0,0,1,0,0
1,0xdd5151da2ab25566e1d2a3c9a3e77396303f8a93,train,0,0,0,0,0,0,0
1,0x86343be63c60ce182d8b5ac6a84f0722d8d61ae5,train,0,0,0,0,0,0,0
1,0x67a2f7c7ec5ba1c1be768d8065d71566cadfdeef,train,0,0,0,0,0,0,0
1,time_manipulation__buggy_280xf8d1254fc324d2e75a5a37f5bd4ca34a20ef460d_StandardToken_allowance,train,0,0,0,0,0,1,0
1,token0x8c7f97965f6811e5f1e839ef23d38d2ecd86a445_CrabFarm_getMyCrabs,train,0,1,0,0,0,0,0
1,buggy_380xd0000bea72c7eaa3d5086967a982503104113c24_ForTheBlockchain_balanceOf,train,0,0,0,0,0,0,1
1,front_running__buggy_50,train,0,0,0,1,0,0,0
1,0x0e5632feb2c2619dba9c7e2dc5a7ed3fd14969da,train,0,0,0,0,0,0,0
1,0x4a66ad0bca2d700f11e1f2fc2c106f7d3264504c0x618737029ae07215dfc2c0b4204b8f91e9909366_InvestorWhiteList_getReferralOf,train,0,0,0,0,0,0,1
1,time_manipulation__buggy_45,train,0,0,0,0,0,1,0
1,front_running__buggy_11,train,0,0,0,1,0,0,0
1,overflow_single_tx,train,0,1,0,0,0,0,0
1,mapping_write,train,1,0,0,0,0,0,0
1,0x5199071825cc1d6cd019b0d7d42b08106f6cf16d,train,0,0,0,0,0,0,0
1,buggy_440x17070be71f8082767509aa4552e0ded11bd667ec_Pausable_paused,train,0,0,0,0,1,0,0
1,buggy_430xfa90d6a9a8b7fcdcbbb06e441c0ecaa57f55b11e_Cyiber_,train,0,0,1,0,0,0,0
1,0x78c2a1e91b52bca4130b6ed9edd9fbcfd4671c37,train,0,0,0,0,0,0,1
1,0x992e3ce20febb7fade6fbe32ae1d4b146f471c47,train,0,0,0,0,0,0,0
1,0xf2570186500a46986f3139f65afedc2afe4f445d0xb37a769b37224449d92aac57de379e1267cd3b00_SafeMath_div,train,0,0,0,0,0,0,1
1,0x36f0d644877b77e1311f851c78637e774c67ae20,train,0,0,0,0,0,0,0
1,integer_overflow_multitx_multifunc_feasible0x5aaefe84e0fb3dd1f0fcff6fa7468124986b91bd_SafeMath_div,train,0,1,0,0,0,0,0
1,buggy_380xd1766cc0a81e40d488d16357b590a0d009e0d927_SafeMath_mod,train,0,0,0,0,0,1,0
1,lottopollo0x4726bf61c3a8df967b6f2c805659810e8d343218_Agriss_getBalanceOf,train,0,0,0,0,0,1,0
1,buggy_400x697fc9371a33a98078543b777ca7d5c8009d6d0b_BasicToken_totalSupply,train,1,0,0,0,0,0,0
1,access_control__buggy_280xf8d1254fc324d2e75a5a37f5bd4ca34a20ef460d_StandardToken_allowance,train,1,0,0,0,0,0,0
1,simple_suicide0x319e49a0a4213529f9a3a97ca67c32a04093e32c_ContractSendCreditCoins_sendCurrentPayment,train,1,0,0,0,0,0,0
1,reentrancy__buggy_28,train,0,0,0,0,1,0,0
1,0xafa9ec5eddaa50db06e8ed2c680ac6c81a32e9b7,train,0,0,0,0,0,0,0
1,spank_chain_payment,train,0,0,0,0,1,0,0
1,buggy_430xd869755384bbed1c05fc18ee098e829227a1a3eb_CRX_totalSupply,train,0,1,0,0,0,0,0
1,front_running__buggy_32,train,0,0,0,1,0,0,0
1,reentrancy__buggy_19,train,0,0,0,0,1,0,0
1,token0xbd60d6db0b4fbfa01e4ee1c69a8d1510638f0deb_Nickelcoin_balanceOf,train,0,1,0,0,0,0,0
1,access_control__buggy_49,train,1,0,0,0,0,0,0
1,0x524960d55174d912768678d8c606b4d50b79d7b10x2313f908beddcb07565cdb48354523981d3a01c2_ERC20Token_balanceOf,train,0,0,0,0,0,0,1
1,uncheck__buggy_16,train,0,0,0,0,0,0,1
1,buggy_270x3e159b739864768ecc80945670d3292d9c5bb14e_Owned_acceptOwnership,train,1,0,0,0,0,0,0
1,reentrancy__buggy_44,train,0,0,0,0,1,0,0
1,buggy_30x535960f316117a9941ea37b06393b81341a17421_ETM_totalSupply,train,0,0,0,1,0,0,0
1,buggy_20x75c7626e1903bba8c1e429d6db5ea26600c6a248_SafeMath_safeDiv,train,0,0,0,0,0,0,1
1,buggy_240x65430ce5c77dd3ef0551f12be20b92567854af6b_SafeMath_div,train,1,0,0,0,0,0,0
1,dos__buggy_22,train,0,0,1,0,0,0,0
1,parity_wallet_bug_2,train,1,0,0,0,0,0,0
1,0x0785d6edc7c7a19cbcc5fb56a406b1351fc907dc,train,0,0,0,0,0,0,0
1,reentrancy__buggy_50,train,0,0,0,0,1,0,0
1,buggy_150x40e6131e32e7a86e072d80d12ecb94d7e3d09fa1_SafeMath_mul,train,0,0,0,0,0,0,1
1,etherbank0x5dbe296f97b23c4a6aa6183d73e574d02ba5c719_AbstractToken_AbstractToken,train,0,0,0,0,1,0,0
1,integer_overflow_benign_10x73779df3f86a4f314655247443db8780a9b9f4cc_SafeMath_div,train,0,1,0,0,0,0,0
1,0xb11b2fed6c9354f7aa2f658d3b4d7b31d8a13b77,train,0,0,0,0,0,0,1
1,timelock0xd2fa8f92ea72abb35dbd6deca57173d22db2ba49_SafeMath_max,train,0,1,0,0,0,0,0
1,uncheck__buggy_49,train,0,0,0,0,0,0,1
1,0x52d2e0f9b01101a59b38a3d05c80b7618aeed984,train,0,0,0,0,0,0,1
1,access_control__buggy_45,train,1,0,0,0,0,0,0
1,buggy_140xb705268213d593b8fd88d3fdeff93aff5cbdcfae_SafeMath_div,train,0,0,0,0,0,0,1
1,buggy_230x0ef987c2be871851176e46b098083b8f0fef4c17_SafeMath_mul,train,0,0,1,0,0,0,0
1,odds_and_evens0xa6fd6f9b44127dbdc02fa1712fbedd21d14b4f20_SafeMath_mul,train,0,0,0,1,0,0,0
1,timelock0xe9813b3ac3fd938d21e47d10987f58914e6ff1fd_ImTokenCardBack_transferFrom,train,0,1,0,0,0,0,0
1,buggy_180xa2b5ceb15354343c6f7a1569ac250cdd9b0634ba_SafeMath_mul,train,0,0,0,0,0,0,1
1,0x7906cdac57b29ef289c4887eb7811c2a641a2b75,train,0,0,0,0,0,0,0
1,0xd5967fed03e85d1cce44cab284695b41bc675b5c0xa6fd6f9b44127dbdc02fa1712fbedd21d14b4f20_BCE_BCEToken,train,0,0,0,0,0,0,1
1,uncheck__buggy_2,train,0,0,0,0,0,0,1
1,time_manipulation__buggy_50,train,0,0,0,0,0,1,0
1,buggy_110x931abd3732f7eada74190c8f89b46f8ba7103d54_ERC20_totalSupply,train,0,0,0,0,0,0,1
1,0x0371a82e4a9d0a4312f3ee2ac9c6958512891372,train,0,0,0,0,0,0,0
1,0x0b54c811cd4fd4d27c2ff0061c3831427d89b73c,train,0,0,0,0,0,0,0
1,0x1822126feedb4c7d61eecdbe3682fe61e91383d6,train,0,0,0,0,0,0,0
1,incorrect_constructor_name3,train,1,0,0,0,0,0,0
1,0x85d960d4a22c1da47e9f1272ee02f5d023b562fe,train,0,0,0,0,0,0,0
1,0x44e9ab4a3af1ccc8c1cfce6fc7d3e650373fc507,train,0,0,0,0,0,0,0
1,buggy_110xebb82eabbb699cedf7e72f316ec0e0f3fd1c3859_SafeMath_mul,train,0,0,0,0,0,0,1
1,0xf2570186500a46986f3139f65afedc2afe4f445d0x77bfd55f422b6978a1a21de65f8a13a1b58fa766_BasicToken_balanceOf,train,0,0,0,0,0,0,1
1,etherbank0xe7121ff8c912047f144c53f68c4905afa3c946f1_BasicToken_balanceOf,train,0,0,0,0,1,0,0
1,buggy_110x034f8165470b0a26b8daac1c3cd1cc6156e8294d_Owned_acceptOwnership,train,0,0,0,1,0,0,0
1,0x84d9ec85c9c568eb332b7226a8f826d897e0a4a8,train,0,0,0,0,0,0,1
1,buggy_270xf14f67393bc32c8da791636ac67dc2907fc59605_Ownable_owner,train,1,0,0,0,0,0,0
1,buggy_380x0cab2d4f3804de20facb7ae095d68b339e32732a_InGRedientToken_allowance,train,0,0,0,0,0,0,1
1,dos__buggy_18,train,0,0,1,0,0,0,0
1,wallet_03_wrong_constructor0xbdee7cf88eefb3451f25be656c3c18d3bcf0e3b1_SafeMath_mod,train,1,0,0,0,0,0,0
1,multiowned_vulnerable,train,1,0,0,0,0,0,0
1,odds_and_evens0x4a57e687b9126435a9b19e4a802113e266adebde_BasicToken_totalSupply,train,0,0,0,1,0,0,0
1,lotto0x2cc71c048a804da930e28e93f3211dc03c702995_Ownable_Ownable,train,0,0,0,0,0,0,1
1,dos__buggy_47,train,0,0,1,0,0,0,0
1,buggy_430x39f5be9f4b18830c9bb17cfdb045a4724c3d3b28_MCCIT_setOwner,train,0,0,0,1,0,0,0
1,0xa1fceeff3acc57d257b917e30c4df661401d6431,train,0,0,0,0,0,0,1
1,buggy_40x71396a6410249725c5609646c4e449c6c4d41e27_SafeMath_mul,train,0,0,0,0,1,0,0
1,reentrancy__buggy_21,train,0,0,0,0,1,0,0
1,mishandled0xbe7decf6ec9227263fa29da0b2aa41e3d5a95eec_Ownable_Ownable,train,0,0,0,0,0,0,1
1,buggy_40x9652847049867929260c9e16b31dfbb3b011817f_FixedSupplyToken_,train,0,0,1,0,0,0,0
1,buggy_30x01b03903a1660ae507ddbb6224e478bce176c275_SafeMath_div,train,0,1,0,0,0,0,0
1,multiowned_vulnerable0xb67a8b829b8867a13baf6dc78d9d73bfc01e8b46_Pausable_paused,train,1,0,0,0,0,0,0
1,0xf953990d2d8388bfca220141fad56e74d66184ac,train,0,0,0,0,0,0,0
1,buggy_280xa7f1863212762d6b6f7b958b46a21ba9e4818422_Bitwin_,train,0,0,0,1,0,0,0
1,buggy_440x65bf93f65961ff6b778d6b7e52c5807a97c2e4f3_CLPT_setOwner,train,0,0,0,1,0,0,0
1,buggy_380xd47a07070bd8a670407038941318783cf2070a1e_SafeMath_mod,train,0,0,0,1,0,0,0
1,integer_overflow_mul0x892697720ad461f019fd1f4bc4d52447a59c0687_SafeMath_div,train,0,1,0,0,0,0,0
1,time_manipulation__buggy_38,train,0,0,0,0,0,1,0
1,0x0cbe050f75bc8f8c2d6c0d249fea125fd6e1acc90x72ee07223ad92dfd9e37ce03ad795b1aeddd28b4_EthGarden_getBalance,train,0,0,0,0,0,0,1
1,0x1fc52f1abade452dd4674477d4711951700b3d27,train,0,0,0,0,0,0,0
1,ether_lotto,train,0,0,0,0,0,1,0
1,0x70f9eddb3931491aab1aeafbc1e7f1ca2a012db40x7a7e1c7157367e224542d92f3c8493bb4dc28878_BasicToken_balanceOf,train,0,0,0,0,0,0,1
1,0x3a306a399085f3460bbcb5b77015ab33806a10d5,train,0,0,0,0,0,0,0
1,reentrancy_dao0x325c96fa60eeb3a9f88bab75278b5ff18398c919_InvestorWhiteList_InvestorWhiteList,train,0,0,0,0,1,0,0
1,0xef1344bdf80bef3ff4428d8becec3eea4a2cf574,train,0,0,0,0,0,0,0
1,buggy_270x18ae6bc100ac9ef701c14562e1b812393a86a8e8_Owned_acceptOwnership,train,0,1,0,0,0,0,0
1,integer_overflow_mapping_sym_10x416768387836bd8715d127ef9065975325cfad14_GoTDragonFarm_seedMarket,train,0,1,0,0,0,0,0
1,0x4051334adc52057aca763453820cb0e045076ef3,train,0,0,0,0,0,0,1
1,buggy_270x88f12e1b380aad1d21c80ac48a0a87a02ccc0de9_SafeMath_div,train,0,0,0,0,0,0,1
1,simple_suicide0x1839864616602fee4d5cc7a6448dd257636c9a9a_AbstractToken_AbstractToken,train,1,0,0,0,0,0,0
1,buggy_90x7941f0ff95884f45f965eac9bf1678ed34ef1665_owned_owned,train,0,0,0,0,0,0,1
1,0x4927643162fe6d18c7f046b3d155d8da0eee80e8,train,0,0,0,0,0,0,0
1,buggy_380x459c780413b46552e2314f5840cab416e4b689af_CalegariToken_,train,0,0,0,0,0,0,1
1,buggy_40x64f505822e7144b0dbb7a36c7b35c777d5cddc17_SafeMath_mul,train,0,1,0,0,0,0,0
1,0xe26668cc7ce5239304b5af8f54b4bd57d11084d2,train,0,0,0,0,0,0,0
1,access_control__buggy_2,train,1,0,0,0,0,0,0
1,odds_and_evens0x92a863fd7e33336ed128acbaf0d52e2267f6f575_Ownable_owner,train,0,0,0,1,0,0,0
1,buggy_280x73b774ff2e2bbad413a37db5ea87cdf736b71ef6_BasicToken_balanceOf,train,0,0,0,0,1,0,0
1,buggy_40x87ab739464881af0011052d4ca0b0d657e8c3b48_Pausable_paused,train,0,1,0,0,0,0,0
1,lottopollo,train,0,0,0,0,0,1,0
1,buggy_140xd3bd3c8fb11429b0deee5301e72b66fba29782c0_ICO_,train,1,0,0,0,0,0,0
1,reentrancy_bonus0x1c0addffeb8a2c63de6ec734ad1728240cd8d877_ProofOfExistence_get,train,0,0,0,0,1,0,0
1,0xb62132e35a6c13ee1ee0f84dc5d40bad8d815206,train,0,0,0,0,0,0,0
1,buggy_30xafa9ec5eddaa50db06e8ed2c680ac6c81a32e9b7_SafeMath_mul,train,1,0,0,0,0,0,0
1,uncheck__buggy_23,train,0,0,0,0,0,0,1
1,buggy_400x45c998a972e6449858206775d50f3925eb1e5b1b_SafeMath_div,train,1,0,0,0,0,0,0
1,dos__buggy_23,train,0,0,1,0,0,0,0
1,governmental_survey,train,0,0,0,0,0,1,0
1,buggy_400xe80b90fdabcc18932e2bcda61df6010df69091c7_BasicToken_totalSupply,train,0,0,1,0,0,0,0
1,buggy_360x3227bb83f3f230c15f8ee4a78a655f06c8004cad_LTLNN_totalSupply,train,0,0,0,0,0,0,1
1,arithmetic__buggy_5,train,0,1,0,0,0,0,0
1,buggy_40x349c14bca4e70d5ea4a4c08e7cffce51708b4887_SafeMath_mul,train,0,0,0,1,0,0,0
1,arithmetic__buggy_19,train,0,1,0,0,0,0,0
1,buggy_30xe0cf1a976503b6e27250d710f7097c004b9a706b_QTMTotal_totalSupply,train,0,0,0,0,0,0,1
1,0xa46edd6a9a93feec36576ee5048146870ea2c3ae0xd7408546678406f239410acc4f5ac5ca1b633ce5_DragonFarmer_buySuperDragon,train,0,0,0,0,0,0,1
1,buggy_440x09a8501e22da800cb7a482fc5e2bf32c90a55995_FLX_freezeAccount,train,0,0,0,1,0,0,0
1,0x958a8f594101d2c0485a52319f29b2647f2ebc06,train,0,0,0,0,0,0,1
1,0xf2570186500a46986f3139f65afedc2afe4f445d0x57929e21bb0de26166d3f3cfa09be0b2bb9f0a9c_CPTXToken_balanceOf,train,0,0,0,0,0,0,1
1,buggy_40x193408ca0576b73156ed42a2ea7d6fd3f6507162_INFS_totalSupply,train,0,1,0,0,0,0,0
1,buggy_110xa2dbb4808d9ec74dc548cae39d3660e57f189840_ERC20Detailed_decimals,train,0,0,1,0,0,0,0
1,buggy_40x63bcfa2aaf618662b76e58eae4ee410f933b47ac_SafeMath_mul,train,0,0,0,1,0,0,0
1,reentrancy_simple0x45ecd27a81df8ca0848cdef0b7d325ea40c581fe_SafeMath_safeMul,train,0,0,0,0,1,0,0
1,buggy_190xff02b17386f94da201cff84a6a7482ec2c452ef3_ERC20_allowance,train,1,0,0,0,0,0,0
1,access_control__buggy_6,train,1,0,0,0,0,0,0
1,0xa07519032c24799354b6efedd38c3b704226b2f2,train,0,0,0,0,0,0,0
1,access_control__buggy_15,train,1,0,0,0,0,0,0
1,mapping_write0x13565ed69a6997dada0cc0e2087f08504626d9db_SafeMath_div,train,1,0,0,0,0,0,0
1,buggy_190xcbf15fb8246f679f9df0135881cb29a3746f734b_ERC20_allowance,train,0,0,0,1,0,0,0
1,0xdaae09accd32ccdb5d1fe48244d1826f55670704,train,0,0,0,0,0,0,0
1,buggy_30x6ee10c4c566166135c8de574ce63f583afc6d2b2_SafeMath_mul,train,0,0,1,0,0,0,0
1,0x18b80470e22d8645d366910a0bd610f359fdd143,train,0,0,0,0,0,0,0
1,buggy_190xe0cf1a976503b6e27250d710f7097c004b9a706b_SafeMath_mul,train,0,0,0,0,1,0,0
1,buggy_40x25727ae7907f26c0a2e3c9fe36f2eba6ea67fd73_SafeMath_div,train,0,0,0,1,0,0,0
1,buggy_110x44e9ab4a3af1ccc8c1cfce6fc7d3e650373fc507_SafeMath_div,train,0,1,0,0,0,0,0
1,buggy_400x73b774ff2e2bbad413a37db5ea87cdf736b71ef6_SafeMath_div,train,1,0,0,0,0,0,0
1,buggy_140xb70e23a235eb97a5397261be9a85de73eba212c1_SafeMath_mod,train,0,0,0,1,0,0,0
1,buggy_280xea9eb702499ba163599d80ccd01fbf5335f6b799_FixedSupplyToken_allowance,train,0,0,0,0,0,1,0
1,time_manipulation__buggy_6,train,0,0,0,0,0,1,0
1,wallet_04_confused_sign0x85954c0adde80c73b019a92c08e0d22f16ac4067_SafeMath_div,train,1,0,0,0,0,0,0
1,integer_overflow_10xec9405f15cb1239a751148f7e5ab2895df15ccc5_SafeMath_div,train,0,1,0,0,0,0,0
1,0xa46edd6a9a93feec36576ee5048146870ea2c3ae,train,0,0,0,0,0,0,1
1,0x806a6bd219f162442d992bdc4ee6eba1f2c5a707,train,0,0,0,0,0,0,1
1,buggy_140xd4ec1572aa1e4e764532e0a887a979d6a80ae78e_SafeMath_mul,train,0,0,1,0,0,0,0
1,buggy_30x32470ff2a384becbd33c2b70f3cd4ba6192cb368_ERC20_allowance,train,0,0,0,0,0,0,1
1,0xdea454c9c4ad408f324cc0ea382b2b7aad99640c,train,0,0,0,0,0,0,0
1,buggy_280x6ee10c4c566166135c8de574ce63f583afc6d2b2_TransferAndPause_transferAndPauseEnabled,train,0,0,0,0,1,0,0
1,0xcbfe11b78c2e6cb25c6eda2c6ff46cd4755c8fca,train,0,0,0,0,0,0,0
1,dos__buggy_25,train,0,0,1,0,0,0,0
1,0x35972be96f011fd6a51f6090a856083078a44655,train,0,0,0,0,0,0,0
1,0x5d746a60d39a3b584b438374d5e95e2ab00085b5,train,0,0,0,0,0,0,0
1,proxy0xd90dd9aeff7a347112dd07a892a52dd2d5627877_SafeMath_div,train,1,0,0,0,0,0,0
1,dos__buggy_44,train,0,0,1,0,0,0,0
1,timelock0x081528cdadfca02b74dae6547d04d391c9a698fb_test_transfer,train,0,1,0,0,0,0,0
1,auction0xd7408546678406f239410acc4f5ac5ca1b633ce5_DragonFarmer_getMyNormalDragons,train,0,0,1,0,0,0,0
1,0x275da025fa3216b15583c565cf77cc482481e4ad,train,0,0,0,0,0,0,0
1,buggy_40xb4450f8048dd4eaa6e24b6fdb4f8328b22b61bef_SafeMath_div,train,0,0,0,0,0,0,1
1,0x2891c6722aace803f62d5d32f975507d3af6eed0,train,0,0,0,0,0,0,0
1,arithmetic__buggy_38,train,0,1,0,0,0,0,0
1,buggy_230x538cc4af284ba376ad5bad0d364fbc9fb302546a_EtherPornStars_buyPremium,train,0,0,0,0,0,0,1
1,0x38f9ff2e8cd3227d0278fb4d945ff8c03c4c9ef6,train,0,0,0,0,0,0,0
1,integer_overflow_mapping_sym_10x416768387836bd8715d127ef9065975325cfad14_GoTDragonFarm_claimFreeDragon,train,0,1,0,0,0,0,0
1,insecure_transfer0x2722690a68f97e3361b958eb0b1dedf39190f6ad_BlumeToken_,train,0,1,0,0,0,0,0
1,0x1748149ea200a9d1db395bf744f5266c97988637,train,0,0,0,0,0,0,0
1,integer_overflow_10x03966330e7f60c95d2d8dd043735eea901c5e4e0_Ownable_owner,train,0,1,0,0,0,0,0
1,buggy_110x42f2d09a9471cc2cf0092e5c1aa55aa099041519_SafeMath_mul,train,0,0,0,1,0,0,0
1,integer_overflow_add0x4c39828c426ca8128ed4cbc733bf3a9934a87288_SafeMath_safeDiv,train,0,1,0,0,0,0,0
1,buggy_110xa5b91fbfec2f9a708592f9cd3c9e20becdfcb816_VIPToken_balanceOf,train,1,0,0,0,0,0,0
1,buggy_40x7788d759f21f53533051a9ae657fa05a1e068fc6_FletaToken_,train,0,0,0,0,0,0,1
1,buggy_110x2b13bc5781357e12d05f3afb477bbed8a60c669d_BasicToken_totalSupply,train,0,1,0,0,0,0,0
1,0x59891b95010267f7a3666dcb3221059a73e11ad1,train,0,0,0,0,0,0,0
1,0xdd806c4fdad2949a97fda79036cfbb8750181b37,train,0,0,0,0,0,0,0
1,buggy_380xaffdbbbdd400bb780dea5307b39187d1e9edc1cc_SafeMath_mul,train,0,0,0,1,0,0,0
1,lotto,train,0,0,0,0,0,0,1
1,0xb7c5c5aa4d42967efe906e1b66cb8df9cebf04f70x07c344edd719a356775e1fbd852c63dc46167b76_SafeMath_div,train,0,0,0,0,0,0,1
1,0xff7a0282d23138dccb55334f1beced4b5ddffb1a,train,0,0,0,0,0,0,0
1,dos__buggy_14,train,0,0,1,0,0,0,0
1,buggy_240x19c33ea6a6bd42078d36ac2cd2010df01aa45ac9_SafeMath_div,train,0,1,0,0,0,0,0
1,0x2972d548497286d18e92b5fa1f8f9139e5653fd20x4d552a4facc008cdf004833aaa1499a1ed5977c7_SafeMath_add,train,0,0,0,0,0,0,1
1,buggy_430xcf640abc9f61c5b755a2706b56f9b1da8517412d_ERC20_balanceOf,train,0,0,1,0,0,0,0
1,simple_dao0x836663ddf0b2880314cd3d503508dd97b7fbeeea_CyberShekel_balanceOf,train,0,0,0,0,1,0,0
1,buggy_380x3b18610670ab6d6df6eb0642c5f90416aa076995_BariCoin_,train,1,0,0,0,0,0,0
1,dos__buggy_38,train,0,0,1,0,0,0,0
1,buggy_440x09a8501e22da800cb7a482fc5e2bf32c90a55995_SafeMath_safeDiv,train,0,1,0,0,0,0,0
1,buggy_270x4f375b916cdbb1c389385832d8a1e0faabe2ce13_SafeMath_div,train,1,0,0,0,0,0,0
1,arithmetic__buggy_21,train,0,1,0,0,0,0,0
1,etherbank0xf825251d8d0c4da7ebd83b564b61ff3eb0852384_AbstractToken_AbstractToken,train,0,0,0,0,1,0,0
1,etherbank0xa77a2938712c2f91f9096d41dae7b4a79c60ebd7_ctf_ctf,train,0,0,0,0,1,0,0
1,integer_overflow_multitx_onefunc_feasible0xe382eb93c1838473a22d3c680b82ac29eb0094cc_SafeERC20_safeTransferFrom,train,0,1,0,0,0,0,0
1,buggy_280xebdf9a7ae0009b958c6d09501eb9ac1dafeb31ab_SafeMath_div,train,1,0,0,0,0,0,0
1,ether_lotto0xac2e58a06e6265f1cf5084ee58da68e5d75b49ca_SafeMath_div,train,0,0,0,0,0,1,0
1,buggy_430x6ee10c4c566166135c8de574ce63f583afc6d2b2_Pausable_paused,train,0,0,0,0,0,0,1
1,buggy_280x719ca90842a9f4d4fb52251db88703e4bc4a07ca_SafeMath_mul,train,0,0,0,0,0,1,0
1,0x2781246fe707bb15cee3e5ea354e2154a2877b16,train,0,0,0,0,0,0,0
1,buggy_230x034f8165470b0a26b8daac1c3cd1cc6156e8294d_Owned_acceptOwnership,train,0,1,0,0,0,0,0
1,buggy_240x8796aae8118debfd647a40f3acb8b36479c5e0a0_SafeMath_mul,train,0,0,0,0,0,0,1
1,reentrancy__buggy_23,train,0,0,0,0,1,0,0
1,arithmetic__buggy_20,train,0,1,0,0,0,0,0
1,buggy_380xff7a0282d23138dccb55334f1beced4b5ddffb1a_Ownable_owner,train,1,0,0,0,0,0,0
1,buggy_40xa5034d01bb9e14bdd2d59f645a40c4b1ba40545c_SafeMath_mul,train,1,0,0,0,0,0,0
1,access_control__buggy_48,train,1,0,0,0,0,0,0
1,buggy_430xd0000bea72c7eaa3d5086967a982503104113c24_ForTheBlockchain_allowance,train,0,0,0,1,0,0,0
1,buggy_140xc617d51e3a1f621da8ae67b2f652d6ac02eb8d95_SafeMath_safeMul,train,0,0,0,0,1,0,0
1,access_control__buggy_19,train,1,0,0,0,0,0,0
1,lottopollo0x9fbd51ed85412ed7b5d0f12ebd29fa03d767de11_SafeMath_mul,train,0,0,0,0,0,1,0
1,buggy_150x095d7847945c6a496cad77bff0687a1bf367ec4a_AbstractToken_balanceOf,train,0,0,0,0,1,0,0
1,dos__buggy_33,train,0,0,1,0,0,0,0
1,buggy_240x6b9d46a223ffa343f8b14d855a8314b0eff7fcb7_FormSI060719_balanceOf,train,1,0,0,0,0,0,0
1,buggy_280xa2b5ceb15354343c6f7a1569ac250cdd9b0634ba_SafeMath_mod,train,1,0,0,0,0,0,0
1,0x610495793564aed0f9c7fc48dc4c7c9151d34fd60xf8edd282fe8d781a941176acf61a78434f5227b8_SafeMath_safeDiv,train,0,0,0,0,0,0,1
1,buggy_280x98b89a9947a668c1baa48382de7f4a952ef37b53_Pausable_paused,train,0,0,1,0,0,0,0
1,buggy_380x13cb835c47782dad075ce7faa1f8439b548b712d_Owned_acceptOwnership,train,0,0,1,0,0,0,0
1,reentrance0x5e2cdfaaa35273bb4c1ca9c3c8f335af1b1bf4b7_ERC20_totalSupply,train,0,0,0,0,1,0,0
1,buggy_380x16cee4183eb48e3cb190356700de467c28c4a56f_SafeMath_mul,train,0,0,0,1,0,0,0
1,uncheck__buggy_14,train,0,0,0,0,0,0,1
1,0x7c639dafe776aa02f24b90c9bca3dc4ff11b6b3d,train,0,0,0,0,0,0,0
1,buggy_400x6eaa66453b4b8d21be737891e1056a1e801ac264_BasicToken_balanceOf,train,0,1,0,0,0,0,0
1,buggy_230xdbe615c10ce4336fcbaed628e76fbe84e4b7dc44_SafeMath_div,train,0,1,0,0,0,0,0
1,dos__buggy_15,train,0,0,1,0,0,0,0
1,front_running__buggy_2,train,0,0,0,1,0,0,0
1,reentrancy_insecure,train,0,0,0,0,1,0,0
1,buggy_190xda7bf696953ce9a74f5fbf79ce3f99572dede591_ERC20Detailed_decimals,train,0,1,0,0,0,0,0
1,buggy_430xdbf0e893d7a24d36a80e95af1fbba3ad3c423b5e_ERC20_balanceOf,train,0,0,0,0,0,0,1
1,buggy_380x44f903884941b591ba1359d62c4cd04f3feb2235_SafeMath_mul,train,1,0,0,0,0,0,0
1,buggy_400x230bd39c5fb6da9086596ec8c347f5d4a666ec06_SafeMath_safeDiv,train,1,0,0,0,0,0,0
1,buggy_260xc96df921009b790dffca412375251ed1a2b75c60_SafeMath_mod,train,0,0,0,0,0,0,1
1,0x4654a62c8d45201542e86233b625a4e33ecb316b,train,0,0,0,0,0,0,0
1,proxy,train,1,0,0,0,0,0,0
1,buggy_20x538cc4af284ba376ad5bad0d364fbc9fb302546a_SafeMath_mul,train,0,0,0,0,0,0,1
1,time_manipulation__buggy_32,train,0,0,0,0,0,1,0
1,uncheck__buggy_19,train,0,0,0,0,0,0,1
1,time_manipulation__buggy_15,train,0,0,0,0,0,1,0
1,buggy_170x75c7626e1903bba8c1e429d6db5ea26600c6a248_SafeMath_mul,train,0,0,0,1,0,0,0
1,buggy_440x6da90c566e1f4771a74fe0ce047c3763a5f79e79_SafeMath_div,train,0,0,0,0,1,0,0
1,BECToken,train,0,1,0,0,0,0,0
1,buggy_10xf6abff616043c2da572573dcc583b656297b30e7_SafeMath_div,train,0,0,0,0,0,0,1
1,auction0xc8e6cd948e3f6c586c9af12ea23c504d0933e19a_BasicToken_balanceOf,train,0,0,1,0,0,0,0
1,front_running__buggy_25,train,0,0,0,1,0,0,0
1,0x000c100050e98c91f9114fa5dd75ce6869bf4f53,train,0,0,0,0,0,0,0
1,front_running__buggy_19,train,0,0,0,1,0,0,0
1,unprotected0,train,1,0,0,0,0,0,0
1,overflow_single_tx0xf226e38c3007b3d974fc79bcf5a77750035436ee_SafeMath_div,train,0,1,0,0,0,0,0
1,time_manipulation__buggy_44,train,0,0,0,0,0,1,0
1,buggy_140x01b03903a1660ae507ddbb6224e478bce176c275_SafeMath_mul,train,1,0,0,0,0,0,0
1,auction0x07c34e089868da9fa16f505122f6e14680fd5ae4_Utils_safeDiv,train,0,0,1,0,0,0,0
1,buggy_30x9587c214951d567e211192f9a7dbb2b9c7211848_multiSend_,train,0,1,0,0,0,0,0
1,buggy_20x61b2d3ea9f1c6b387c985c73d40e8fbfb284e5c7_RC20_totalSupply,train,1,0,0,0,0,0,0
1,dos__buggy_39,train,0,0,1,0,0,0,0
1,buggy_40x3456cc70aa1576b00ae60d62459e75d294b8b52e_AbstractToken_,train,1,0,0,0,0,0,0
1,dos__buggy_17,train,0,0,1,0,0,0,0
1,0x524960d55174d912768678d8c606b4d50b79d7b10x1822126feedb4c7d61eecdbe3682fe61e91383d6_ERC20_balanceOf,train,0,0,0,0,0,0,1
1,buggy_40x2c72ee35637cb6df00f8c07595b564a05f667006_SafeMath_mul,train,0,0,1,0,0,0,0
1,buggy_280x0e97dcbe67df2a0d3fbcd983c04990e6d0cbb566_SafeMath_div,train,0,0,0,1,0,0,0
1,0xd78b6bd09cd28a83cfb21afa0da95c685a6bb0b1,train,0,0,0,0,0,0,0
1,buggy_30x6e2fe65d96ed63aaca9e475f6f251d4232c3842c_ERC20Capped_cap,train,0,0,0,0,0,0,1
1,0x06ea256d8a2112aff4f700407e254bae8921811d,train,0,0,0,0,0,0,0
1,buggy_20x309a758f5f33bd4418876b32d38c8d15c59c7799_Controller_Owner,train,0,0,0,0,0,0,1
1,buggy_380x122379cc33bd264bbaae71bb6bbe28cd75f7e6f1_SafeMath_mul,train,0,0,1,0,0,0,0
1,buggy_40xe3176e757f3fde2709ecf754dc194a3f50bd8449_FixedSupplyToken_allowance,train,0,0,0,0,1,0,0
1,0x411a4bf072d099069249846532acd874c131355e,train,0,0,0,0,0,0,0
1,0xd5967fed03e85d1cce44cab284695b41bc675b5c,train,0,0,0,0,0,0,1
1,uncheck__buggy_38,train,0,0,0,0,0,0,1
1,access_control__buggy_4,train,1,0,0,0,0,0,0
1,buggy_400x26a96677aa1a4bcb7229f4825dad4835a1268d7c_SafeMath_mod,train,0,1,0,0,0,0,0
1,insecure_transfer0x16ea01acb4b0bca2000ee5473348b6937ee6f72f_BasicToken_totalSupply,train,0,1,0,0,0,0,0
1,0x4a66ad0bca2d700f11e1f2fc2c106f7d3264504c0x4824b7595175417b81dfc9350941bf3a35afe8f6_MyToken_transfer,train,0,0,0,0,0,0,1
1,arithmetic__buggy_34,train,0,1,0,0,0,0,0
1,buggy_110xbd1e7f594600dcaf7f483af55deacec0159a064e_ERC20_allowance,train,0,0,1,0,0,0,0
1,access_control__buggy_16,train,1,0,0,0,0,0,0
1,reentrancy__buggy_18,train,0,0,0,0,1,0,0
1,0x610495793564aed0f9c7fc48dc4c7c9151d34fd6,train,0,0,0,0,0,0,1
1,buggy_430x45c998a972e6449858206775d50f3925eb1e5b1b_ERC20_balanceOf,train,0,1,0,0,0,0,0
1,buggy_280x4ffe33e525042cc84c503db5842ecda280f4a805_GreenWorldProject_,train,0,0,0,0,1,0,0
1,buggy_400x01b03903a1660ae507ddbb6224e478bce176c275_SafeMath_div,train,0,0,1,0,0,0,0
1,buggy_230x095d7847945c6a496cad77bff0687a1bf367ec4a_SafeMath_mul,train,1,0,0,0,0,0,0
1,0xe463d1ee18bcbce681215d15738018eadaa82260,train,0,0,0,0,0,0,0
1,0xc4b6c9323f9840e0b2b2a0e65b5dc172378fb9c4,train,0,0,0,0,0,0,0
1,etherbank0x83b9d34d75f1d09bd6fc88fc7c2bbb5adaa355f6_SafeMath_min256,train,0,0,0,0,1,0,0
1,buggy_190x06a6fc23e6ec8a2b2aeeefd70d772dc3d6b45010_SafeMath_div,train,0,0,0,1,0,0,0
1,0x52d2e0f9b01101a59b38a3d05c80b7618aeed9840xa1b85dbba00f8d99ad1da05010fcc9e92c4aec60_SafeMath_min256,train,0,0,0,0,0,0,1
1,0xd5967fed03e85d1cce44cab284695b41bc675b5c0x091f601d7b6c0c8073d075a1847bafc6872559a4_Clue_totalSupply,train,0,0,0,0,0,0,1
1,buggy_440xb58ce9456a52b6c53773e0c621a17b35d708a215_KittyBountiesAdmin_,train,0,0,0,1,0,0,0
1,token0xd8c3427412911b39e184cd47f1d58dd8c85e270d_Crowdsale_unlockTime,train,0,1,0,0,0,0,0
1,0xb55283fb3a40ecdc33e32caeb8e56ed8cdbb31be,train,0,0,0,0,0,0,0
1,0xa46edd6a9a93feec36576ee5048146870ea2c3ae0x92a863fd7e33336ed128acbaf0d52e2267f6f575_SafeMath_sub,train,0,0,0,0,0,0,1
1,buggy_400x3456cc70aa1576b00ae60d62459e75d294b8b52e_SafeMath_mul,train,0,0,0,1,0,0,0
1,buggy_240xda9b16706b1891b298d2dd4da3998343fa7e5820_FAECERC20_transfer,train,1,0,0,0,0,0,0
1,0x0ecf0851b2cb945ddbee413c0e23f0c01cd4df7d,train,0,0,0,0,0,0,0
1,etherbank,train,0,0,0,0,1,0,0
1,buggy_20xa5503c4227bf8c5fcbab84cece74009de5fc3e71_SafeMath_div,train,0,0,0,0,0,0,1
1,eth_tx_order_dependence_minimal0xf5d714d9cd577b7daf83f84aea37a1eb0787e7ad_BasicToken_totalSupply,train,0,0,0,1,0,0,0
1,buggy_40x35b26197ba05fca755e7ff44253bbfa036fee5b4_SafeMath_mod,train,0,1,0,0,0,0,0
1,0x7541b76cb60f4c60af330c208b0623b7f54bf615,train,0,0,0,0,1,0,0
1,uncheck__buggy_44,train,0,0,0,0,0,0,1
1,buggy_190xe702af70291b952cdce5c224a18ab1127c449e79_SafeMath_safeDiv,train,0,0,0,1,0,0,0
1,time_manipulation__buggy_43,train,0,0,0,0,0,1,0
1,access_control__buggy_33,train,1,0,0,0,0,0,0
1,0xac23817f7e9ec7eb6b7889bdd2b50e04a44470c5,train,0,0,0,0,0,0,0
1,0xceec7aaa57e3a77c73a9954b9b7d5b32ab688318,train,0,0,0,0,0,0,0
1,0xd6e33c11cff866162787b7198030aac101a61f29,train,0,0,0,0,0,0,0
1,buggy_270x7eedfa6a5e958d0c3565a2ebdc89f0ec6fc8be94_JQToken_allowance,train,0,1,0,0,0,0,0
1,multiowned_vulnerable0x166f1a7ecae00bd43876a25b10a63c575e05c0e7_Vera_totalSupply,train,1,0,0,0,0,0,0
1,arithmetic__buggy_23,train,0,1,0,0,0,0,0
1,integer_overflow_10xa987a1fb978abb7c17201a84efbe828d5c66264d_Ownable_Ownable,train,0,1,0,0,0,0,0
1,buggy_230xff02b17386f94da201cff84a6a7482ec2c452ef3_SafeMath_mod,train,0,0,1,0,0,0,0
1,arithmetic__buggy_49,train,0,1,0,0,0,0,0
1,0x4a66ad0bca2d700f11e1f2fc2c106f7d3264504c0x0a7073207bac23865e0e3b204615364b5a9d3783_HRKD_getInvested,train,0,0,0,0,0,0,1
1,0x85954c0adde80c73b019a92c08e0d22f16ac4067,train,0,0,0,0,0,0,0
1,buggy_110xb4450f8048dd4eaa6e24b6fdb4f8328b22b61bef_SafeMath_mod,train,0,0,1,0,0,0,0
1,buggy_240x96d8a52bdbd8dac26763e13b0242d846888cacbf_Ownable_owner,train,0,0,0,0,0,0,1
1,buggy_440x44e9ab4a3af1ccc8c1cfce6fc7d3e650373fc507_ERC20Detailed_decimals,train,0,1,0,0,0,0,0
1,etherpot_lotto,train,0,0,0,0,0,0,1
1,0xf2570186500a46986f3139f65afedc2afe4f445d0x091f601d7b6c0c8073d075a1847bafc6872559a4_Clue_totalSupply,train,0,0,0,0,0,0,1
1,time_manipulation__buggy_29,train,0,0,0,0,0,1,0
1,arithmetic__buggy_12,train,0,1,0,0,0,0,0
1,buggy_430xc46ef00408b400975b375ba81c6c227bb62c6539_ImpMine_getDestinationWallet,train,0,0,1,0,0,0,0
1,access_control__buggy_39,train,1,0,0,0,0,0,0
1,0xa46edd6a9a93feec36576ee5048146870ea2c3ae0x69cef154bc6ee9373ff9520d7392a174108fb5b5_Ownable_Ownable,train,0,0,0,0,0,0,1
1,buggy_10x3b7394e62f675993a0e3de45acf7d22c3ea54f1e_SafeMath_mod,train,0,1,0,0,0,0,0
1,0x2c72ee35637cb6df00f8c07595b564a05f667006,train,0,0,0,0,0,0,0
1,buggy_280x9125a3bf564e1a608833f392f1b011efa17db4ef_SafeMath_mod,train,0,0,1,0,0,0,0
1,time_manipulation__buggy_31,train,0,0,0,0,0,1,0
1,buggy_270x61e69708154204506bc577213536de2c70bff665_MidasToken_,train,0,1,0,0,0,0,0
1,time_manipulation__buggy_28,train,0,0,0,0,0,1,0
1,buggy_440xa487ee76c22b629c9c0319f61d34ff0abd821781_CodeFundToken_,train,0,1,0,0,0,0,0
1,reentrancy__buggy_3,train,0,0,0,0,1,0,0
1,0x2d50de5411731843c84232fa7eb807bee7befdf4,train,0,0,0,0,0,0,0
1,buggy_400x3b3801f0fc76528e42390df701f513fc62cbf154_FixedSupplyToken_,train,0,0,0,1,0,0,0
1,0xbaa3de6504690efb064420d89e871c27065cdd52,train,0,0,0,0,0,0,1
1,uncheck__buggy_50,train,0,0,0,0,0,0,1
1,buggy_240xde0722169f3e94fa73e1b1ee1aa59b5a73b56bbd_HoloParkGamingToken_,train,0,1,0,0,0,0,0
1,0xb11b2fed6c9354f7aa2f658d3b4d7b31d8a13b770x9806f88f86bf701d4a43b7b82732be80c4773f17_SafeMath_mod,train,0,0,0,0,0,0,1
1,0x32470ff2a384becbd33c2b70f3cd4ba6192cb368,train,0,0,0,0,0,0,0
1,buggy_140xb8c6ad2586bb71d518c2aaf510efe91f82022f58_SafeMath_div,train,0,0,1,0,0,0,0
1,0x133e9c0564dc1e6746fc7a3513d48198b96539a0,train,0,0,0,0,0,0,0
1,front_running__buggy_39,train,0,0,0,1,0,0,0
1,buggy_190x44f903884941b591ba1359d62c4cd04f3feb2235_StandardToken_allowance,train,1,0,0,0,0,0,0
1,0x5edf5432c6dc5b42c9ec01fa9443c3ac89ca9686,train,0,0,0,0,0,0,0
1,buggy_140x67033c6c1e977e1e19b1ccd53463e3031e6452ef_SafeMath_mod,train,0,1,0,0,0,0,0
1,access_control__buggy_40,train,1,0,0,0,0,0,0
1,0xff02b17386f94da201cff84a6a7482ec2c452ef3,train,0,0,0,0,0,0,0
1,buggy_260x35b26197ba05fca755e7ff44253bbfa036fee5b4_SafeMath_mul,train,0,1,0,0,0,0,0
1,buggy_280xde960de55c59c3fd139c792564329523531f1e18_SafeMath_mod,train,0,0,0,0,0,0,1
1,arbitrary_location_write_simple0xa8eda9d4aee0eb882f8752c6ba7e16d9233c9ad2_ERC20_totalSupply,train,1,0,0,0,0,0,0
1,buggy_280x49e50851231706480ef532844babd18a9c19ebef_Owned_acceptOwnership,train,1,0,0,0,0,0,0
1,phishable0x484fa8db2f005a7c19f4e3049fcc0fa363384cb5_Crowdsale_stopSale,train,1,0,0,0,0,0,0
1,0x1c74cff0376fb4031cd7492cd6db2d66c3f2c6b9,train,0,0,0,0,0,0,0
1,ether_lotto0x7332077db22f7c1df320e757a77e8871377976da_MiningRigFarmer_seedMarket,train,0,0,0,0,0,1,0
1,buggy_30xfa2d6cd0410f9656612fd837692d6a4921946f1b_ERC20_allowance,train,0,0,0,1,0,0,0
1,buggy_280xebcd0ea69b0f2b9bb23021348e9e31517340073f_SafeMath_mul,train,0,0,0,0,0,0,1
1,buggy_20x30feb5f9b9371146a63965bebbf1e2c90e5fdb0e_TokenERC20_transfer,train,1,0,0,0,0,0,0
1,reentrance,train,0,0,0,0,1,0,0
1,integer_overflow_10x767d4dae2c06dd73a803445b28a3f7313e64a36a_BasicToken_totalSupply,train,0,1,0,0,0,0,0
1,buggy_430x39644476e9a3a882fbfb98a69ef2e82e56eccb90_MEADCOIN_,train,0,0,0,1,0,0,0
1,0x5aaefe84e0fb3dd1f0fcff6fa7468124986b91bd,train,0,0,0,0,0,0,0
1,0x688dde13bd594a9030feefe6fa39cb353b7351c7,train,0,0,0,0,0,0,0
1,access_control__buggy_32,train,1,0,0,0,0,0,0
1,buggy_40xc6003a33f7464d6e6c1dc17344a75a9952187541_SafeMath_mod,train,1,0,0,0,0,0,0
1,buggy_440x61b2d3ea9f1c6b387c985c73d40e8fbfb284e5c7_SafeMath_div,train,1,0,0,0,0,0,0
1,dos__buggy_35,train,0,0,1,0,0,0,0
1,0x4a66ad0bca2d700f11e1f2fc2c106f7d3264504c0x836663ddf0b2880314cd3d503508dd97b7fbeeea_CyberShekel_allowance,train,0,0,0,0,0,0,1
1,0x2e8c6bbe8e3aa834ef5a851b2cdfc52403d61b87,train,0,0,0,0,0,0,0
1,buggy_230x75d2befc8d167cf8a6af89fdef944bb12bfb87b0_TronRegister_get,train,0,0,0,0,0,0,1
1,time_manipulation__buggy_1,train,0,0,0,0,0,1,0
1,buggy_30x6556d2ec4d96da39cf75cbe50d58fae90079800a_ERC20_balanceOf,train,0,0,0,0,0,0,1
1,simple_suicide0x9f760bfd59fdec65b4d740fda02585bc52c032ca_StandardToken_allowance,train,1,0,0,0,0,0,0
1,buggy_280x927c993100ec88012afebf1bff292cf2d4c6317a_Pausable_addDistributionContract,train,1,0,0,0,0,0,0
1,0x5ef03102da24a7d953047ec2a7bf0816fb5a1ee0,train,0,0,0,0,0,0,0
1,token0x957b9dc190c4391a1e07352df34e1ec02077f1ec_SafeMath_max64,train,0,1,0,0,0,0,0
1,buggy_190xafa9ec5eddaa50db06e8ed2c680ac6c81a32e9b7_ERC20_totalSupply,train,1,0,0,0,0,0,0
1,buggy_430xcaa05e82bdcba9e25cd1a3bf1afb790c1758943d_SafeMath_div,train,0,0,1,0,0,0,0
1,buggy_280x69b405d404fdacab21909cffafee7f02c106e9dd_PinToken_allowance,train,0,0,1,0,0,0,0
1,0xdad59fd8b366a5536c014da9eb81d19ec9953920,train,0,0,0,0,0,0,0
1,0xe4eabdca81e31d9acbc4af76b30f532b6ed7f3bf,train,0,0,0,0,0,0,1
1,0x7f5a8e08a693ea75d6ee87de54886ec013f31e11,train,0,0,0,0,0,0,0
1,buggy_70xbf8d8f1242b95dfbae532af6b0f4463905415cc1_SafeMath_mul,train,0,0,1,0,0,0,0
1,buggy_380x00fc270c9cc13e878ab5363d00354bebf6f05c15_VNXLU_decimals,train,0,0,0,0,0,0,1
1,buggy_400x927c993100ec88012afebf1bff292cf2d4c6317a_Pausable_addDistributionContract,train,0,1,0,0,0,0,0
1,0x5d26239257e6433889f00bb46294c552b4d75ec9,train,0,0,0,0,0,0,0
1,access_control__buggy_25,train,1,0,0,0,0,0,0
1,buggy_260x94d72c6394b32886e6e2afec9865d492f2c23346_Klixio_,train,0,1,0,0,0,0,0
1,buggy_140x366cf49c6bc3986b20ecf4fd7c05f0c617332e8c_ERC721_balanceOf,train,0,1,0,0,0,0,0
1,buggy_320xe75ece96b0922803faa31cc9c043cc9481d83ebd_SafeMath_mul,train,1,0,0,0,0,0,0
1,0x2972d548497286d18e92b5fa1f8f9139e5653fd20x0da2c2f5bb8cef300e894f47532af79811f0e18a_DaEXCoin_approve,train,0,0,0,0,0,0,1
1,buggy_430x9272fd58aba57f4b73049d719abc9053cebfa679_SafeMath_mul,train,0,0,0,0,0,0,1
1,uncheck__buggy_45,train,0,0,0,0,0,0,1
1,wallet_03_wrong_constructor,train,1,0,0,0,0,0,0
1,0xc964e81349f3030c0f4bcf3c66d90bdc69d05122,train,0,0,0,0,0,0,0
1,buggy_270x29c188b27b6b2134385f1eda2d1d8eff5446e0cf_SafeMath_div,train,0,0,0,0,0,0,1
1,buggy_30x133db2e37d8676e425eca72d3ffc3b97855d31d3_SafeMath_div,train,0,1,0,0,0,0,0
1,buggy_240x366cf49c6bc3986b20ecf4fd7c05f0c617332e8c_SafeMath_mod,train,1,0,0,0,0,0,0
1,buggy_190xef1344bdf80bef3ff4428d8becec3eea4a2cf574_ERC20_allowance,train,0,1,0,0,0,0,0
1,time_manipulation__buggy_2,train,0,0,0,0,0,1,0
1,arithmetic__buggy_27,train,0,1,0,0,0,0,0
1,buggy_280xcb9eea7d381094875cf1876da9522ffb4bc59a7c_SafeMath_div,train,0,0,0,1,0,0,0
1,0x99ed1f3fab1b072764098d5ed88ca79836c3bdaa,train,0,0,0,0,0,0,0
1,front_running__buggy_20,train,0,0,0,1,0,0,0
1,reentrancy__buggy_11,train,0,0,0,0,1,0,0
1,buggy_110xd0000bea72c7eaa3d5086967a982503104113c24_Owned_acceptOwnership,train,0,1,0,0,0,0,0
1,0xe5a5f138005e19a3e6d0fe68b039397eeef2322b,train,0,0,0,0,0,0,0
1,0xa46edd6a9a93feec36576ee5048146870ea2c3ae0x4c39828c426ca8128ed4cbc733bf3a9934a87288_Thundercoin_approve,train,0,0,0,0,0,0,1
1,0x9b13026a4430acbfd3d80d9dea2cebc4e7d1d79a,train,0,0,0,0,0,0,0
1,buggy_30x30521e4ccc4d0494d624394fc275ead318051de8_SafeMath_div,train,0,0,0,0,1,0,0
1,buggy_260x57652fc91f522f9eff0b38cdf1d51f5fb5764215_SafeMath_div,train,0,0,0,0,1,0,0
1,buggy_280x5d64170c575be26c16008d49abe98ede2ec199af_SafeMath_safeDiv,train,0,0,1,0,0,0,0
1,uncheck__buggy_11,train,0,0,0,0,0,0,1
1,buggy_270x04ec339271ed913ee4104cb3d03574d72d7e5ac9_SafeMath_div,train,0,0,0,1,0,0,0
1,eth_tx_order_dependence_minimal0xb2501a43089d2d5d61917d4acc921f4a1689e32f_AbcdEfg_totalSupply,train,0,0,0,1,0,0,0
1,time_manipulation__buggy_25,train,0,0,0,0,0,1,0
1,buggy_140xe3e5ccc9c8ee95ddbeb08daa7c5001b88c0d632a_SafeMath_mul,train,0,0,0,0,1,0,0
1,0x68eb95dc9934e19b86687a10df8e364423240e94,train,0,0,0,0,0,0,0
1,0x03b7dcf4e018031c39f21a6e99632ccbf72c79a2,train,0,0,0,0,0,0,0
1,front_running__buggy_16,train,0,0,0,1,0,0,0
1,0xa254e0528874bb14b45be4b0e21d31a965a9a4b1,train,0,0,0,0,0,0,0
1,0x31c70e9a1bab16f47710e4b302c49998cfb36ef9,train,0,0,0,0,0,0,0
1,mishandled0xa5e5916a380fea1e633df88d7b5e1835a85b8262_BrewerscoinToken_allowance,train,0,0,0,0,0,0,1
1,0x63bcfa2aaf618662b76e58eae4ee410f933b47ac,train,0,0,0,0,0,0,0
1,lotto0xa41c700556d9167257f69ddf66260a3d604d94f5_CARBONTRAIL_RCAI_newRCAI,train,0,0,0,0,0,0,1
1,buggy_20x064240b9b3b069e4ead886d507b7431397b8a39b_SafeMath_mul,train,0,1,0,0,0,0,0
1,dos_simple,train,0,0,1,0,0,0,0
1,0xce0e76ba29f1a2baac3a62791d5cfa92f79910a0,train,0,0,0,0,0,0,0
1,reentrancy_insecure0x85954c0adde80c73b019a92c08e0d22f16ac4067_SafeMath_mod,train,0,0,0,0,1,0,0
1,0xb42211a1b3ae2ec02454850790c02b683abf9dda,train,0,0,0,0,0,0,0
1,overflow_simple_add,train,0,1,0,0,0,0,0
1,ether_lotto0x091f601d7b6c0c8073d075a1847bafc6872559a4_Clue_balanceOf,train,0,0,0,0,0,1,0
1,token0x70a9c7a1977792fa4eb7f89ecfc02d3d14dba054_DAppTest_changeBoolean,train,0,1,0,0,0,0,0
1,0x524960d55174d912768678d8c606b4d50b79d7b10x26fe2d1d3d288f2f2fe5bfff40be832e814137b6_SafeMath_div,train,0,0,0,0,0,0,1
1,tokensalechallenge0xf5d714d9cd577b7daf83f84aea37a1eb0787e7ad_BasicToken_totalSupply,train,0,1,0,0,0,0,0
1,access_control__buggy_14,train,1,0,0,0,0,0,0
1,reentrancy_insecure0x7941f0ff95884f45f965eac9bf1678ed34ef1665_SafeMath_sub,train,0,0,0,0,1,0,0
1,0x230c018122e0e101e57889c4a067787678bcf853,train,0,0,0,0,0,0,0
1,0x0cbe050f75bc8f8c2d6c0d249fea125fd6e1acc90x091f601d7b6c0c8073d075a1847bafc6872559a4_Clue_Clue,train,0,0,0,0,0,0,1
1,buggy_20x488706a24af724795b9a011fc7245d363afe0f2c_SafeMath_div,train,0,0,0,0,0,0,1
1,arithmetic__buggy_30,train,0,1,0,0,0,0,0
1,buggy_260xa5503c4227bf8c5fcbab84cece74009de5fc3e71_SafeMath_mul,train,0,0,0,0,0,0,1
1,buggy_380x767385821ba49a86c343ea9d674702a9177ab816_Owned_acceptOwnership,train,0,0,0,1,0,0,0
1,0x0cbe050f75bc8f8c2d6c0d249fea125fd6e1acc90x8c7f97965f6811e5f1e839ef23d38d2ecd86a445_CrabFarm_getBalance,train,0,0,0,0,0,0,1
1,time_manipulation__buggy_5,train,0,0,0,0,0,1,0
1,simple_dao0x92a863fd7e33336ed128acbaf0d52e2267f6f575_Ownable_owner,train,0,0,0,0,1,0,0
1,0x6316ee5821d02764842689d5437c83e93a81257b,train,0,0,0,0,0,0,0
1,0xf62c023880e7a90b760794590042f7b2452f3eda,train,0,0,0,0,0,0,0
1,buggy_400x535bfc6883442f2ebe26171c2716cb25b623792c_Owned_acceptOwnership,train,0,1,0,0,0,0,0
1,arithmetic__buggy_11,train,0,1,0,0,0,0,0
1,simple_suicide,train,1,0,0,0,0,0,0
1,time_manipulation__buggy_18,train,0,0,0,0,0,1,0
1,buggy_430xaffdbbbdd400bb780dea5307b39187d1e9edc1cc_Pausable_paused,train,0,0,1,0,0,0,0
1,buggy_400xd4f6f9ae14399fd5eb8dfc7725f0094a1a7f5d80_FixedSupplyToken_allowance,train,0,1,0,0,0,0,0
1,auction0x2c30840965f8fb2dc42bf4d6d530661d9f0e73c3_SafeMath_sub,train,0,0,1,0,0,0,0
1,buggy_190x00fc270c9cc13e878ab5363d00354bebf6f05c15_VNXLU_decimals,train,0,0,1,0,0,0,0
1,front_running__buggy_49,train,0,0,0,1,0,0,0
1,buggy_190x9587c214951d567e211192f9a7dbb2b9c7211848_multiSend_,train,0,1,0,0,0,0,0
1,simple_suicide0xb8ee28585a0b029923f396be0d7e82719e42360f_SafeMathLibExt_minus,train,1,0,0,0,0,0,0
1,dos__buggy_27,train,0,0,1,0,0,0,0
1,odds_and_evens0x6dd4e4aad29a40edd6a409b9c1625186c9855b4d_AbstractToken_AbstractToken,train,0,0,0,1,0,0,0
1,uncheck__buggy_3,train,0,0,0,0,0,0,1
1,0x23a91059fdc9579a9fbd0edc5f2ea0bfdb70deb4,train,0,0,0,0,1,0,0
1,buggy_440xd8b5bc0773ac589e11fc8c21abcc8441951fd4c7_AbstractToken_,train,0,0,0,0,1,0,0
1,0xb0f6905fa74ad35c0dc43ff60a2250488735dfc5,train,0,0,0,0,0,0,0
1,0xa63c7c107dd5a74fd81a711cbe4b20007bc73a6a,train,0,0,0,0,0,0,0
1,buggy_270xcb0ac19e629a237e2a865b9e2c8b2c534f129006_SafeMath_div,train,0,0,0,0,0,0,1
1,buggy_40x064240b9b3b069e4ead886d507b7431397b8a39b_SafeMath_mod,train,0,0,1,0,0,0,0
1,buggy_280xd21ba1c2c0e8fbd236553efa39137165b3a68e75_SafeMath_mod,train,0,0,0,0,1,0,0
1,0x189fdb81e99c9c1a442a7e4b9cf4a389ca7878b7,train,0,0,0,0,0,0,0
1,0x5b7939811749068f6c3d7e689e396c66aad9854a,train,0,0,0,0,0,0,0
1,reentrancy__buggy_34,train,0,0,0,0,1,0,0
1,uncheck__buggy_26,train,0,0,0,0,0,0,1
1,0xdb1c55f6926e7d847ddf8678905ad871a68199d2,train,0,0,0,0,0,0,1
1,0x68f8b2e7b1a5841724e614758a56ade0482f077e,train,0,0,0,0,0,0,0
1,etherstore,train,0,0,0,0,1,0,0
1,buggy_280x677294c0e019145f595914be0ea5e5dc27974cc6_Owned_acceptOwnership,train,0,0,0,1,0,0,0
1,buggy_30xaa44a4443d095a8064104ed680ef5070fa72399c_LTLNN_balanceOf,train,0,0,0,0,1,0,0
1,buggy_400x65450aab0617411e8ba14e96468bd847ceee739c_SafeMath_mul,train,0,0,0,0,0,0,1
1,buggy_190xc60db0775bcad8bfe243ac53d06b66061518e372_Ownable_owner,train,0,0,0,0,1,0,0
1,buggy_40xfe3cd0bc540f201afe9fca041b8e444dd053edc1_FucksToken_,train,0,0,1,0,0,0,0
1,buggy_270xf9c27de474cce832fad75107853b78838888ac11_SafeMath_mul,train,0,0,0,0,0,0,1
1,integer_overflow_mul0x05112a2d23b817c6471d4f7981b26f1cecec25d3_ETHERCFeeModifiers_ETHERCFeeModifiers,train,0,1,0,0,0,0,0
1,reentrancy__buggy_15,train,0,0,0,0,1,0,0
1,buggy_40xebdf9a7ae0009b958c6d09501eb9ac1dafeb31ab_SafeMath_div,train,0,0,1,0,0,0,0
1,buggy_400x06a6fc23e6ec8a2b2aeeefd70d772dc3d6b45010_Owned_acceptOwnership,train,1,0,0,0,0,0,0
1,0xe894d54dca59cb53fe9cbc5155093605c70682200x2e963aa99892c403039a93573a43607b547f5b88_SafeMath_div,train,0,0,0,0,0,0,1
1,integer_overflow_multitx_onefunc_feasible,train,0,1,0,0,0,0,0
1,0x0ef987c2be871851176e46b098083b8f0fef4c17,train,0,0,0,0,0,0,0
1,buggy_280xf8d142c7cd9b9d5abf6c449307de40adb8a17b38_SafeMath_mod,train,0,0,1,0,0,0,0
1,buggy_430x11da3b51a61a7ccab4186e4f89404c501280be3a_TokenERC20_burn,train,0,0,0,0,0,0,1
1,reentrancy__buggy_22,train,0,0,0,0,1,0,0
1,0x524960d55174d912768678d8c606b4d50b79d7b10xc8e6cd948e3f6c586c9af12ea23c504d0933e19a_BasicToken_totalSupply,train,0,0,0,0,0,0,1
1,0x7fecab617c868bb5996d99d95200d2fa708218e4,train,0,0,0,0,0,0,0
1,buggy_40xba50933c268f567bdc86e1ac131be072c6b0b71a_Ownable_owner,train,0,0,0,1,0,0,0
1,wallet_04_confused_sign0x51864bb857b8d4fef57d098e1364803fb66a023d_SafeMath_max256,train,1,0,0,0,0,0,0
1,0xd5967fed03e85d1cce44cab284695b41bc675b5c0xf2a173ce6c3556cb39734f805b6fba2159a0fe91_SafeMath_mul,train,0,0,0,0,0,0,1
1,buggy_240x01ff4933a07aa905be4a4242ba604b7fe65856d7_SafeMath_safeDiv,train,0,1,0,0,0,0,0
1,uncheck__buggy_1,train,0,0,0,0,0,0,1
1,buggy_400x4fa3ecf14b8c66215b5e9110d5a13da8f71c5e60_SafeMath_div,train,0,0,0,0,0,0,1
1,buggy_140x65565ae3ef290215c87e956065a451e4b40e1823_TokenTimelock_releaseTime,train,0,0,0,1,0,0,0
1,buggy_280xc3c14cf95a4f97e18c8c1f9ea8da7ad4e8f81331_SafeMath_mod,train,0,0,0,1,0,0,0
1,0x4051334adc52057aca763453820cb0e045076ef30x1dcc1f30f0724b2d53dccf432b658ca1ac26901a_SafeMath_div,train,0,0,0,0,0,0,1
1,0xdf6d916f89936d67543998e03db40d79870be41e,train,0,0,0,0,0,0,0
1,0xeda5d9c59fd296aba054706d731d07947efed171,train,0,0,0,0,0,0,0
1,wallet_04_confused_sign0x57112a3fd8b8e0bf025f27972018a425996fa12a_SafeMath_sub,train,1,0,0,0,0,0,0
1,buggy_400x20d11cb319552871969526f4c58b99c34df9e6ed_BasicToken_balanceOf,train,0,0,1,0,0,0,0
1,mishandled0x83b0c6d945e661e5015f962d73fdd7c22e516ee0_DVCToken_DVCToken,train,0,0,0,0,0,0,1
1,0x543a5514c5cd08dd08228f54fbc79ba9b5a47187,train,0,0,0,0,0,0,0
1,buggy_380x2192effd72861e7c275a64e77e26b0fab2b33a7a_SafeMath_mod,train,0,0,0,1,0,0,0
1,dos__buggy_50,train,0,0,1,0,0,0,0
1,time_manipulation__buggy_40,train,0,0,0,0,0,1,0
1,token0x5a33296b788f96337df7163ae79b551a935da73c_SafeERC20_safeTransferFrom,train,0,1,0,0,0,0,0
1,buggy_440x41c0332c833398b24095057446a20459d7b4b66d_ERC20_totalSupply,train,0,0,0,0,1,0,0
1,buggy_140x32470ff2a384becbd33c2b70f3cd4ba6192cb368_Ownable_owner,train,0,0,0,0,1,0,0
1,0x2972d548497286d18e92b5fa1f8f9139e5653fd20xb7a263d56605648ad054d4dc1aea24f244d7ba96_SafeMath_safeMul,train,0,0,0,0,0,0,1
1,time_manipulation__buggy_35,train,0,0,0,0,0,1,0
1,buggy_380x831b1cf1387c388ed8eae955e895d90b2adb2244_SafeMath_mul,train,0,0,1,0,0,0,0
1,buggy_380x309a758f5f33bd4418876b32d38c8d15c59c7799_SafeMath_mul,train,0,1,0,0,0,0,0
1,buggy_120xa0008f510fe9ee696e7e320c9e5cbf61e27791ee_SafeMath_div,train,0,0,0,0,0,0,1
1,0x3a903a05b98bd41ea7b18b40049223d3c768c527,train,0,0,0,0,0,0,0
1,0x5a0d7bf44907b48a6af0e6f3e9519811aeaaa925,train,0,0,0,0,0,0,0
1,integer_overflow_mapping_sym_10xdc0168718b22395bcf6bb8888867f3ff03ff5b98_SafeMath_safeMul,train,0,1,0,0,0,0,0
1,buggy_40x06652f356e52681c07d1338bd13b2d80820a9286_Pausable_paused,train,0,1,0,0,0,0,0
1,integer_overflow_benign_10xb7a263d56605648ad054d4dc1aea24f244d7ba96_Ownable_owner,train,0,1,0,0,0,0,0
1,buggy_110xcb9eea7d381094875cf1876da9522ffb4bc59a7c_SafeMath_mod,train,0,0,0,1,0,0,0
1,access_control__buggy_18,train,1,0,0,0,0,0,0
1,buggy_380x767385821ba49a86c343ea9d674702a9177ab816_FixedSupplyToken_balanceOf,train,0,0,0,0,0,1,0
1,buggy_30xbf8d8f1242b95dfbae532af6b0f4463905415cc1_ERC20_balanceOf,train,0,0,0,1,0,0,0
1,0xd5967fed03e85d1cce44cab284695b41bc675b5c0xd90dd9aeff7a347112dd07a892a52dd2d5627877_SafeMath_mod,train,0,0,0,0,0,0,1
1,0x066128b9f7557b5398db3d4ed141f2e64245ffa1,train,0,0,0,0,0,0,0
1,etherbank0x6669c10955f8f3a64025ae9793b9a92e777d628d_Ownable_Ownable,train,0,0,0,0,1,0,0
1,0x0cbe050f75bc8f8c2d6c0d249fea125fd6e1acc90x6f6f03c58beddb31a62a2f7830afad97414277d1_ERC20Detailed_decimals,train,0,0,0,0,0,0,1
1,lotto0xef11dcd9f162207d4e751d9afbdea3cb78e6efc1_Ownable_Ownable,train,0,0,0,0,0,0,1
1,rubixi,train,1,0,0,0,0,0,0
1,uncheck__buggy_39,train,0,0,0,0,0,0,1
1,buggy_40x1863d1351fc3003f1ad361939248e3a3a114958e_SafeMath_mod,train,0,0,0,1,0,0,0
1,buggy_190x97472ce862fc811ecbed9f3123e1dbf55fe40c9b_StandardToken_approve,train,0,0,0,1,0,0,0
1,0xbaa3de6504690efb064420d89e871c27065cdd520x5e2cdfaaa35273bb4c1ca9c3c8f335af1b1bf4b7_ERC20_totalSupply,train,0,0,0,0,0,0,1
1,0x2972d548497286d18e92b5fa1f8f9139e5653fd20x1f32ef0dc9fecdd72f18bb834fa0d16be5768b41_Ownable_Ownable,train,0,0,0,0,0,0,1
1,integer_overflow_minimal0x6b05fb952c2c986c2e005d29e33dbc48d07b7577_Ownable_owner,train,0,1,0,0,0,0,0
1,0xa46edd6a9a93feec36576ee5048146870ea2c3ae0xa1b85dbba00f8d99ad1da05010fcc9e92c4aec60_SafeMath_min256,train,0,0,0,0,0,0,1
1,uncheck__buggy_31,train,0,0,0,0,0,0,1
1,0x0cbe050f75bc8f8c2d6c0d249fea125fd6e1acc90x28323c7ac931c12425973800fc26854e486da9b0_PriceCalculator_PriceCalculator,train,0,0,0,0,0,0,1
1,auction0x676abde481967851b0c28e81bde8561e756d75e8_Ownable_Ownable,train,0,0,1,0,0,0,0
1,buggy_110xb70e23a235eb97a5397261be9a85de73eba212c1_SafeMath_div,train,0,0,1,0,0,0,0
1,0x70f9eddb3931491aab1aeafbc1e7f1ca2a012db4,train,0,0,0,0,0,0,1
1,0x7d5a7a974ea07bfedddc2a15297189089be071b6,train,0,0,0,0,0,0,0
1,buggy_270xe25789d1b6f8eed8e421ba6aa9a8c2416efcc229_Ownable_owner,train,0,1,0,0,0,0,0
1,buggy_110xc350e846e2c57f9eece90febc253d14c8080871b_ERC20_balanceOf,train,0,0,0,0,1,0,0
1,buggy_240x252e0920894274a44f3076176450fce10264b9fb_Pausable_paused,train,1,0,0,0,0,0,0
1,buggy_260x1145b0c70dbba351c52a8d25db9c3dbe1aec08b5_SafeMath_mul,train,0,0,0,0,0,0,1
1,access_control__buggy_29,train,1,0,0,0,0,0,0
1,buggy_270x2c72ee35637cb6df00f8c07595b564a05f667006_SafeMath_div,train,0,1,0,0,0,0,0
1,0x2c8826775fb4d5c883fba7c2ffa0ef0854dd9529,train,0,0,0,0,0,0,0
1,buggy_240x46cc7ec70746f4cbd56ce5fa9bb7d648398eaa5c_SafeMath_mul,train,1,0,0,0,0,0,0
1,buggy_380x395d3d67f3ef6c626da4a06a7bffecfc4f089b78_SerenityTeamAllocator_unlock,train,0,0,0,0,0,1,0
1,buggy_110x0f02e27745e3b6e9e1310d19469e2b5d7b5ec99a_ERC20_allowance,train,1,0,0,0,0,0,0
1,lottopollo0xd2425561799564001f13bc7586936a702675dc70_TCT_balanceOf,train,0,0,0,0,0,1,0
1,0x6e09b7d6c08bbc5327892013c07b44169e8a9a7c,train,0,0,0,0,0,0,0
1,buggy_40xc6003a33f7464d6e6c1dc17344a75a9952187541_Lockable_lockedPeriod,train,0,0,0,1,0,0,0
1,0x6a6b391ba6c00418d0ece1177c357c2bd4e894f6,train,0,0,0,0,0,0,0
1,simple_suicide0x07536201e0c4c7751c9cfed79f1bf5dba4772c9e_Sign_destroy,train,1,0,0,0,0,0,0
1,0x5dd0815a4cf119ad91ba045bbbf879f3f7de3c68,train,0,0,0,0,0,0,0
1,buggy_280xf8d1254fc324d2e75a5a37f5bd4ca34a20ef460d_BasicToken_balanceOf,train,0,1,0,0,0,0,0
1,buggy_110xc96df921009b790dffca412375251ed1a2b75c60_ERC20_balanceOf,train,0,0,0,0,1,0,0
1,arithmetic__buggy_14,train,0,1,0,0,0,0,0
1,buggy_240x521d47adbf9fa743c593219685cf19952d6a0601_ERC20_balanceOf,train,1,0,0,0,0,0,0
1,etherbank0x76d376f1da5335b83d0d16870053b6533d1b18c8_SafeMath_safeDiv,train,0,0,0,0,1,0,0
1,access_control__buggy_24,train,1,0,0,0,0,0,0
1,buggy_140x8da10d1d4e03cd2459ebafb91439a9eba1cef42e_SafeMath_safeDiv,train,0,0,0,0,0,1,0
1,buggy_280xc71ac06a50fa9a33e4308b44df45928d64a76a6d_SafeMath_mod,train,0,1,0,0,0,0,0
1,buggy_430xe444e45b50a5aa8e295b4dd3b4c6436ea59e2818_ERC20_allowance,train,0,1,0,0,0,0,0
1,arithmetic__buggy_48,train,0,1,0,0,0,0,0
1,buggy_120x4a57e687b9126435a9b19e4a802113e266adebde_Ownable_Ownable,train,0,0,0,0,0,1,0
1,0x98b89a9947a668c1baa48382de7f4a952ef37b53,train,0,0,0,0,0,0,0
1,buggy_430x13339fd07934cd674269726edf3b5ccee9dd93de_ERC20_balanceOf,train,0,0,0,1,0,0,0
1,buggy_260x18ae6bc100ac9ef701c14562e1b812393a86a8e8_InGRedientToken_,train,0,1,0,0,0,0,0
1,0x4b6ddb08e3ca085dd52266e7fd8ec91010f6f8b5,train,0,0,0,0,0,0,0
1,0x4a66ad0bca2d700f11e1f2fc2c106f7d3264504c0xcd5070939c1310249c034bd8eae42c0f0dfe327f_SvelteyCoin_allowance,train,0,0,0,0,0,0,1
1,buggy_380x9272fd58aba57f4b73049d719abc9053cebfa679_SafeMath_div,train,0,0,1,0,0,0,0
1,buggy_240xd7ba91b3ede1698a7d1f991d7d5bd9c0c8995a58_Zero_notZero,train,0,0,0,0,0,0,1
1,buggy_380x404acb05b709eb5a81d08183b24080c7446875ee_SafeMath_safeDiv,train,1,0,0,0,0,0,0
1,buggy_40xe0cf47de7cefffd753a3fb95170dc5a4c018e3f5_SafeMath_safeDiv,train,0,1,0,0,0,0,0
1,buggy_260x57ffa14de96e7a761750fdf41c9496214a6dca2a_SafeMath_mul,train,1,0,0,0,0,0,0
1,front_running__buggy_3,train,0,0,0,1,0,0,0
1,0x0cbe050f75bc8f8c2d6c0d249fea125fd6e1acc90x6dc05497f0b087c7692816e6acaa8bdda73907fc_ERC20_totalSupply,train,0,0,0,0,0,0,1
1,0x1ce00ddca2854ff2ddc7962575c49d2ba9c1243a,train,0,0,0,0,0,0,0
1,front_running__buggy_23,train,0,0,0,1,0,0,0
1,uncheck__buggy_35,train,0,0,0,0,0,0,1
1,arithmetic__buggy_3,train,0,1,0,0,0,0,0
1,0x7d1afa7b718fb893db30a3abc0cfc608aacfebb0,train,0,0,0,0,0,0,0
1,buggy_240xf36c6876ba6ec35bb0c004fc3a2879cb9586a173_SafeMath_mul,train,0,1,0,0,0,0,0
1,buggy_440x4973eda29d48cf5e46065ce5d77c9b9f148a44cf_SafeMath_mul,train,0,0,0,1,0,0,0
1,buggy_140x17070be71f8082767509aa4552e0ded11bd667ec_SafeMath_div,train,0,1,0,0,0,0,0
1,buggy_230x13cb835c47782dad075ce7faa1f8439b548b712d_LENS_allowance,train,0,0,1,0,0,0,0
1,reentrancy_dao0x7d6d887c4078e6634102329f41725d21c0756aae_ZoologicalGarden_allowance,train,0,0,0,0,1,0,0
1,buggy_40x2a3a07d241eda9d573a6b666e9fc359666cf7b39_SafeMath_mod,train,0,0,1,0,0,0,0
1,0x7fbd92f49f6f9b4f9b3b4d18761b0deb7253a8bf,train,0,0,0,0,0,0,0
1,0xebed6da3e9355f1aa402f976c054db7bc16be7e0,train,0,0,0,0,0,0,0
1,buggy_110xa08d1762538439848b71a39cfef7f0454f1176ed_SafeMath_mul,train,0,0,0,0,0,0,1
1,reentrancy__buggy_29,train,0,0,0,0,1,0,0
1,odds_and_evens0x7332077db22f7c1df320e757a77e8871377976da_MiningRigFarmer_MiningRigFarmer,train,0,0,0,1,0,0,0
1,0xa04ebf9bf9994ec776b6e8621b8ac75e32767dcd,train,0,0,0,0,0,0,0
1,0xf1f64f6b8e17dd68c1db10b0eed3d2541a6c09ab,train,0,0,0,0,0,0,0
1,reentrance0x9e86da479dfdbc618d0a46759555154bdb06d06d_SafeMath_safeMul,train,0,0,0,0,1,0,0
1,buggy_110x8a5b23b095e7ed34c2a7acbb2fa9e686298614f8_SafeMath_safeDiv,train,0,1,0,0,0,0,0
1,access_control__buggy_30,train,1,0,0,0,0,0,0
1,0x2a24e8e824d4e92f397008c99dc9469e0c4c40cf,train,0,0,0,0,0,0,0
1,0x9ecc1e438655e1dd724283f9bd3ded379cb6ca37,train,0,0,0,0,0,0,0
1,reentrancy_simple0x1beb353fa1e215457ff16fceec07f7eab9f06565_EscrowWallet_Decline,train,0,0,0,0,1,0,0
1,reentrancy__buggy_48,train,0,0,0,0,1,0,0
1,reentrancy__buggy_39,train,0,0,0,0,1,0,0
1,time_manipulation__buggy_16,train,0,0,0,0,0,1,0
1,front_running__buggy_38,train,0,0,0,1,0,0,0
1,0x341ffd5852614e6a9189dc2931cb7ec3f10605b0,train,0,0,0,0,0,0,0
1,0x87ab739464881af0011052d4ca0b0d657e8c3b48,train,0,0,0,0,0,0,0
1,buggy_190xc760721eb65aa6b0a634df6a008887c48813ff63_SafeMath_mul,train,0,0,0,0,1,0,0
1,buggy_430x3a2b6134526b4fd9b3c33adc8d4d2927a6f5bb63_Pausable_paused,train,0,1,0,0,0,0,0
1,front_running__buggy_45,train,0,0,0,1,0,0,0
1,integer_overflow_mapping_sym_10x081528cdadfca02b74dae6547d04d391c9a698fb_test_transfer,train,0,1,0,0,0,0,0
1,buggy_230x5ac203c782fe5b74ece9cb4ed13b0597bb5c872e_SafeMath_mod,train,0,1,0,0,0,0,0
1,buggy_30x2f7e7e8029e1c4d4280122fe74f7453bee0ddee1_ICashToken_allowance,train,1,0,0,0,0,0,0
1,buggy_150xd5ca9646cf0fc525c1631320e8d78968774f7aeb_AbstractToken_balanceOf,train,0,0,0,0,0,0,1
1,0x5ecc6c247b385d097d5d81c8bb7e879889905589,train,0,0,0,0,0,0,0
1,buggy_10x9212d24bcfb04ea8d416010f2c91d7c0f1f9eb77_Ownable_owner,train,0,0,0,0,0,0,1
1,mishandled0x34d264fadcae674c4aaea6d795b4d1448feb038b_StandardToken_allowance,train,0,0,0,0,0,0,1
1,lotto0xd0d5dab67e8470b785b9c19b11d831a3b07d3709_Ownable_owner,train,0,0,0,0,0,0,1
1,0x9e17d13b638fc9f0ca941d4fe1c3e4da827cece1,train,0,0,0,0,0,0,0
1,buggy_280x4fa3ecf14b8c66215b5e9110d5a13da8f71c5e60_SafeMath_div,train,0,0,0,0,0,1,0
1,0xaffdbbbdd400bb780dea5307b39187d1e9edc1cc,train,0,0,0,0,0,0,0
1,0xd648801ac646e5b6c1c8f403218b80e0d275274d,train,0,0,0,0,0,0,0
1,buggy_320x48271aa08d6309895447c067e728e8b140ddf2b4_ERC20_allowance,train,0,0,0,0,0,0,1
1,0x52d2e0f9b01101a59b38a3d05c80b7618aeed9840x7fecab617c868bb5996d99d95200d2fa708218e4_SafeMath_sub,train,0,0,0,0,0,0,1
1,buggy_380xd648801ac646e5b6c1c8f403218b80e0d275274d_BasicToken_balanceOf,train,0,0,0,0,0,1,0
1,0x2972d548497286d18e92b5fa1f8f9139e5653fd20xe53c484ed5d4dcda17b289132e036d53180e8fa5_SafeMath_div,train,0,0,0,0,0,0,1
1,buggy_260x616a74e4895bfe762da00b95877f25bef0d0d3c8_SafeMath_mul,train,1,0,0,0,0,0,0
1,integer_overflow_multitx_onefunc_feasible0x7421c18f8ea6245cf1242c335daf2659927014fa_PingContract_pingBlock,train,0,1,0,0,0,0,0
1,0xbb97e381f1d1e94ffa2a5844f6875e6146981009,train,0,0,0,0,0,0,0
1,buggy_440xf000ca9fbb684bfa2f5f8b36fdf222970fc93763_StandardToken_approve,train,0,0,0,0,1,0,0
1,buggy_110x46cc7ec70746f4cbd56ce5fa9bb7d648398eaa5c_REALT_totalSupply,train,0,0,0,1,0,0,0
1,buggy_20xd823721f953c2b8b745db8f1d4c652433e528037_Bussiness_,val,0,0,1,0,0,0,0
1,reentrancy_cross_function,val,0,0,0,0,1,0,0
1,buggy_280x469202bb405f940cd908ddbc28155a70703a4840_SafeMath_div,val,0,0,0,0,0,1,0
1,buggy_280x1a9ecb05376bf8bb32f7f038a845dbafb22041cd_Mono_allowance,val,0,0,0,0,0,0,1
1,buggy_30x5edf5432c6dc5b42c9ec01fa9443c3ac89ca9686_SafeMath_div,val,0,0,0,0,1,0,0
1,reentrancy__buggy_26,val,0,0,0,0,1,0,0
1,odds_and_evens0xd69b45172657b88f414cf5eb8941b52ac4ae55db_ERC20_balanceOf,val,0,0,0,1,0,0,0
1,buggy_270x8fc918368f312ba045495fe67e133a43c67b4bab_BasicToken_totalSupply,val,1,0,0,0,0,0,0
1,buggy_150xdf22da9a8c1d80095175ae601d182a734923f01a_AbstractToken_,val,0,1,0,0,0,0,0
1,integer_overflow_mapping_sym_10xbf5ec0ad2f5ea26530c70dd534d6c82a91e56da6_SafeERC20_safeTransferFrom,val,0,1,0,0,0,0,0
1,reentrancy_dao0x866396fb9860e2e4ab6e795eba75052e2a6bceeb_SafeMath_div,val,0,0,0,0,1,0,0
1,0xf29ebe930a539a60279ace72c707cba851a57707,val,0,0,0,0,0,0,1
1,0xf6c9ba140b47d336b0c16c87642a83cacd44857e,val,0,0,0,0,0,0,0
1,0xb7d9372dbcedffd7b58a15516e0b156204b764a8,val,0,0,0,0,0,0,0
1,0x610495793564aed0f9c7fc48dc4c7c9151d34fd60x7f9ccc73e75ad4e1b5d931dbe77c11328860ef47_Pausable_paused,val,0,0,0,0,0,0,1
1,0x2a77bf0239c625a0319e21607d6e9093a38b6eed,val,0,0,0,0,0,0,0
1,0x4b71ad9c1a84b9b643aa54fdd66e2dec96e8b1520xcf1f116947ba657dcc9fbab294d2d8cd4b12c362_database_get_presale_iconiq_arbits_per_ether,val,0,0,0,0,0,0,1
1,buggy_110x469202bb405f940cd908ddbc28155a70703a4840_ERC20_balanceOf,val,0,0,0,1,0,0,0
1,front_running__buggy_26,val,0,0,0,1,0,0,0
1,buggy_440xb70e23a235eb97a5397261be9a85de73eba212c1_ERC20_totalSupply,val,1,0,0,0,0,0,0
1,front_running__buggy_30,val,0,0,0,1,0,0,0
1,simple_suicide0xa987a1fb978abb7c17201a84efbe828d5c66264d_Ownable_Ownable,val,1,0,0,0,0,0,0
1,insecure_transfer0xacac2019b9c3b100ed78a61208dcb64db4a60e44_Ownable_owner,val,0,1,0,0,0,0,0
1,buggy_30xfe60cef62294f4efb43ab65b47558113cbe19fbc_ERC20Detailed_decimals,val,0,0,0,0,0,1,0
1,0x77a4a5b3007efa19b5d049b914a1271367e27fe4,val,0,0,0,0,0,0,0
1,uncheck__buggy_40,val,0,0,0,0,0,0,1
1,arithmetic__buggy_43,val,0,1,0,0,0,0,0
1,buggy_400xf8d142c7cd9b9d5abf6c449307de40adb8a17b38_SafeMath_mul,val,0,1,0,0,0,0,0
1,buggy_280x2c72ee35637cb6df00f8c07595b564a05f667006_SafeMath_mod,val,0,0,1,0,0,0,0
1,0xbb2ac7e354c2b95ffa58ede51832a443129bb51f,val,0,0,0,0,0,0,0
1,buggy_270x2ef54146f130d428df4ff57775439ca5bae36bac_SafeMath_mul,val,1,0,0,0,0,0,0
1,arithmetic__buggy_18,val,0,1,0,0,0,0,0
1,0xe82f0742a71a02b9e9ffc142fdcb6eb1ed06fb87,val,0,0,0,0,0,0,1
1,0x11b57f39f5a42eff60144b333a4d7d58e40297a4,val,0,0,0,0,0,0,0
1,buggy_200x5d64170c575be26c16008d49abe98ede2ec199af_SafeMath_safeDiv,val,0,0,0,0,0,1,0
1,buggy_380xc6003a33f7464d6e6c1dc17344a75a9952187541_Lockable_lockedBalance,val,1,0,0,0,0,0,0
1,buggy_270x1863d1351fc3003f1ad361939248e3a3a114958e_SafeMath_mod,val,0,0,0,0,1,0,0
1,0x109e726df6f2fe1aaf0ca306e1582d305614075b,val,0,0,0,0,0,0,0
1,dos__buggy_29,val,0,0,1,0,0,0,0
1,dos__buggy_4,val,0,0,1,0,0,0,0
1,buggy_230x616a74e4895bfe762da00b95877f25bef0d0d3c8_BasicToken_balanceOf,val,0,0,0,1,0,0,0
1,uncheck__buggy_48,val,0,0,0,0,0,0,1
1,0x81171df8191b837eb73bdbefc573b2a3047b61ff,val,0,0,0,0,0,0,0
1,dos__buggy_11,val,0,0,1,0,0,0,0
1,access_control__buggy_47,val,1,0,0,0,0,0,0
1,uncheck__buggy_47,val,0,0,0,0,0,0,1
1,arithmetic__buggy_26,val,0,1,0,0,0,0,0
1,0x7c62787ffc3f49e7897dab3d0efc11606ae41f08,val,0,0,0,0,0,0,0
1,buggy_280x6b9d46a223ffa343f8b14d855a8314b0eff7fcb7_FormSI060719_balanceOf,val,0,0,0,1,0,0,0
1,arithmetic__buggy_17,val,0,1,0,0,0,0,0
1,buggy_30xe0cf47de7cefffd753a3fb95170dc5a4c018e3f5_AbstractToken_,val,0,0,0,1,0,0,0
1,0x2972d548497286d18e92b5fa1f8f9139e5653fd20x5985e21f48b47ec33e19a40549f60d3ef7a797f8_ProofOfExistence_publishTopTimeBeat,val,0,0,0,0,0,0,1
1,dos_address0x1beb353fa1e215457ff16fceec07f7eab9f06565_EscrowWallet_Approve,val,0,0,1,0,0,0,0
1,0xfa569aa11509e62e9b5ad5125e5f2bb2f4a7dd07,val,0,0,0,0,0,0,0
1,buggy_430x697fc9371a33a98078543b777ca7d5c8009d6d0b_Math_min64,val,0,0,1,0,0,0,0
1,roulette,val,0,0,0,0,0,1,0
1,arithmetic__buggy_9,val,0,1,0,0,0,0,0
1,0x2972d548497286d18e92b5fa1f8f9139e5653fd20x73fadd839ccc9097bbcc87e1f9af56157bc47dde_SafeMath_div,val,0,0,0,0,0,0,1
1,integer_overflow_minimal,val,0,1,0,0,0,0,0
1,0x0be4a987fd8dcbd2fff64ba4131d3a208307f667,val,0,0,0,0,0,0,0
1,0xb620cee6b52f96f3c6b253e6eea556aa2d214a99,val,0,0,0,0,0,0,1
1,buggy_140x11afe7fa792589dd1236257f99ba09f510460ad9_SafeMath_mul,val,0,0,0,1,0,0,0
1,integer_overflow_mul0x489bd62059e03966af9bb17b1d06cf799dabf820_SafeMath_safeMul,val,0,1,0,0,0,0,0
1,tokensalechallenge,val,0,1,0,0,0,0,0
1,0xe8b1b40f2d307bce891833f46eef1f69560e6926,val,0,0,0,0,0,0,0
1,buggy_230x9d7bb267cca4c33caaa8dfe3ad05bf6b61eef538_SafeMath_mul,val,0,1,0,0,0,0,0
1,buggy_240x746dda2ea243400d5a63e0700f190ab79f06489e_SafeMath_div,val,1,0,0,0,0,0,0
1,0x59d8c5a3e2d25a550e294d82dfb2a3128d324bbc,val,0,0,0,0,0,0,0
1,reentrancy__buggy_43,val,0,0,0,0,1,0,0
1,buggy_240x420167d87d35c3a249b32ef6225872fbd9ab85d2_SafeMath_mod,val,0,1,0,0,0,0,0
1,0x36a84dd5c8a606f44dc504aa3859b097083d631d,val,0,0,0,0,0,0,0
1,arithmetic__buggy_4,val,0,1,0,0,0,0,0
1,0xb0510d68f210b7db66e8c7c814f22680f2b8d1d6,val,0,0,0,0,0,0,1
1,buggy_230xb4450f8048dd4eaa6e24b6fdb4f8328b22b61bef_SafeMath_mul,val,1,0,0,0,0,0,0
1,0x4a57e687b9126435a9b19e4a802113e266adebde,val,0,0,0,0,0,0,0
1,wallet_02_refund_nosub,val,1,0,0,0,0,0,0
1,buggy_260x685bd934b371f2ee4894225064d937a57fb03974_SafeMath_mul,val,0,0,0,0,1,0,0
1,lottopollo0xd7408546678406f239410acc4f5ac5ca1b633ce5_DragonFarmer_getMyIceDragon,val,0,0,0,0,0,1,0
1,buggy_380x65565ae3ef290215c87e956065a451e4b40e1823_TokenTimelock_beneficiary,val,0,1,0,0,0,0,0
1,uncheck__buggy_34,val,0,0,0,0,0,0,1
1,etherbank0xa77cf14e0bda66f94873498ed15e1eaf183d2fd0_EtherCartel_getFreeShrimp,val,0,0,0,0,1,0,0
1,buggy_10x6b05fb952c2c986c2e005d29e33dbc48d07b7577_SafeMath_safeDiv,val,0,0,0,0,0,0,1
1,buggy_40xebcd0ea69b0f2b9bb23021348e9e31517340073f_SafeMath_div,val,0,0,0,0,1,0,0
1,ether_lotto0x03b267325193fd0c15ca0d2a693e54213c2afcb6_ERC20Token_balanceOf,val,0,0,0,0,0,1,0
1,auction0xbfe760f6a6746a3bf51df942660c56cd9a94fa08_SafeMath_div,val,0,0,1,0,0,0,0
1,insecure_transfer,val,0,1,0,0,0,0,0
1,buggy_400xde960de55c59c3fd139c792564329523531f1e18_SafeMath_div,val,0,0,1,0,0,0,0
1,dos__buggy_45,val,0,0,1,0,0,0,0
1,uncheck__buggy_43,val,0,0,0,0,0,0,1
1,0xeec8516af05bc9b34c1c8d0e25989bddab2e7bd9,val,0,0,0,0,0,0,0
1,0x2972d548497286d18e92b5fa1f8f9139e5653fd2,val,0,0,0,0,0,0,1
1,0xd5967fed03e85d1cce44cab284695b41bc675b5c0xf0f9f4d63b7dd586e6b07806b0f39cc9cd7e9490_BasicToken_balanceOf,val,0,0,0,0,0,0,1
1,buggy_380x794d1d86685d45f9297c2fe80f295aa7f8285bb4_SafeMath_div,val,0,0,0,0,0,1,0
1,0x1105536cc57be95a126e05c80262252b8c9998db,val,0,0,0,0,0,0,0
1,buggy_110x000c100050e98c91f9114fa5dd75ce6869bf4f53_ERC20Detailed_decimals,val,1,0,0,0,0,0,0
1,0x14c5d62466aa3f925f4b007ef2614435795160dd,val,0,0,0,0,0,0,0
1,buggy_40x06a6fc23e6ec8a2b2aeeefd70d772dc3d6b45010_SafeMath_div,val,1,0,0,0,0,0,0
1,arithmetic__buggy_32,val,0,1,0,0,0,0,0
1,dos_number,val,0,0,1,0,0,0,0
1,buggy_140x198482924b5ed2c8dd5a0c824fcd618c6b49e6e8_Owned_acceptOwnership,val,0,0,0,0,1,0,0
1,0x89c1b3807d4c67df034fffb62f3509561218d30b,val,0,0,0,0,0,0,1
1,buggy_140x7b3bd25abdf9ad61db39f645738c7b0f38e51d9f_SafeMath_div,val,0,1,0,0,0,0,0
1,access_control__buggy_31,val,1,0,0,0,0,0,0
1,buggy_400x6b9d46a223ffa343f8b14d855a8314b0eff7fcb7_SafeMath_mul,val,0,0,0,1,0,0,0
1,buggy_280x5ecb025e51415dba9fd272c551076357cf4069f5_Owned_acceptOwnership,val,0,0,0,0,0,1,0
1,buggy_380x17070be71f8082767509aa4552e0ded11bd667ec_SafeMath_mul,val,0,0,0,0,0,1,0
1,buggy_240x9e92ead7ea826c174cd6a05d172375db60df188d_RadToken_allowance,val,0,1,0,0,0,0,0
1,0x189b0fb25ff4f478efec9ef952ecaa086289a770,val,0,0,0,0,0,0,0
1,0x9d06cbafa865037a01d322d3f4222fa3e04e5488,val,0,0,0,0,0,0,1
1,buggy_440x39f5be9f4b18830c9bb17cfdb045a4724c3d3b28_MCCIT_totalSupply,val,0,0,0,0,1,0,0
1,dos__buggy_20,val,0,0,1,0,0,0,0
1,buggy_260x8fc918368f312ba045495fe67e133a43c67b4bab_BasicToken_balanceOf,val,0,0,0,0,0,0,1
1,buggy_430x0f02e27745e3b6e9e1310d19469e2b5d7b5ec99a_ERC20_allowance,val,0,0,0,1,0,0,0
1,buggy_230x404acb05b709eb5a81d08183b24080c7446875ee_SafeMath_safeDiv,val,0,1,0,0,0,0,0
1,buggy_190x64c7da318530f02f36225107786ab6963bf6add8_CloudToken_burnFrom,val,0,0,1,0,0,0,0
1,0xf36c6876ba6ec35bb0c004fc3a2879cb9586a173,val,0,0,0,0,0,0,0
1,uncheck__buggy_230xcda50305e75b01894dad90be684eb2d6f1c5b0e7_SafeMath_mul,val,0,0,0,0,0,0,1
1,reentrancy_dao0x76d376f1da5335b83d0d16870053b6533d1b18c8_Ownable_owner,val,0,0,0,0,1,0,0
1,0xec329ffc97d75fe03428ae155fc7793431487f63,val,0,0,0,0,0,0,1
1,0xf29ebe930a539a60279ace72c707cba851a577070x388e1a3249a93932ee9c84b8fecde2a0492228f9_ERC20_balanceOf,val,0,0,0,0,0,0,1
1,0x524960d55174d912768678d8c606b4d50b79d7b10x67793426747f8c79332520c1291c4fc6443c8407_CELLCrowdsale_setStartDate,val,0,0,0,0,0,0,1
1,buggy_20xce5114d7fa8361f0c088ee26fa3a5446c4a1f50b_Ownable_owner,val,0,1,0,0,0,0,0
1,buggy_280x66ffaace6abfc6916b105eb79774bcd5402fcbb2_SafeMath_safeDiv,val,0,0,0,0,1,0,0
1,access_control__buggy_26,val,1,0,0,0,0,0,0
1,0x8cdd0cd56ae24422382c4a6ffef382732f43fe4c,val,0,0,0,0,0,0,0
1,buggy_170x00fc270c9cc13e878ab5363d00354bebf6f05c15_VNXLU_decimals,val,0,0,0,0,0,1,0
1,buggy_11buggy_140x309a758f5f33bd4418876b32d38c8d15c59c7799_Controller_Owner_SafeMath_mod,val,0,1,0,0,0,0,0
1,buggy_190xff02b17386f94da201cff84a6a7482ec2c452ef3_ERC20_balanceOf,val,0,0,0,0,0,0,1
1,0x0da9326d7da81f8b19a8ec2d3255ab7076768c2d,val,0,0,0,0,0,0,0
1,buggy_40xf7be3fefee60736b7602bb75d5d0c6bdc1a88222_DanpiaTestTokens_allowance,val,0,0,0,0,0,0,1
1,0x104edd531d98e93def5d050ecbf10914a6fe1f89,val,0,0,0,0,0,0,0
1,0x5f5b176553e51171826d1a62e540bc30422c7717,val,0,0,0,0,0,0,0
1,0x524960d55174d912768678d8c606b4d50b79d7b10x908c72de29d1e1c384616468428cdb64877232a3_StandardToken_balanceOf,val,0,0,0,0,0,0,1
1,0x252e0920894274a44f3076176450fce10264b9fb,val,0,0,0,0,0,0,0
1,wallet_04_confused_sign,val,1,0,0,0,0,0,0
1,integer_overflow_10x676abde481967851b0c28e81bde8561e756d75e8_ModulumInvestorsWhitelist_ModulumInvestorsWhitelist,val,0,1,0,0,0,0,0
1,0x6ee10c4c566166135c8de574ce63f583afc6d2b2,val,0,0,0,0,0,0,0
1,access_control__buggy_20,val,1,0,0,0,0,0,0
1,mycontract,val,1,0,0,0,0,0,0
1,integer_overflow_10x4b33cd304467988a8ea1e5976bc1de3ad3ac782b_SafeMath_sub,val,0,1,0,0,0,0,0
1,access_control__buggy_11,test,1,0,0,0,0,0,0
1,buggy_110x2781246fe707bb15cee3e5ea354e2154a2877b16_ERC20_totalSupply,test,1,0,0,0,0,0,0
1,0x1fd169a4f5c59acf79d0fd5d91d1201ef1bce9f1,test,0,0,0,0,0,0,0
1,reentrancy__buggy_17,test,0,0,0,0,1,0,0
1,buggy_430x3e159b739864768ecc80945670d3292d9c5bb14e_STONToken_,test,0,0,0,0,0,0,1
1,buggy_270x85d960d4a22c1da47e9f1272ee02f5d023b562fe_SafeMath_mod,test,0,1,0,0,0,0,0
1,reentrancy__buggy_45,test,0,0,0,0,1,0,0
1,front_running__buggy_44,test,0,0,0,1,0,0,0
1,front_running__buggy_4,test,0,0,0,1,0,0,0
1,0x01f8c4e3fa3edeb29e514cba738d87ce8c091d3f,test,0,0,0,0,1,0,0
1,buggy_280x697fc9371a33a98078543b777ca7d5c8009d6d0b_BasicToken_balanceOf,test,0,0,0,0,0,1,0
1,time_manipulation__buggy_48,test,0,0,0,0,0,1,0
1,buggy_280xd21ba1c2c0e8fbd236553efa39137165b3a68e75_SafeMath_div,test,0,0,0,0,1,0,0
1,buggy_440xbf8d8f1242b95dfbae532af6b0f4463905415cc1_ERC20_balanceOf,test,0,1,0,0,0,0,0
1,buggy_400x347038bab5c32e619d3d3aaeb05d408afc1671a9_Ownable_owner,test,0,0,0,1,0,0,0
1,dos__buggy_40,test,0,0,1,0,0,0,0
1,arithmetic__buggy_16,test,0,1,0,0,0,0,0
1,integer_overflow_benign_1,test,0,1,0,0,0,0,0
1,lotto0x1e3fe98d1c89865b6b819bbfd532dadab3b34d2d_SafeMath_mod,test,0,0,0,0,0,0,1
1,buggy_30x190690cbd9491cdca7bbe8ff9474e1102412b330_SafeMath_safeMul,test,0,1,0,0,0,0,0
1,buggy_440x831b1cf1387c388ed8eae955e895d90b2adb2244_SafeMath_mod,test,0,1,0,0,0,0,0
1,0x44f920b8e9b703f87f52f22ac84a106ef464388c,test,0,0,0,0,0,0,0
1,buggy_400xde0722169f3e94fa73e1b1ee1aa59b5a73b56bbd_HoloParkGamingToken_allowance,test,0,0,0,0,0,0,1
1,arithmetic__buggy_25,test,0,1,0,0,0,0,0
1,integer_overflow_minimal0x14eae1322abcadf490bc6ebd6a821a86373e20c4_BasicToken_totalSupply,test,0,1,0,0,0,0,0
1,ether_lotto0xa7fac98b27435c90b916950bbeed91c7dbfe3e44_SafeERC20_safeApprove,test,0,0,0,0,0,1,0
1,0xb37f18af15bafb869a065b61fc83cfc44ed9cc270x51864bb857b8d4fef57d098e1364803fb66a023d_SafeMath_min64,test,0,0,0,0,0,0,1
1,eth_tx_order_dependence_minimal0x57929e21bb0de26166d3f3cfa09be0b2bb9f0a9c_CPTXToken_totalSupply,test,0,0,0,1,0,0,0
1,buggy_380x0622d8ec245f14d6ac137989fb842fb68ab6d837_SafeMath_div,test,0,0,1,0,0,0,0
1,0x06652f356e52681c07d1338bd13b2d80820a9286,test,0,0,0,0,0,0,0
1,reentrancy__buggy_38,test,0,0,0,0,1,0,0
1,time_manipulation__buggy_11,test,0,0,0,0,0,1,0
1,buggy_170x35b26197ba05fca755e7ff44253bbfa036fee5b4_SafeMath_mod,test,0,0,0,0,0,0,1
1,buggy_430x57652fc91f522f9eff0b38cdf1d51f5fb5764215_ERC20_balanceOf,test,0,0,0,1,0,0,0
1,buggy_280xae75116eacb982b6cd08a567ebafbb9e3718f123_EqwityToken_,test,0,1,0,0,0,0,0
1,mishandled,test,0,0,0,0,0,0,1
1,buggy_280x63bcfa2aaf618662b76e58eae4ee410f933b47ac_SafeMath_mod,test,1,0,0,0,0,0,0
1,eth_tx_order_dependence_minimal0x908c72de29d1e1c384616468428cdb64877232a3_StandardToken_allowance,test,0,0,0,1,0,0,0
1,buggy_380xcfe17aebf83381a651ceed832767ae7bab7b4055_SafeMath_div,test,1,0,0,0,0,0,0
1,buggy_110x3e9057b739b005c577cefd45e9a77cf969ec845c_ERC20_balanceOf,test,0,0,1,0,0,0,0
1,insecure_transfer0xb21d8d79ccd5d7cfe3961b71b37ebd6202a95238_Ownable_Ownable,test,0,1,0,0,0,0,0
1,front_running__buggy_43,test,0,0,0,1,0,0,0
1,arithmetic__buggy_15,test,0,1,0,0,0,0,0
1,0x0cbe050f75bc8f8c2d6c0d249fea125fd6e1acc90xa2e4fb662ba999a1e1bac839340c4d34e36e5d19_FlightDelayAddressResolver_changeOwner,test,0,0,0,0,0,0,1
1,buggy_110x0e8bc4a71814b91fe77b0a79768b2403422f99f7_SafeMath_mod,test,0,0,0,1,0,0,0
1,dos__buggy_34,test,0,0,1,0,0,0,0
1,0xf5dce57282a584d2746faf1593d3121fcac444dc,test,0,0,0,0,0,0,0
1,0xf70d589d76eebdd7c12cc5eec99f8f6fa4233b9e,test,0,0,0,0,0,0,1
1,buggy_380x535bfc6883442f2ebe26171c2716cb25b623792c_DissolutionToken_balanceOf,test,1,0,0,0,0,0,0
1,mishandled0x1ce865c81e76aafd2003e69acd2d196d19aac144_SafeMath_div,test,0,0,0,0,0,0,1
1,phishable,test,1,0,0,0,0,0,0
1,reentrancy__buggy_6,test,0,0,0,0,1,0,0
1,buggy_240x5f4506db5b568e103532f84d32a285cdd5aa5751_FixedSupplyToken_balanceOf,test,0,0,0,0,0,0,1
1,0x304baed6911a22c95cf6fa7fe74525e28359a529,test,0,0,0,0,0,0,0
1,buggy_430xe742ced94eee2c425b999fe5b5b76ff2c4fc9dfc_InchWormToken_,test,0,1,0,0,0,0,0
1,0x21fa491fdbbf9f471e09513360563a9798e8f112,test,0,0,0,0,0,0,0
1,buggy_440xf3db7146fac029cc363ffd20cd16449ee382445e_ERC20_decimals,test,0,0,0,0,0,0,1
1,buggy_30x7cc444e71c36ef6c39374ce2f2912e3ff5babdcd_SafeMath_div,test,0,0,0,0,0,1,0
1,timed_crowdsale,test,0,0,0,0,0,1,0
1,etherbank0x416768387836bd8715d127ef9065975325cfad14_GoTDragonFarm_claimFreeDragon,test,0,0,0,0,1,0,0
1,0xf2570186500a46986f3139f65afedc2afe4f445d0x25a1de1c3ee658fe034b8914a1d8d34110423af8_SafeMath_div,test,0,0,0,0,0,0,1
1,0x89509d113b09b109a0ae2fb940091a60e8b73231,test,0,0,0,0,0,0,0
1,dos_address,test,0,0,1,0,0,0,0
1,buggy_40x4f375b916cdbb1c389385832d8a1e0faabe2ce13_Ownable_owner,test,0,0,0,0,1,0,0
1,0x65c74fc2dd37788c8ecbafbc8518f5d794152ce4,test,0,0,0,0,0,0,0
1,buggy_30xb70e23a235eb97a5397261be9a85de73eba212c1_ERC20_totalSupply,test,0,0,0,0,1,0,0
1,insecure_transfer0xb91f14a4d5b798dfe738b3f484553ced7370b4b1_Blacklist_isPermitted,test,0,1,0,0,0,0,0
1,buggy_30x349c14bca4e70d5ea4a4c08e7cffce51708b4887_SafeMath_mul,test,0,0,0,1,0,0,0
1,0xfd5fcd146b75aa62262ff80b27e961442ec7c574,test,0,0,0,0,0,0,0
1,buggy_400x366cf49c6bc3986b20ecf4fd7c05f0c617332e8c_ERC165_supportsInterface,test,0,0,1,0,0,0,0
1,buggy_380xcb7156fcc5eb8612cb3856b4f716e938ba761c94_SafeMath_mul,test,0,0,0,1,0,0,0
1,buggy_110xb03e9255f4aff415f458a399eb22d965ee5fd729_Bee_die,test,0,0,0,0,1,0,0
1,buggy_440x6ee10c4c566166135c8de574ce63f583afc6d2b2_SafeMath_div,test,0,0,0,0,0,0,1
1,0x2822f6d1b2f41f93f33d937bc7d84a8dfa4f4c21,test,0,0,0,0,0,0,0
1,odds_and_evens0xacac2019b9c3b100ed78a61208dcb64db4a60e44_SafeMath_safeDiv,test,0,0,0,1,0,0,0
1,buggy_380x4fa3ecf14b8c66215b5e9110d5a13da8f71c5e60_CrediPoints_totalSupply,test,0,0,0,0,0,0,1
1,dos__buggy_43,test,0,0,1,0,0,0,0
1,dos__buggy_28,test,0,0,1,0,0,0,0
1,odds_and_evens0x7c8db6eefa66f5fca3343bd10f7d4932b0c152f7_GigsToken_allowance,test,0,0,0,1,0,0,0
1,buggy_20x2f7e7e8029e1c4d4280122fe74f7453bee0ddee1_ICashToken_transferAnyERC20Token,test,1,0,0,0,0,0,0
1,buggy_240x26fb7f1ec05f731678f894b1ef4e2c2110dfccb2_ERC20_totalSupply,test,0,0,0,0,0,0,1
1,access_control__buggy_34,test,1,0,0,0,0,0,0
1,dos__buggy_49,test,0,0,1,0,0,0,0
1,uncheck__buggy_240x36aa67777b842a4b5670067634ed5ad9365759ee_FixedSupplyToken_allowance,test,0,0,0,0,0,0,1
1,dos__buggy_31,test,0,0,1,0,0,0,0
1,buggy_270x9e92ead7ea826c174cd6a05d172375db60df188d_RadToken_,test,0,0,0,0,0,0,1
1,0xa46edd6a9a93feec36576ee5048146870ea2c3ae0x81385b32393df2b940f77e06334a548f7d61b9b7_SafeMath_safeDiv,test,0,0,0,0,0,0,1
1,buggy_230x66c6e6be5736046021381054d26e15a2f123d8f8_SafeMath_div,test,0,0,0,0,0,0,1
1,simple_dao0xc00956a4f568033e6c99a99a48e1981d6e819df9_SafeMath_div,test,0,0,0,0,1,0,0
1,access_control__buggy_28,test,1,0,0,0,0,0,0
1,0x7d03b834e1f302547e40f1def6bff774c3386526,test,0,0,0,0,0,0,0
1,time_manipulation__buggy_3,test,0,0,0,0,0,1,0
1,integer_overflow_mapping_sym_1,test,0,1,0,0,0,0,0
1,buggy_400x44f903884941b591ba1359d62c4cd04f3feb2235_SafeMath_div,test,0,0,0,1,0,0,0
1,0x171d750d42d661b62c277a6b486adb82348c3eca,test,0,0,0,0,0,0,0
1,buggy_20xb8c6ad2586bb71d518c2aaf510efe91f82022f58_SafeMath_div,test,0,0,1,0,0,0,0
1,buggy_430x5975993e36eabeffe58cc254b17e61e6a37a3a19_AbstractToken_balanceOf,test,0,0,0,0,0,0,1
1,auction0x13565ed69a6997dada0cc0e2087f08504626d9db_SafeMath_mod,test,0,0,1,0,0,0,0
1,buggy_110x2af3cd240d4a8e6217e4e85a07c5969e7b4d2023_Ownable_owner,test,0,0,0,0,0,0,1
1,buggy_280x68f8b2e7b1a5841724e614758a56ade0482f077e_SafeMath_mul,test,0,0,1,0,0,0,0
1,buggy_110x40e6131e32e7a86e072d80d12ecb94d7e3d09fa1_SafeMath_mod,test,0,0,0,1,0,0,0
1,integer_overflow_add,test,0,1,0,0,0,0,0
1,dos__buggy_2,test,0,0,1,0,0,0,0
1,buggy_40x36151737b45017234e9570cf9a1cac97138953c2_SafeMath_mul,test,1,0,0,0,0,0,0
1,buggy_10x0ecf0851b2cb945ddbee413c0e23f0c01cd4df7d_ERC20_totalSupply,test,0,0,0,0,0,1,0
1,front_running__buggy_15,test,0,0,0,1,0,0,0
1,0x21b28d89aa81e4543fb700f8bbee909cd9e9d5db,test,0,0,0,0,0,0,0
1,buggy_400x6ebcab35ae8d2999e04742695b70f8d2e8c0f0e6_Pausable_paused,test,1,0,0,0,0,0,0
1,arithmetic__buggy_50,test,0,1,0,0,0,0,0
1,buggy_320xe0cf47de7cefffd753a3fb95170dc5a4c018e3f5_SafeMath_safeDiv,test,0,1,0,0,0,0,0
1,0x0cbe050f75bc8f8c2d6c0d249fea125fd6e1acc9,test,0,0,0,0,0,0,1
1,front_running__buggy_48,test,0,0,0,1,0,0,0
1,time_manipulation__buggy_49,test,0,0,0,0,0,1,0
1,0x1c3042baa90d995ea85c19d8a494218fe5c48e72,test,0,0,0,0,0,0,0
1,0x173566176a1deebb47569c8366e84ba7b10b3b8b,test,0,0,0,0,0,0,0
1,0x22f004a328fdb5091376d8eaf83adc5bc2a33846,test,0,0,0,0,0,0,0
1,buggy_260x193408ca0576b73156ed42a2ea7d6fd3f6507162_SafeMath_safeDiv,test,0,0,0,0,0,0,1
1,0x7f9ccc73e75ad4e1b5d931dbe77c11328860ef47,test,0,0,0,0,0,0,0
1,overflow_single_tx0x2566c658331eac75d3b3ccd0e45c78d9cf6c4c4c_Ownable_Ownable,test,0,1,0,0,0,0,0
1,buggy_110x230bd39c5fb6da9086596ec8c347f5d4a666ec06_SafeMath_safeMul,test,0,0,0,0,1,0,0
1,buggy_150x94534caebd1887be3d57179728a670a3436bb443_BasicToken_totalSupply,test,0,0,0,0,1,0,0
1,buggy_40x9d7bb267cca4c33caaa8dfe3ad05bf6b61eef538_AbstractToken_balanceOf,test,0,0,0,0,0,0,1
1,0x0234ae8f8e5a5aeccff9f633aa8d81aa17677ed0,test,0,0,0,0,0,0,0
1,reentrancy__buggy_33,test,0,0,0,0,1,0,0
1,buggy_40x0e5d3380806f947b151fc3c9ba8946453fada97a_BasicToken_totalSupply,test,0,0,0,0,0,0,1
1,buggy_380x36f0d644877b77e1311f851c78637e774c67ae20_KittyBounties_,test,0,0,1,0,0,0,0
1,0x2107a4aa352d92b73d0ea959a2a02384d68d8bfc,test,0,0,0,0,0,0,0
1,buggy_440xe80b90fdabcc18932e2bcda61df6010df69091c7_SafeMath_div,test,1,0,0,0,0,0,0
1,0x70f9eddb3931491aab1aeafbc1e7f1ca2a012db40x7a8246fd9072b9ed583c34993747b113da6d31d5_SafeMath_safeDiv,test,0,0,0,0,0,0,1
1,arithmetic__buggy_33,test,0,1,0,0,0,0,0
1,buggy_320x4527a3b4a8a150403090a99b87effc96f2195047_SafeMath_safeDiv,test,0,0,0,1,0,0,0
1,time_manipulation__buggy_9,test,0,0,0,0,0,1,0
1,buggy_440x1c3ac706cf023365004f48da5094ff01c3bed4f2_Nutopia_allowance,test,0,0,0,0,1,0,0
1,buggy_40xcfe17aebf83381a651ceed832767ae7bab7b4055_SafeMath_div,test,0,1,0,0,0,0,0
1,dos__buggy_19,test,0,0,1,0,0,0,0
1,0xa31b1767e09f842ecfd4bc471fe44f830e3891aa,test,0,0,0,0,0,0,0
1,buggy_140x36151737b45017234e9570cf9a1cac97138953c2_SafeMath_mod,test,1,0,0,0,0,0,0
1,0x4a66ad0bca2d700f11e1f2fc2c106f7d3264504c0xdda928b631cda3535dec1f80c9e92bb74eab5f03_SafeMath_safeDiv,test,0,0,0,0,0,0,1
1,list_dos,test,0,0,1,0,0,0,0
1,0xbaa3de6504690efb064420d89e871c27065cdd520xf79c2cc623c9317725712cf1b1b980464507a70a_BasicToken_totalSupply,test,0,0,0,0,0,0,1
2,reentrancy__buggy_32,train,0,0,0,0,1,0,0
2,dos__buggy_2,train,0,0,1,0,0,0,0
2,access_control__buggy_48,train,1,0,0,0,0,0,0
2,0x420167d87d35c3a249b32ef6225872fbd9ab85d2,train,0,0,0,0,0,0,0
2,0x7fbd92f49f6f9b4f9b3b4d18761b0deb7253a8bf,train,0,0,0,0,0,0,0
2,0x2e2e0b2ef981b0e3e5602128f0d520293ba7f338,train,0,0,0,0,0,0,0
2,arithmetic__buggy_29,train,0,1,0,0,0,0,0
2,buggy_190x9587c214951d567e211192f9a7dbb2b9c7211848_multiSend_,train,0,1,0,0,0,0,0
2,0x0f72b988c30a4e4472607703c3363dcfe0f58e0d,train,0,0,0,0,0,0,0
2,0x6316ee5821d02764842689d5437c83e93a81257b,train,0,0,0,0,0,0,0
2,buggy_30x927c993100ec88012afebf1bff292cf2d4c6317a_SafeMath_mul,train,0,0,1,0,0,0,0
2,buggy_270x61e69708154204506bc577213536de2c70bff665_MidasToken_,train,0,1,0,0,0,0,0
2,front_running__buggy_40xda9b16706b1891b298d2dd4da3998343fa7e5820_SafeMath_div,train,0,0,0,1,0,0,0
2,front_running__buggy_25,train,0,0,0,1,0,0,0
2,0xa46edd6a9a93feec36576ee5048146870ea2c3ae0xd7408546678406f239410acc4f5ac5ca1b633ce5_DragonFarmer_buySuperDragon,train,0,0,0,0,0,0,1
2,0x37d40510a2f5bc98aa7a0f7bf4b3453bcfb90ac1,train,0,0,0,0,0,0,0
2,0xe26668cc7ce5239304b5af8f54b4bd57d11084d2,train,0,0,0,0,0,0,0
2,access_control__buggy_35,train,1,0,0,0,0,0,0
2,buggy_240xf36c6876ba6ec35bb0c004fc3a2879cb9586a173_SafeMath_mul,train,0,1,0,0,0,0,0
2,buggy_20xa368d5a0dc530fe48883e742b817164ba6d91c4e_Pausable_addDistributionContract,train,1,0,0,0,0,0,0
2,buggy_20x75c7626e1903bba8c1e429d6db5ea26600c6a248_SafeMath_safeDiv,train,0,0,0,0,0,0,1
2,buggy_280x68f8b2e7b1a5841724e614758a56ade0482f077e_SafeMath_mul,train,0,0,1,0,0,0,0
2,buggy_150xd5ca9646cf0fc525c1631320e8d78968774f7aeb_AbstractToken_balanceOf,train,0,0,0,0,0,0,1
2,0x11bf607993ebfc3426ab3952e01cf40d70afc76f,train,0,0,0,0,0,0,0
2,0xafa9ec5eddaa50db06e8ed2c680ac6c81a32e9b7,train,0,0,0,0,0,0,0
2,buggy_40x65565ae3ef290215c87e956065a451e4b40e1823_TokenTimelock_releaseTime,train,0,0,0,0,0,0,1
2,buggy_40x65bf93f65961ff6b778d6b7e52c5807a97c2e4f3_AbstractToken_balanceOf,train,0,0,0,0,1,0,0
2,integer_overflow_minimal0x4d71dd7ddf32a1ff94f58ceed3ed1fe2435bb582_TokenERC20_transfer,train,0,1,0,0,0,0,0
2,simple_suicide0x8fbcb3f7a4c48dd9500ba20b5254c08d75403ba1_SafeERC20_safeTransferFrom,train,1,0,0,0,0,0,0
2,buggy_110xc96df921009b790dffca412375251ed1a2b75c60_ERC20_balanceOf,train,0,0,0,0,1,0,0
2,arithmetic__buggy_11,train,0,1,0,0,0,0,0
2,buggy_140x67033c6c1e977e1e19b1ccd53463e3031e6452ef_SafeMath_mod,train,0,1,0,0,0,0,0
2,timelock0xb1a804f02559c91c12ba3e3f76934141e4ecd137_SafeMath_div,train,0,1,0,0,0,0,0
2,front_running__buggy_18,train,0,0,0,1,0,0,0
2,buggy_280x5ecb025e51415dba9fd272c551076357cf4069f5_Owned_acceptOwnership,train,0,0,0,0,0,1,0
2,0x52d2e0f9b01101a59b38a3d05c80b7618aeed9840x7fecab617c868bb5996d99d95200d2fa708218e4_SafeMath_sub,train,0,0,0,0,0,0,1
2,auction0x676abde481967851b0c28e81bde8561e756d75e8_Ownable_Ownable,train,0,0,1,0,0,0,0
2,0xb7c5c5aa4d42967efe906e1b66cb8df9cebf04f70x200c777c0d2e949524aecab181102c645d07ba70_SafeMath_mul,train,0,0,0,0,0,0,1
2,arithmetic__buggy_47,train,0,1,0,0,0,0,0
2,0x0e5632feb2c2619dba9c7e2dc5a7ed3fd14969da,train,0,0,0,0,0,0,0
2,0x7c639dafe776aa02f24b90c9bca3dc4ff11b6b3d,train,0,0,0,0,0,0,0
2,uncheck__buggy_4,train,0,0,0,0,0,0,1
2,buggy_240x36151737b45017234e9570cf9a1cac97138953c2_ERC20_allowance,train,0,1,0,0,0,0,0
2,buggy_40x349c14bca4e70d5ea4a4c08e7cffce51708b4887_SafeMath_mul,train,0,0,0,1,0,0,0
2,buggy_190xc760721eb65aa6b0a634df6a008887c48813ff63_SafeMath_mul,train,0,0,0,0,1,0,0
2,0x4a66ad0bca2d700f11e1f2fc2c106f7d3264504c0xdda928b631cda3535dec1f80c9e92bb74eab5f03_SafeMath_safeDiv,train,0,0,0,0,0,0,1
2,buggy_380xd1766cc0a81e40d488d16357b590a0d009e0d927_SafeMath_mod,train,0,0,0,0,0,1,0
2,0x2e8c6bbe8e3aa834ef5a851b2cdfc52403d61b87,train,0,0,0,0,0,0,0
2,0xeda5d9c59fd296aba054706d731d07947efed171,train,0,0,0,0,0,0,0
2,buggy_430xe444e45b50a5aa8e295b4dd3b4c6436ea59e2818_ERC20_allowance,train,0,1,0,0,0,0,0
2,buggy_240x3227bb83f3f230c15f8ee4a78a655f06c8004cad_LTLNN_balanceOf,train,0,0,0,0,0,0,1
2,buggy_110xb0644e54f627aa5292d66b2b98e93873adb8ea07_ERC20_allowance,train,0,1,0,0,0,0,0
2,etherbank0x5dbe296f97b23c4a6aa6183d73e574d02ba5c719_AbstractToken_AbstractToken,train,0,0,0,0,1,0,0
2,buggy_430x11da3b51a61a7ccab4186e4f89404c501280be3a_TokenERC20_burn,train,0,0,0,0,0,0,1
2,0x48271aa08d6309895447c067e728e8b140ddf2b4,train,0,0,0,0,0,0,0
2,buggy_190x64c7da318530f02f36225107786ab6963bf6add8_CloudToken_burnFrom,train,0,0,1,0,0,0,0
2,buggy_280xbd1e7f594600dcaf7f483af55deacec0159a064e_ERC20_balanceOf,train,0,0,0,0,0,0,1
2,0xff7a0282d23138dccb55334f1beced4b5ddffb1a,train,0,0,0,0,0,0,0
2,0x5ecc6c247b385d097d5d81c8bb7e879889905589,train,0,0,0,0,0,0,0
2,0x7a2b4708e18f3d11393b6de37cf1fe1ec7b4fd62,train,0,0,0,0,0,0,0
2,buggy_400x366cf49c6bc3986b20ecf4fd7c05f0c617332e8c_ERC165_supportsInterface,train,0,0,1,0,0,0,0
2,buggy_270xf9c27de474cce832fad75107853b78838888ac11_SafeMath_mul,train,0,0,0,0,0,0,1
2,eth_tx_order_dependence_minimal0x57929e21bb0de26166d3f3cfa09be0b2bb9f0a9c_CPTXToken_totalSupply,train,0,0,0,1,0,0,0
2,buggy_380x404acb05b709eb5a81d08183b24080c7446875ee_SafeMath_safeDiv,train,1,0,0,0,0,0,0
2,buggy_430x5975993e36eabeffe58cc254b17e61e6a37a3a19_AbstractToken_balanceOf,train,0,0,0,0,0,0,1
2,arithmetic__buggy_38,train,0,1,0,0,0,0,0
2,arithmetic__buggy_45,train,0,1,0,0,0,0,0
2,0x52d2e0f9b01101a59b38a3d05c80b7618aeed984,train,0,0,0,0,0,0,1
2,buggy_360x2c72ee35637cb6df00f8c07595b564a05f667006_SafeERC20_safeApprove,train,0,0,0,0,0,1,0
2,buggy_240x0ef987c2be871851176e46b098083b8f0fef4c17_ERC20_balanceOf,train,0,0,0,0,0,0,1
2,0x4b71ad9c1a84b9b643aa54fdd66e2dec96e8b152,train,0,0,0,0,0,0,1
2,buggy_240x19c33ea6a6bd42078d36ac2cd2010df01aa45ac9_SafeMath_div,train,0,1,0,0,0,0,0
2,buggy_30x2f7e7e8029e1c4d4280122fe74f7453bee0ddee1_ICashToken_allowance,train,1,0,0,0,0,0,0
2,buggy_110x44e9ab4a3af1ccc8c1cfce6fc7d3e650373fc507_SafeMath_div,train,0,1,0,0,0,0,0
2,tokensalechallenge0xa99457d5b259bca184e9f7a44132310f6670d19c_Ownable_Ownable,train,0,1,0,0,0,0,0
2,0xd5967fed03e85d1cce44cab284695b41bc675b5c0x8df49dcf9cc6fca7c530db05147ab8e0305c7c82_SafeMath_sub,train,0,0,0,0,0,0,1
2,buggy_400x697fc9371a33a98078543b777ca7d5c8009d6d0b_BasicToken_totalSupply,train,1,0,0,0,0,0,0
2,buggy_70xbf8d8f1242b95dfbae532af6b0f4463905415cc1_SafeMath_mul,train,0,0,1,0,0,0,0
2,0xa46edd6a9a93feec36576ee5048146870ea2c3ae0x92a863fd7e33336ed128acbaf0d52e2267f6f575_SafeMath_sub,train,0,0,0,0,0,0,1
2,buggy_270x1a6ea5a886fb8fd61b9cbf83d47e5b07aec897f5_FixedSupplyToken_balanceOf,train,1,0,0,0,0,0,0
2,0x8cdd0cd56ae24422382c4a6ffef382732f43fe4c,train,0,0,0,0,0,0,0
2,0x0cbe050f75bc8f8c2d6c0d249fea125fd6e1acc90x091f601d7b6c0c8073d075a1847bafc6872559a4_Clue_Clue,train,0,0,0,0,0,0,1
2,integer_overflow_minimal,train,0,1,0,0,0,0,0
2,buggy_110xbd1e7f594600dcaf7f483af55deacec0159a064e_ERC20_allowance,train,0,0,1,0,0,0,0
2,lotto0xd0d5dab67e8470b785b9c19b11d831a3b07d3709_Ownable_owner,train,0,0,0,0,0,0,1
2,buggy_190x0ef987c2be871851176e46b098083b8f0fef4c17_ETHPlay_decimals,train,1,0,0,0,0,0,0
2,buggy_190xcbf15fb8246f679f9df0135881cb29a3746f734b_ERC20_allowance,train,0,0,0,1,0,0,0
2,dos__buggy_35,train,0,0,1,0,0,0,0
2,0x70f9eddb3931491aab1aeafbc1e7f1ca2a012db4,train,0,0,0,0,0,0,1
2,buggy_440x45c998a972e6449858206775d50f3925eb1e5b1b_SafeMath_div,train,0,0,0,0,0,0,1
2,integer_overflow_10xa987a1fb978abb7c17201a84efbe828d5c66264d_Ownable_Ownable,train,0,1,0,0,0,0,0
2,reentrancy__buggy_19,train,0,0,0,0,1,0,0
2,front_running__buggy_50,train,0,0,0,1,0,0,0
2,insecure_transfer0xb91f14a4d5b798dfe738b3f484553ced7370b4b1_Blacklist_isPermitted,train,0,1,0,0,0,0,0
2,uncheck__buggy_26,train,0,0,0,0,0,0,1
2,roulette,train,0,0,0,0,0,1,0
2,front_running__buggy_44,train,0,0,0,1,0,0,0
2,dos__buggy_43,train,0,0,1,0,0,0,0
2,reentrancy__buggy_14,train,0,0,0,0,1,0,0
2,0x11b57f39f5a42eff60144b333a4d7d58e40297a4,train,0,0,0,0,0,0,0
2,0x305de070488c8469dfac957226c9c900c4bfba22,train,0,0,0,0,0,0,0
2,arithmetic__buggy_43,train,0,1,0,0,0,0,0
2,insecure_transfer0x3b7394e62f675993a0e3de45acf7d22c3ea54f1e_SafeMath_div,train,0,1,0,0,0,0,0
2,0xb42211a1b3ae2ec02454850790c02b683abf9dda,train,0,0,0,0,0,0,0
2,ether_lotto0x2c57090c2f563ddc1341bdc17040c158cfa6fb55_SafeMath_div,train,0,0,0,0,0,1,0
2,buggy_280x7f5a8e08a693ea75d6ee87de54886ec013f31e11_SafeMath_mod,train,0,0,0,1,0,0,0
2,buggy_40xe0cf47de7cefffd753a3fb95170dc5a4c018e3f5_SafeMath_safeDiv,train,0,1,0,0,0,0,0
2,reentrancy__buggy_15,train,0,0,0,0,1,0,0
2,buggy_20x11da3b51a61a7ccab4186e4f89404c501280be3a_TokenERC20_transfer,train,0,0,0,1,0,0,0
2,0x2107a4aa352d92b73d0ea959a2a02384d68d8bfc,train,0,0,0,0,0,0,0
2,0x36f0d644877b77e1311f851c78637e774c67ae20,train,0,0,0,0,0,0,0
2,buggy_280xae75116eacb982b6cd08a567ebafbb9e3718f123_EqwityToken_,train,0,1,0,0,0,0,0
2,buggy_140x7b3bd25abdf9ad61db39f645738c7b0f38e51d9f_SafeMath_div,train,0,1,0,0,0,0,0
2,time_manipulation__buggy_33,train,0,0,0,0,0,1,0
2,0xd2018bfaa266a9ec0a1a84b061640faa009def76,train,0,0,0,0,0,0,1
2,buggy_280x66ffaace6abfc6916b105eb79774bcd5402fcbb2_SafeMath_safeDiv,train,0,0,0,0,1,0,0
2,mishandled,train,0,0,0,0,0,0,1
2,buggy_230x404acb05b709eb5a81d08183b24080c7446875ee_SafeMath_safeDiv,train,0,1,0,0,0,0,0
2,front_running__buggy_30,train,0,0,0,1,0,0,0
2,0xf2570186500a46986f3139f65afedc2afe4f445d0x25a1de1c3ee658fe034b8914a1d8d34110423af8_SafeMath_div,train,0,0,0,0,0,0,1
2,buggy_140xa5b91fbfec2f9a708592f9cd3c9e20becdfcb816_VIPToken_transfer,train,0,0,0,0,0,0,1
2,buggy_110xa08d1762538439848b71a39cfef7f0454f1176ed_SafeMath_mul,train,0,0,0,0,0,0,1
2,access_control__buggy_27,train,1,0,0,0,0,0,0
2,ether_lotto,train,0,0,0,0,0,1,0
2,time_manipulation__buggy_3,train,0,0,0,0,0,1,0
2,buggy_240x252e0920894274a44f3076176450fce10264b9fb_Pausable_paused,train,1,0,0,0,0,0,0
2,buggy_400x3b3801f0fc76528e42390df701f513fc62cbf154_FixedSupplyToken_,train,0,0,0,1,0,0,0
2,0x0371a82e4a9d0a4312f3ee2ac9c6958512891372,train,0,0,0,0,0,0,0
2,0x538cc4af284ba376ad5bad0d364fbc9fb302546a,train,0,0,0,0,0,0,0
2,buggy_110x931abd3732f7eada74190c8f89b46f8ba7103d54_ERC20_totalSupply,train,0,0,0,0,0,0,1
2,time_manipulation__buggy_49,train,0,0,0,0,0,1,0
2,access_control__buggy_47,train,1,0,0,0,0,0,0
2,access_control__buggy_16,train,1,0,0,0,0,0,0
2,0x5edf5432c6dc5b42c9ec01fa9443c3ac89ca9686,train,0,0,0,0,0,0,0
2,0xa254e0528874bb14b45be4b0e21d31a965a9a4b1,train,0,0,0,0,0,0,0
2,token0x6b7a2368f92095b4ae063dd504c99d3603ab84aa_Owned_Owned,train,0,1,0,0,0,0,0
2,buggy_430x97472ce862fc811ecbed9f3123e1dbf55fe40c9b_BasicToken_balanceOf,train,0,1,0,0,0,0,0
2,buggy_380xcfe17aebf83381a651ceed832767ae7bab7b4055_SafeMath_div,train,1,0,0,0,0,0,0
2,access_control__buggy_43,train,1,0,0,0,0,0,0
2,arithmetic__buggy_2,train,0,1,0,0,0,0,0
2,buggy_280x44f920b8e9b703f87f52f22ac84a106ef464388c_SafeMath_mod,train,0,0,0,1,0,0,0
2,buggy_60x09a8501e22da800cb7a482fc5e2bf32c90a55995_SafeMath_safeDiv,train,0,0,0,1,0,0,0
2,0x5ac203c782fe5b74ece9cb4ed13b0597bb5c872e,train,0,0,0,0,0,0,0
2,odds_and_evens0x7332077db22f7c1df320e757a77e8871377976da_MiningRigFarmer_MiningRigFarmer,train,0,0,0,1,0,0,0
2,buggy_280x719ca90842a9f4d4fb52251db88703e4bc4a07ca_SafeMath_mul,train,0,0,0,0,0,1,0
2,front_running__buggy_40,train,0,0,0,1,0,0,0
2,0x000c100050e98c91f9114fa5dd75ce6869bf4f53,train,0,0,0,0,0,0,0
2,buggy_40x61b2d3ea9f1c6b387c985c73d40e8fbfb284e5c7_RC20_decimals,train,0,1,0,0,0,0,0
2,buggy_380x6353eadf8d1d4421002332bb9074222b14d54881_SafeMath_max64,train,0,0,0,0,0,0,1
2,dos__buggy_40,train,0,0,1,0,0,0,0
2,buggy_260x0597edbd535f2c76780818cd55cae87d7e035f5b_SafeMath_mul,train,0,0,0,1,0,0,0
2,reentrance,train,0,0,0,0,1,0,0
2,integer_overflow_mul0x489bd62059e03966af9bb17b1d06cf799dabf820_SafeMath_safeMul,train,0,1,0,0,0,0,0
2,etherbank0x6669c10955f8f3a64025ae9793b9a92e777d628d_Ownable_Ownable,train,0,0,0,0,1,0,0
2,time_manipulation__buggy_34,train,0,0,0,0,0,1,0
2,uncheck__buggy_2,train,0,0,0,0,0,0,1
2,0x1c74cff0376fb4031cd7492cd6db2d66c3f2c6b9,train,0,0,0,0,0,0,0
2,0xd5967fed03e85d1cce44cab284695b41bc675b5c0xa77cf14e0bda66f94873498ed15e1eaf183d2fd0_EtherCartel_getMyShrimp,train,0,0,0,0,0,0,1
2,arithmetic__buggy_31,train,0,1,0,0,0,0,0
2,0x6a6b391ba6c00418d0ece1177c357c2bd4e894f6,train,0,0,0,0,0,0,0
2,buggy_280x98b89a9947a668c1baa48382de7f4a952ef37b53_Pausable_paused,train,0,0,1,0,0,0,0
2,buggy_110x2b13bc5781357e12d05f3afb477bbed8a60c669d_BasicToken_totalSupply,train,0,1,0,0,0,0,0
2,buggy_140x32470ff2a384becbd33c2b70f3cd4ba6192cb368_Ownable_owner,train,0,0,0,0,1,0,0
2,buggy_110x83a80250d415f9364d8415f6017acd39ebf288af_Ownable_acceptOwnership,train,0,0,0,0,0,0,1
2,integer_overflow_10x3563fe3f874b1243794cb6cbb6c11535bbd61527_SafeMath_add,train,0,1,0,0,0,0,0
2,wallet_04_confused_sign,train,1,0,0,0,0,0,0
2,dos__buggy_27,train,0,0,1,0,0,0,0
2,buggy_380x0622d8ec245f14d6ac137989fb842fb68ab6d837_SafeMath_div,train,0,0,1,0,0,0,0
2,dos__buggy_38,train,0,0,1,0,0,0,0
2,arithmetic__buggy_24,train,0,1,0,0,0,0,0
2,buggy_190xef1344bdf80bef3ff4428d8becec3eea4a2cf574_ERC20_allowance,train,0,1,0,0,0,0,0
2,phishable0x916de2259abbfbfd406d7a3ec7cf83a76b9ce3b4_OperationsVesting_cliff,train,1,0,0,0,0,0,0
2,simple_suicide0x9f760bfd59fdec65b4d740fda02585bc52c032ca_StandardToken_allowance,train,1,0,0,0,0,0,0
2,uncheck__buggy_230xcda50305e75b01894dad90be684eb2d6f1c5b0e7_SafeMath_mul,train,0,0,0,0,0,0,1
2,buggy_140xebb82eabbb699cedf7e72f316ec0e0f3fd1c3859_SafeMath_mod,train,0,0,0,0,1,0,0
2,0x77a4a5b3007efa19b5d049b914a1271367e27fe4,train,0,0,0,0,0,0,0
2,0x2d50de5411731843c84232fa7eb807bee7befdf4,train,0,0,0,0,0,0,0
2,0x14c5d62466aa3f925f4b007ef2614435795160dd,train,0,0,0,0,0,0,0
2,dos__buggy_39,train,0,0,1,0,0,0,0
2,integer_overflow_benign_10x73779df3f86a4f314655247443db8780a9b9f4cc_SafeMath_div,train,0,1,0,0,0,0,0
2,0x1fd169a4f5c59acf79d0fd5d91d1201ef1bce9f1,train,0,0,0,0,0,0,0
2,buggy_150xd9a340502737dc652b1e1973a3f4b02a471a98af_MDC_totalSupply,train,0,1,0,0,0,0,0
2,0xbaa3de6504690efb064420d89e871c27065cdd520x5e2cdfaaa35273bb4c1ca9c3c8f335af1b1bf4b7_ERC20_totalSupply,train,0,0,0,0,0,0,1
2,0x5d26239257e6433889f00bb46294c552b4d75ec9,train,0,0,0,0,0,0,0
2,reentrancy__buggy_25,train,0,0,0,0,1,0,0
2,buggy_440x83e401afd7438ec2b2827874eba920eb6a345cbb_Freezable_freezeOf,train,0,1,0,0,0,0,0
2,0x5a0d7bf44907b48a6af0e6f3e9519811aeaaa925,train,0,0,0,0,0,0,0
2,buggy_140x57ffa14de96e7a761750fdf41c9496214a6dca2a_Ownable_owner,train,1,0,0,0,0,0,0
2,arithmetic__buggy_28,train,0,1,0,0,0,0,0
2,0xd5967fed03e85d1cce44cab284695b41bc675b5c0xf0f9f4d63b7dd586e6b07806b0f39cc9cd7e9490_BasicToken_balanceOf,train,0,0,0,0,0,0,1
2,arithmetic__buggy_20xc617d51e3a1f621da8ae67b2f652d6ac02eb8d95_SafeMath_safeMul,train,0,1,0,0,0,0,0
2,buggy_40xe3176e757f3fde2709ecf754dc194a3f50bd8449_FixedSupplyToken_allowance,train,0,0,0,0,1,0,0
2,buggy_380xe02a471b2778b2d3a220e1ff82a0f8184fb73504_SafeMath_div,train,0,1,0,0,0,0,0
2,insecure_transfer0xb21d8d79ccd5d7cfe3961b71b37ebd6202a95238_Ownable_Ownable,train,0,1,0,0,0,0,0
2,uncheck__buggy_27,train,0,0,0,0,0,0,1
2,buggy_20xa5503c4227bf8c5fcbab84cece74009de5fc3e71_SafeMath_div,train,0,0,0,0,0,0,1
2,buggy_400xde960de55c59c3fd139c792564329523531f1e18_SafeMath_mul,train,0,0,1,0,0,0,0
2,integer_overflow_add0x3643ed7a06ebdd39aa18f8bb2f357afeebafd62b_SafeMath_mul,train,0,1,0,0,0,0,0
2,0x03b7dcf4e018031c39f21a6e99632ccbf72c79a2,train,0,0,0,0,0,0,0
2,uncheck__buggy_40,train,0,0,0,0,0,0,1
2,buggy_240xfc7ade404260abbc1ad519548d3fe0856dc304d0_ERC20_balanceOf,train,0,1,0,0,0,0,0
2,buggy_40x0e5d3380806f947b151fc3c9ba8946453fada97a_BasicToken_totalSupply,train,0,0,0,0,0,0,1
2,arithmetic__buggy_19,train,0,1,0,0,0,0,0
2,0xf2570186500a46986f3139f65afedc2afe4f445d0x57929e21bb0de26166d3f3cfa09be0b2bb9f0a9c_CPTXToken_balanceOf,train,0,0,0,0,0,0,1
2,etherbank0x83b9d34d75f1d09bd6fc88fc7c2bbb5adaa355f6_SafeMath_min256,train,0,0,0,0,1,0,0
2,arithmetic__buggy_22,train,0,1,0,0,0,0,0
2,0x99ed1f3fab1b072764098d5ed88ca79836c3bdaa,train,0,0,0,0,0,0,0
2,buggy_400xf8d142c7cd9b9d5abf6c449307de40adb8a17b38_SafeMath_mul,train,0,1,0,0,0,0,0
2,buggy_40x71396a6410249725c5609646c4e449c6c4d41e27_SafeMath_mul,train,0,0,0,0,1,0,0
2,buggy_270x1863d1351fc3003f1ad361939248e3a3a114958e_SafeMath_mod,train,0,0,0,0,1,0,0
2,auction0x2c30840965f8fb2dc42bf4d6d530661d9f0e73c3_SafeMath_sub,train,0,0,1,0,0,0,0
2,buggy_430xd869755384bbed1c05fc18ee098e829227a1a3eb_CRX_totalSupply,train,0,1,0,0,0,0,0
2,buggy_230x538cc4af284ba376ad5bad0d364fbc9fb302546a_EtherPornStars_buyPremium,train,0,0,0,0,0,0,1
2,insecure_transfer0x8df49dcf9cc6fca7c530db05147ab8e0305c7c82_SafeMath_min64,train,0,1,0,0,0,0,0
2,unchecked_return_value,train,0,0,0,0,0,0,1
2,0x173566176a1deebb47569c8366e84ba7b10b3b8b,train,0,0,0,0,0,0,0
2,0xa31b1767e09f842ecfd4bc471fe44f830e3891aa,train,0,0,0,0,0,0,0
2,wallet_04_confused_sign0x57112a3fd8b8e0bf025f27972018a425996fa12a_SafeMath_sub,train,1,0,0,0,0,0,0
2,access_control__buggy_25,train,1,0,0,0,0,0,0
2,0xd5967fed03e85d1cce44cab284695b41bc675b5c,train,0,0,0,0,0,0,1
2,0x2a77bf0239c625a0319e21607d6e9093a38b6eed,train,0,0,0,0,0,0,0
2,arithmetic__buggy_25,train,0,1,0,0,0,0,0
2,dos__buggy_45,train,0,0,1,0,0,0,0
2,arithmetic__buggy_21,train,0,1,0,0,0,0,0
2,buggy_30x095d7847945c6a496cad77bff0687a1bf367ec4a_AbstractToken_balanceOf,train,0,0,1,0,0,0,0
2,integer_overflow_mul0x892697720ad461f019fd1f4bc4d52447a59c0687_SafeMath_div,train,0,1,0,0,0,0,0
2,reentrance0x8ac16c08105de55a02e2b7462b1eec6085fa4d86_IdentityEvents_emitIdentityDeleted,train,0,0,0,0,1,0,0
2,king_of_the_ether_throne,train,0,0,0,0,0,0,1
2,buggy_40x7788d759f21f53533051a9ae657fa05a1e068fc6_FletaToken_,train,0,0,0,0,0,0,1
2,simple_dao0xc00956a4f568033e6c99a99a48e1981d6e819df9_SafeMath_div,train,0,0,0,0,1,0,0
2,buggy_240x521d47adbf9fa743c593219685cf19952d6a0601_ERC20_balanceOf,train,1,0,0,0,0,0,0
2,0x01b03903a1660ae507ddbb6224e478bce176c275,train,0,0,0,0,0,0,0
2,buggy_400xf8d1254fc324d2e75a5a37f5bd4ca34a20ef460d_Crowdsale_Rate,train,0,0,0,1,0,0,0
2,buggy_280xf8d1254fc324d2e75a5a37f5bd4ca34a20ef460d_BasicToken_balanceOf,train,0,1,0,0,0,0,0
2,buggy_440x41c0332c833398b24095057446a20459d7b4b66d_ERC20_totalSupply,train,0,0,0,0,1,0,0
2,0xa46edd6a9a93feec36576ee5048146870ea2c3ae0x69cef154bc6ee9373ff9520d7392a174108fb5b5_Ownable_Ownable,train,0,0,0,0,0,0,1
2,buggy_280xd21ba1c2c0e8fbd236553efa39137165b3a68e75_SafeMath_mod,train,0,0,0,0,1,0,0
2,incorrect_constructor_name1,train,1,0,0,0,0,0,0
2,0x68f8b2e7b1a5841724e614758a56ade0482f077e,train,0,0,0,0,0,0,0
2,0x5d746a60d39a3b584b438374d5e95e2ab00085b5,train,0,0,0,0,0,0,0
2,dos__buggy_3,train,0,0,1,0,0,0,0
2,0x3a903a05b98bd41ea7b18b40049223d3c768c527,train,0,0,0,0,0,0,0
2,buggy_240x2b13bc5781357e12d05f3afb477bbed8a60c669d_BasicToken_balanceOf,train,0,0,0,0,1,0,0
2,0x524960d55174d912768678d8c606b4d50b79d7b10xe53c484ed5d4dcda17b289132e036d53180e8fa5_ERC20_totalSupply,train,0,0,0,0,0,0,1
2,0x2972d548497286d18e92b5fa1f8f9139e5653fd20xe53c484ed5d4dcda17b289132e036d53180e8fa5_SafeMath_div,train,0,0,0,0,0,0,1
2,0xcbfe11b78c2e6cb25c6eda2c6ff46cd4755c8fca,train,0,0,0,0,0,0,0
2,buggy_440xcaa05e82bdcba9e25cd1a3bf1afb790c1758943d_StandardToken_approve,train,1,0,0,0,0,0,0
2,0xac23817f7e9ec7eb6b7889bdd2b50e04a44470c5,train,0,0,0,0,0,0,0
2,reentrancy__buggy_48,train,0,0,0,0,1,0,0
2,time_manipulation__buggy_26,train,0,0,0,0,0,1,0
2,time_manipulation__buggy_38,train,0,0,0,0,0,1,0
2,buggy_280xc3c14cf95a4f97e18c8c1f9ea8da7ad4e8f81331_SafeMath_mod,train,0,0,0,1,0,0,0
2,buggy_440xe80b90fdabcc18932e2bcda61df6010df69091c7_SafeMath_div,train,1,0,0,0,0,0,0
2,wallet_04_confused_sign0x85954c0adde80c73b019a92c08e0d22f16ac4067_SafeMath_div,train,1,0,0,0,0,0,0
2,lotto0xa41c700556d9167257f69ddf66260a3d604d94f5_CARBONTRAIL_RCAI_newRCAI,train,0,0,0,0,0,0,1
2,buggy_380x767385821ba49a86c343ea9d674702a9177ab816_FixedSupplyToken_balanceOf,train,0,0,0,0,0,1,0
2,buggy_240xcb5eb4ad33fd2ff079d70c1bf31f99ea8aac73d7_SafeMath_mod,train,0,0,0,0,0,0,1
2,0x2972d548497286d18e92b5fa1f8f9139e5653fd20x4d552a4facc008cdf004833aaa1499a1ed5977c7_SafeMath_add,train,0,0,0,0,0,0,1
2,buggy_260x193408ca0576b73156ed42a2ea7d6fd3f6507162_SafeMath_safeDiv,train,0,0,0,0,0,0,1
2,access_control__buggy_31,train,1,0,0,0,0,0,0
2,0xbb97e381f1d1e94ffa2a5844f6875e6146981009,train,0,0,0,0,0,0,0
2,reentrancy__buggy_49,train,0,0,0,0,1,0,0
2,buggy_230xdbe615c10ce4336fcbaed628e76fbe84e4b7dc44_SafeMath_div,train,0,1,0,0,0,0,0
2,front_running__buggy_16,train,0,0,0,1,0,0,0
2,reentrancy_dao,train,0,0,0,0,1,0,0
2,buggy_40x87ab739464881af0011052d4ca0b0d657e8c3b48_Pausable_paused,train,0,1,0,0,0,0,0
2,buggy_400xc46321efe8883d22d81ed65cb4f0766e1004129d_KingToken_balanceOf,train,1,0,0,0,0,0,0
2,buggy_260x2d8ba3a379b5d2e39e76890e39c09fb4fc8b500d_SafeMath_mul,train,0,0,0,0,0,0,1
2,multiowned_vulnerable0xb67a8b829b8867a13baf6dc78d9d73bfc01e8b46_Pausable_paused,train,1,0,0,0,0,0,0
2,0x4a66ad0bca2d700f11e1f2fc2c106f7d3264504c0x618737029ae07215dfc2c0b4204b8f91e9909366_InvestorWhiteList_getReferralOf,train,0,0,0,0,0,0,1
2,0xb0f6905fa74ad35c0dc43ff60a2250488735dfc5,train,0,0,0,0,0,0,0
2,simple_dao,train,0,0,0,0,1,0,0
2,mishandled0x2fcc73982cda54b15941eaae842f93a31f879ef2_BasicToken_totalSupply,train,0,0,0,0,0,0,1
2,0x6e09b7d6c08bbc5327892013c07b44169e8a9a7c,train,0,0,0,0,0,0,0
2,buggy_230x13cb835c47782dad075ce7faa1f8439b548b712d_LENS_,train,1,0,0,0,0,0,0
2,reentrancy__buggy_16,train,0,0,0,0,1,0,0
2,buggy_440x65bf93f65961ff6b778d6b7e52c5807a97c2e4f3_CLPT_setOwner,train,0,0,0,1,0,0,0
2,access_control__buggy_3,train,1,0,0,0,0,0,0
2,arithmetic__buggy_18,train,0,1,0,0,0,0,0
2,0xa04ebf9bf9994ec776b6e8621b8ac75e32767dcd,train,0,0,0,0,0,0,0
2,buggy_280x5d64170c575be26c16008d49abe98ede2ec199af_SafeMath_safeDiv,train,0,0,1,0,0,0,0
2,buggy_380x17070be71f8082767509aa4552e0ded11bd667ec_SafeMath_mul,train,0,0,0,0,0,1,0
2,buggy_380x767385821ba49a86c343ea9d674702a9177ab816_Owned_acceptOwnership,train,0,0,0,1,0,0,0
2,buggy_440x198482924b5ed2c8dd5a0c824fcd618c6b49e6e8_RICHToken_,train,0,0,0,0,0,0,1
2,buggy_440xf3db7146fac029cc363ffd20cd16449ee382445e_ERC20_decimals,train,0,0,0,0,0,0,1
2,buggy_400x4fa3ecf14b8c66215b5e9110d5a13da8f71c5e60_SafeMath_div,train,0,0,0,0,0,0,1
2,buggy_110xb4450f8048dd4eaa6e24b6fdb4f8328b22b61bef_SafeMath_mod,train,0,0,1,0,0,0,0
2,access_control__buggy_45,train,1,0,0,0,0,0,0
2,0xc8fcc48d1454a83589169294470549a2e1713dec,train,0,0,0,0,0,0,0
2,buggy_380x30c1c05b57c9f055f11f99d2d575336abe0a76c7_Owned_acceptOwnership,train,0,1,0,0,0,0,0
2,wallet_02_refund_nosub0x89c922de9900170d7a95e377665366613d5a718e_SafeERC20_safeTransferFrom,train,1,0,0,0,0,0,0
2,buggy_440x794d1d86685d45f9297c2fe80f295aa7f8285bb4_PALSToken_allowance,train,0,0,0,0,1,0,0
2,0x0785d6edc7c7a19cbcc5fb56a406b1351fc907dc,train,0,0,0,0,0,0,0
2,buggy_280x75d4f44f7a24f4103f21dbab81d62befa78e2505_SafeMath_safeDiv,train,0,0,0,1,0,0,0
2,buggy_200x5d64170c575be26c16008d49abe98ede2ec199af_SafeMath_safeDiv,train,0,0,0,0,0,1,0
2,reentrancy__buggy_21,train,0,0,0,0,1,0,0
2,0xff02b17386f94da201cff84a6a7482ec2c452ef3,train,0,0,0,0,0,0,0
2,buggy_440x3db60827d65909778ce990a5477fcc6d534ec785_ERC20_balanceOf,train,0,0,0,1,0,0,0
2,reentrancy__buggy_35,train,0,0,0,0,1,0,0
2,buggy_260x94d72c6394b32886e6e2afec9865d492f2c23346_Klixio_,train,0,1,0,0,0,0,0
2,0x366cf49c6bc3986b20ecf4fd7c05f0c617332e8c,train,0,0,0,0,0,0,0
2,buggy_40x3feeca6f6d6c498cd72fa1c83fdf6fccecabbdcf_SafeMath_mod,train,1,0,0,0,0,0,0
2,0xa2dbb4808d9ec74dc548cae39d3660e57f189840,train,0,0,0,0,0,0,0
2,0x908262de0366e42d029b0518d5276762c92b21e1,train,0,0,0,0,0,0,0
2,time_manipulation__buggy_50,train,0,0,0,0,0,1,0
2,buggy_380xe26d6d83d8607ab016e3f8a5b00d91b0c9731840_PetTokenSupply_,train,0,1,0,0,0,0,0
2,0x7fecab617c868bb5996d99d95200d2fa708218e4,train,0,0,0,0,0,0,0
2,0x2972d548497286d18e92b5fa1f8f9139e5653fd20x73fadd839ccc9097bbcc87e1f9af56157bc47dde_SafeMath_div,train,0,0,0,0,0,0,1
2,buggy_40xc350e846e2c57f9eece90febc253d14c8080871b_SafeMath_mod,train,0,0,0,0,0,0,1
2,0x4a66ad0bca2d700f11e1f2fc2c106f7d3264504c0xcd5070939c1310249c034bd8eae42c0f0dfe327f_SvelteyCoin_allowance,train,0,0,0,0,0,0,1
2,0x06652f356e52681c07d1338bd13b2d80820a9286,train,0,0,0,0,0,0,0
2,arithmetic__buggy_39,train,0,1,0,0,0,0,0
2,buggy_280x6b9d46a223ffa343f8b14d855a8314b0eff7fcb7_FormSI060719_balanceOf,train,0,0,0,1,0,0,0
2,simple_dao0x83b9d34d75f1d09bd6fc88fc7c2bbb5adaa355f6_SafeMath_mul,train,0,0,0,0,1,0,0
2,dos__buggy_16,train,0,0,1,0,0,0,0
2,0xa63c7c107dd5a74fd81a711cbe4b20007bc73a6a,train,0,0,0,0,0,0,0
2,buggy_30xe0cf47de7cefffd753a3fb95170dc5a4c018e3f5_AbstractToken_,train,0,0,0,1,0,0,0
2,0x98b89a9947a668c1baa48382de7f4a952ef37b53,train,0,0,0,0,0,0,0
2,buggy_270x9e92ead7ea826c174cd6a05d172375db60df188d_RadToken_,train,0,0,0,0,0,0,1
2,buggy_280xa7f1863212762d6b6f7b958b46a21ba9e4818422_Bitwin_,train,0,0,0,1,0,0,0
2,buggy_280x54a217897273a50fb646c1cfc057d8abbf3433de_SafeMath_mod,train,0,0,0,0,0,0,1
2,front_running__buggy_43,train,0,0,0,1,0,0,0
2,access_control__buggy_20,train,1,0,0,0,0,0,0
2,0xd5967fed03e85d1cce44cab284695b41bc675b5c0x580f18c090914eb9edbb3d6a810c9789a91c7ba4_Caller_setEmitter,train,0,0,0,0,0,0,1
2,buggy_110x2781246fe707bb15cee3e5ea354e2154a2877b16_ERC20_balanceOf,train,0,0,0,0,0,0,1
2,buggy_40x25727ae7907f26c0a2e3c9fe36f2eba6ea67fd73_SafeMath_div,train,0,0,0,1,0,0,0
2,buggy_140xb705268213d593b8fd88d3fdeff93aff5cbdcfae_SafeMath_div,train,0,0,0,0,0,0,1
2,arithmetic__buggy_5,train,0,1,0,0,0,0,0
2,0xf1f64f6b8e17dd68c1db10b0eed3d2541a6c09ab,train,0,0,0,0,0,0,0
2,buggy_280x69b405d404fdacab21909cffafee7f02c106e9dd_PinToken_allowance,train,0,0,1,0,0,0,0
2,buggy_30x6ee10c4c566166135c8de574ce63f583afc6d2b2_SafeMath_mul,train,0,0,1,0,0,0,0
2,buggy_40x0cab2d4f3804de20facb7ae095d68b339e32732a_InGRedientToken_allowance,train,1,0,0,0,0,0,0
2,buggy_440x54a217897273a50fb646c1cfc057d8abbf3433de_ERC20_balanceOf,train,0,0,0,0,1,0,0
2,0xb7c5c5aa4d42967efe906e1b66cb8df9cebf04f70x07c344edd719a356775e1fbd852c63dc46167b76_SafeMath_div,train,0,0,0,0,0,0,1
2,buggy_380x88f12e1b380aad1d21c80ac48a0a87a02ccc0de9_Math_max64,train,0,1,0,0,0,0,0
2,proxy0xd90dd9aeff7a347112dd07a892a52dd2d5627877_SafeMath_div,train,1,0,0,0,0,0,0
2,0x0cbe050f75bc8f8c2d6c0d249fea125fd6e1acc90xe9e4afe548256ba90ee7d63f24eac11250f67450_EtherealId_IsActive,train,0,0,0,0,0,0,1
2,integer_overflow_benign_1,train,0,1,0,0,0,0,0
2,0xf2570186500a46986f3139f65afedc2afe4f445d0x091f601d7b6c0c8073d075a1847bafc6872559a4_Clue_totalSupply,train,0,0,0,0,0,0,1
2,buggy_30x6556d2ec4d96da39cf75cbe50d58fae90079800a_ERC20_balanceOf,train,0,0,0,0,0,0,1
2,auction0x07c34e089868da9fa16f505122f6e14680fd5ae4_Utils_safeDiv,train,0,0,1,0,0,0,0
2,buggy_30xe0cf1a976503b6e27250d710f7097c004b9a706b_QTMTotal_totalSupply,train,0,0,0,0,0,0,1
2,buggy_400x06a6fc23e6ec8a2b2aeeefd70d772dc3d6b45010_Owned_acceptOwnership,train,1,0,0,0,0,0,0
2,buggy_280x6ee10c4c566166135c8de574ce63f583afc6d2b2_TransferAndPause_transferAndPauseEnabled,train,0,0,0,0,1,0,0
2,front_running__buggy_33,train,0,0,0,1,0,0,0
2,lottopollo0xbdee7cf88eefb3451f25be656c3c18d3bcf0e3b1_SafeMath_mod,train,0,0,0,0,0,1,0
2,buggy_320xe75ece96b0922803faa31cc9c043cc9481d83ebd_SafeMath_mul,train,1,0,0,0,0,0,0
2,0xc964e81349f3030c0f4bcf3c66d90bdc69d05122,train,0,0,0,0,0,0,0
2,buggy_430x57652fc91f522f9eff0b38cdf1d51f5fb5764215_ERC20_balanceOf,train,0,0,0,1,0,0,0
2,buggy_20x07843efd5be9ed17074b36f84bd42a907c2c2239_ERC20_balanceOf,train,1,0,0,0,0,0,0
2,buggy_20x2f7e7e8029e1c4d4280122fe74f7453bee0ddee1_ICashToken_transferAnyERC20Token,train,1,0,0,0,0,0,0
2,0xdad59fd8b366a5536c014da9eb81d19ec9953920,train,0,0,0,0,0,0,0
2,uncheck__buggy_34,train,0,0,0,0,0,0,1
2,buggy_30x01b03903a1660ae507ddbb6224e478bce176c275_SafeMath_div,train,0,1,0,0,0,0,0
2,integer_overflow_minimal0x14eae1322abcadf490bc6ebd6a821a86373e20c4_BasicToken_totalSupply,train,0,1,0,0,0,0,0
2,buggy_230xe968ad47b1c071ea3905ef982833552a495d6213_SafeMath_mod,train,1,0,0,0,0,0,0
2,0x421411d3c9fa36ecbcbd846be352ae93a8e23642,train,0,0,0,0,0,0,0
2,buggy_140x77cf2198b76036807361db84aac6d2325281e433_Owned_acceptOwnership,train,0,0,0,0,0,0,1
2,0x4a66ad0bca2d700f11e1f2fc2c106f7d3264504c0x836663ddf0b2880314cd3d503508dd97b7fbeeea_CyberShekel_allowance,train,0,0,0,0,0,0,1
2,0x0cbe050f75bc8f8c2d6c0d249fea125fd6e1acc90x28323c7ac931c12425973800fc26854e486da9b0_PriceCalculator_PriceCalculator,train,0,0,0,0,0,0,1
2,dos__buggy_44,train,0,0,1,0,0,0,0
2,buggy_280x49e50851231706480ef532844babd18a9c19ebef_Owned_acceptOwnership,train,1,0,0,0,0,0,0
2,governmental_survey,train,0,0,0,0,0,1,0
2,token0xbd60d6db0b4fbfa01e4ee1c69a8d1510638f0deb_Nickelcoin_balanceOf,train,0,1,0,0,0,0,0
2,0x688dde13bd594a9030feefe6fa39cb353b7351c7,train,0,0,0,0,0,0,0
2,0xd78b6bd09cd28a83cfb21afa0da95c685a6bb0b1,train,0,0,0,0,0,0,0
2,buggy_380x309a758f5f33bd4418876b32d38c8d15c59c7799_SafeMath_mul,train,0,1,0,0,0,0,0
2,dos__buggy_48,train,0,0,1,0,0,0,0
2,reentrancy__buggy_34,train,0,0,0,0,1,0,0
2,reentrancy_simple0x1beb353fa1e215457ff16fceec07f7eab9f06565_EscrowWallet_Decline,train,0,0,0,0,1,0,0
2,reentrancy__buggy_39,train,0,0,0,0,1,0,0
2,uncheck__buggy_240x36aa67777b842a4b5670067634ed5ad9365759ee_FixedSupplyToken_allowance,train,0,0,0,0,0,0,1
2,0x81385b32393df2b940f77e06334a548f7d61b9b7,train,0,0,0,0,0,0,0
2,buggy_40xcfe17aebf83381a651ceed832767ae7bab7b4055_SafeMath_div,train,0,1,0,0,0,0,0
2,buggy_260x57ffa14de96e7a761750fdf41c9496214a6dca2a_SafeMath_mul,train,1,0,0,0,0,0,0
2,0xdf6d916f89936d67543998e03db40d79870be41e,train,0,0,0,0,0,0,0
2,reentrancy__buggy_50,train,0,0,0,0,1,0,0
2,integer_overflow_mapping_sym_10x6669c10955f8f3a64025ae9793b9a92e777d628d_SafeMath_sub,train,0,1,0,0,0,0,0
2,front_running__buggy_11,train,0,0,0,1,0,0,0
2,buggy_230x095d7847945c6a496cad77bff0687a1bf367ec4a_SafeMath_mul,train,1,0,0,0,0,0,0
2,integer_overflow_add0x4c39828c426ca8128ed4cbc733bf3a9934a87288_SafeMath_safeDiv,train,0,1,0,0,0,0,0
2,reentrancy__buggy_18,train,0,0,0,0,1,0,0
2,access_control__buggy_17,train,1,0,0,0,0,0,0
2,buggy_440x831b1cf1387c388ed8eae955e895d90b2adb2244_SafeMath_mod,train,0,1,0,0,0,0,0
2,buggy_430x8da10d1d4e03cd2459ebafb91439a9eba1cef42e_SafeMath_safeMul,train,0,0,0,1,0,0,0
2,buggy_10x4333defa1bf3b49246666d1dea395f98e816a032_ERC20_balanceOf,train,0,0,0,0,0,1,0
2,0x0234ae8f8e5a5aeccff9f633aa8d81aa17677ed0,train,0,0,0,0,0,0,0
2,buggy_440x09a8501e22da800cb7a482fc5e2bf32c90a55995_SafeMath_safeDiv,train,0,1,0,0,0,0,0
2,0x89c1b3807d4c67df034fffb62f3509561218d30b,train,0,0,0,0,0,0,1
2,timed_crowdsale,train,0,0,0,0,0,1,0
2,0x0cbe050f75bc8f8c2d6c0d249fea125fd6e1acc90x6f6f03c58beddb31a62a2f7830afad97414277d1_ERC20Detailed_decimals,train,0,0,0,0,0,0,1
2,0x06ea256d8a2112aff4f700407e254bae8921811d,train,0,0,0,0,0,0,0
2,front_running__buggy_20,train,0,0,0,1,0,0,0
2,0xdc3f9f3301194139e9398967547ca3b6322a34cd,train,0,0,0,0,0,0,0
2,buggy_270x7eedfa6a5e958d0c3565a2ebdc89f0ec6fc8be94_JQToken_allowance,train,0,1,0,0,0,0,0
2,buggy_30xfe60cef62294f4efb43ab65b47558113cbe19fbc_ERC20Detailed_decimals,train,0,0,0,0,0,1,0
2,reentrancy__buggy_2,train,0,0,0,0,1,0,0
2,buggy_380x198482924b5ed2c8dd5a0c824fcd618c6b49e6e8_Owned_acceptOwnership,train,0,0,1,0,0,0,0
2,0xebed6da3e9355f1aa402f976c054db7bc16be7e0,train,0,0,0,0,0,0,0
2,uncheck__buggy_44,train,0,0,0,0,0,0,1
2,buggy_380x9272fd58aba57f4b73049d719abc9053cebfa679_SafeMath_div,train,0,0,1,0,0,0,0
2,uncheck__buggy_32,train,0,0,0,0,0,0,1
2,buggy_40xf5a065ceab7838a5703443deb240b3e21cd2b91b_SafeMath_div,train,0,0,0,0,1,0,0
2,buggy_260x8fc918368f312ba045495fe67e133a43c67b4bab_BasicToken_balanceOf,train,0,0,0,0,0,0,1
2,buggy_230xff02b17386f94da201cff84a6a7482ec2c452ef3_SafeMath_mod,train,0,0,1,0,0,0,0
2,time_manipulation__buggy_280xf8d1254fc324d2e75a5a37f5bd4ca34a20ef460d_StandardToken_allowance,train,0,0,0,0,0,1,0
2,buggy_270x85d960d4a22c1da47e9f1272ee02f5d023b562fe_SafeMath_mod,train,0,1,0,0,0,0,0
2,buggy_140xb70e23a235eb97a5397261be9a85de73eba212c1_SafeMath_div,train,0,0,0,0,0,1,0
2,timelock0x081528cdadfca02b74dae6547d04d391c9a698fb_test_transfer,train,0,1,0,0,0,0,0
2,buggy_430x75c7626e1903bba8c1e429d6db5ea26600c6a248_AbstractToken_,train,0,1,0,0,0,0,0
2,buggy_30x73b774ff2e2bbad413a37db5ea87cdf736b71ef6_BasicToken_totalSupply,train,0,0,0,0,0,1,0
2,buggy_40x35b26197ba05fca755e7ff44253bbfa036fee5b4_SafeMath_mod,train,0,1,0,0,0,0,0
2,lottopollo0x9fbd51ed85412ed7b5d0f12ebd29fa03d767de11_SafeMath_mul,train,0,0,0,0,0,1,0
2,buggy_380x1abaa2aa88eded26223a273c291120e635c47f40_Pausable_paused,train,0,0,1,0,0,0,0
2,buggy_400xde960de55c59c3fd139c792564329523531f1e18_SafeMath_div,train,0,0,1,0,0,0,0
2,0xf2570186500a46986f3139f65afedc2afe4f445d0x77bfd55f422b6978a1a21de65f8a13a1b58fa766_BasicToken_balanceOf,train,0,0,0,0,0,0,1
2,buggy_10xbf952ed8472a47cc6b5119cde96565553c187c30_Ownable_Ownable,train,0,1,0,0,0,0,0
2,0x5aa88d2901c68fda244f1d0584400368d2c8e739,train,0,0,0,0,0,0,1
2,time_manipulation__buggy_15,train,0,0,0,0,0,1,0
2,0x2891c6722aace803f62d5d32f975507d3af6eed0,train,0,0,0,0,0,0,0
2,odds_and_evens0xa6fd6f9b44127dbdc02fa1712fbedd21d14b4f20_SafeMath_mul,train,0,0,0,1,0,0,0
2,buggy_140x133db2e37d8676e425eca72d3ffc3b97855d31d3_SafeMath_max256,train,0,1,0,0,0,0,0
2,buggy_20x488706a24af724795b9a011fc7245d363afe0f2c_SafeMath_div,train,0,0,0,0,0,0,1
2,0xf29ebe930a539a60279ace72c707cba851a577070xc9d86e341a68c788e4583ea7944b677f49113127_BasicToken_balanceOf,train,0,0,0,0,0,0,1
2,mapping_write,train,1,0,0,0,0,0,0
2,0x171d750d42d661b62c277a6b486adb82348c3eca,train,0,0,0,0,0,0,0
2,0xbb2ac7e354c2b95ffa58ede51832a443129bb51f,train,0,0,0,0,0,0,0
2,buggy_40xba50933c268f567bdc86e1ac131be072c6b0b71a_Ownable_owner,train,0,0,0,1,0,0,0
2,buggy_30x349c14bca4e70d5ea4a4c08e7cffce51708b4887_SafeMath_mul,train,0,0,0,1,0,0,0
2,0x1c3042baa90d995ea85c19d8a494218fe5c48e72,train,0,0,0,0,0,0,0
2,buggy_430xe0cf1a976503b6e27250d710f7097c004b9a706b_SafeMath_mul,train,0,1,0,0,0,0,0
2,reentrancy__buggy_11,train,0,0,0,0,1,0,0
2,proxy,train,1,0,0,0,0,0,0
2,buggy_380xaa945de5ad972ba494f2ed20c21c54656cbcc276_FixedSupplyToken_allowance,train,0,0,0,1,0,0,0
2,buggy_40x133db2e37d8676e425eca72d3ffc3b97855d31d3_SafeMath_mul,train,0,0,0,0,0,0,1
2,front_running__buggy_39,train,0,0,0,1,0,0,0
2,buggy_400x44f903884941b591ba1359d62c4cd04f3feb2235_SafeMath_div,train,0,0,0,1,0,0,0
2,buggy_20x61b2d3ea9f1c6b387c985c73d40e8fbfb284e5c7_RC20_totalSupply,train,1,0,0,0,0,0,0
2,insecure_transfer0xacac2019b9c3b100ed78a61208dcb64db4a60e44_Ownable_owner,train,0,1,0,0,0,0,0
2,0x3c4cc9858e7cc842ae7663bd3b6559fa343d46a1,train,0,0,0,0,0,0,0
2,dos__buggy_11,train,0,0,1,0,0,0,0
2,buggy_20x75c7626e1903bba8c1e429d6db5ea26600c6a248_SafeMath_mul,train,0,0,1,0,0,0,0
2,buggy_380xd47a07070bd8a670407038941318783cf2070a1e_SafeMath_mod,train,0,0,0,1,0,0,0
2,0x0cbe050f75bc8f8c2d6c0d249fea125fd6e1acc90x6dc05497f0b087c7692816e6acaa8bdda73907fc_ERC20_totalSupply,train,0,0,0,0,0,0,1
2,token0x8c7f97965f6811e5f1e839ef23d38d2ecd86a445_CrabFarm_getMyCrabs,train,0,1,0,0,0,0,0
2,0x0b54c811cd4fd4d27c2ff0061c3831427d89b73c,train,0,0,0,0,0,0,0
2,buggy_270x3e159b739864768ecc80945670d3292d9c5bb14e_Owned_acceptOwnership,train,1,0,0,0,0,0,0
2,buggy_20xd823721f953c2b8b745db8f1d4c652433e528037_Bussiness_,train,0,0,1,0,0,0,0
2,0x44e9ab4a3af1ccc8c1cfce6fc7d3e650373fc507,train,0,0,0,0,0,0,0
2,buggy_110xebb82eabbb699cedf7e72f316ec0e0f3fd1c3859_SafeMath_mul,train,0,0,0,0,0,0,1
2,buggy_380xa5034d01bb9e14bdd2d59f645a40c4b1ba40545c_SafeMath_mul,train,0,1,0,0,0,0,0
2,reentrancy_simple0xc4bcd64cb216d49fd3c643a32762f34626b45a1a_CosmoCoin_CosmoCoin,train,0,0,0,0,1,0,0
2,front_running__buggy_26,train,0,0,0,1,0,0,0
2,time_manipulation__buggy_32,train,0,0,0,0,0,1,0
2,0xd5967fed03e85d1cce44cab284695b41bc675b5c0xd90dd9aeff7a347112dd07a892a52dd2d5627877_SafeMath_mod,train,0,0,0,0,0,0,1
2,buggy_30x190690cbd9491cdca7bbe8ff9474e1102412b330_SafeMath_safeMul,train,0,1,0,0,0,0,0
2,buggy_400x347038bab5c32e619d3d3aaeb05d408afc1671a9_Ownable_owner,train,0,0,0,1,0,0,0
2,0xb55283fb3a40ecdc33e32caeb8e56ed8cdbb31be,train,0,0,0,0,0,0,0
2,0x6b9d46a223ffa343f8b14d855a8314b0eff7fcb7,train,0,0,0,0,0,0,0
2,buggy_440x39f5be9f4b18830c9bb17cfdb045a4724c3d3b28_MCCIT_totalSupply,train,0,0,0,0,1,0,0
2,0x6ebcab35ae8d2999e04742695b70f8d2e8c0f0e6,train,0,0,0,0,0,0,0
2,reentrancy_simple0x416768387836bd8715d127ef9065975325cfad14_GoTDragonFarm_getBalance,train,0,0,0,0,1,0,0
2,0x524960d55174d912768678d8c606b4d50b79d7b10x1822126feedb4c7d61eecdbe3682fe61e91383d6_ERC20_balanceOf,train,0,0,0,0,0,0,1
2,front_running__buggy_2,train,0,0,0,1,0,0,0
2,0x4927643162fe6d18c7f046b3d155d8da0eee80e8,train,0,0,0,0,0,0,0
2,buggy_190xcb7156fcc5eb8612cb3856b4f716e938ba761c94_SafeMath_mul,train,0,0,0,0,0,0,1
2,buggy_260x685bd934b371f2ee4894225064d937a57fb03974_SafeMath_mul,train,0,0,0,0,1,0,0
2,buggy_400x535960f316117a9941ea37b06393b81341a17421_SafeMath_safeDiv,train,0,0,1,0,0,0,0
2,0x787f552bdc17332c98aa360748884513e3cb401a,train,0,0,0,0,0,0,0
2,0x0cbe050f75bc8f8c2d6c0d249fea125fd6e1acc90xed943d75b2ff94d76f4eda892513255ef841261c_Ownable_Ownable,train,0,0,0,0,0,0,1
2,dos__buggy_32,train,0,0,1,0,0,0,0
2,uncheck__buggy_19,train,0,0,0,0,0,0,1
2,eth_tx_order_dependence_minimal0x77bfd55f422b6978a1a21de65f8a13a1b58fa766_BasicToken_balanceOf,train,0,0,0,1,0,0,0
2,0xdcc27bbaa14cafd8a6aeb847e1b01c5dffb70935,train,0,0,0,0,0,0,0
2,0x1748149ea200a9d1db395bf744f5266c97988637,train,0,0,0,0,0,0,0
2,buggy_430x697fc9371a33a98078543b777ca7d5c8009d6d0b_Math_min64,train,0,0,1,0,0,0,0
2,arithmetic__buggy_23,train,0,1,0,0,0,0,0
2,buggy_110xd0000bea72c7eaa3d5086967a982503104113c24_Owned_acceptOwnership,train,0,1,0,0,0,0,0
2,0xb7d9372dbcedffd7b58a15516e0b156204b764a8,train,0,0,0,0,0,0,0
2,buggy_40x193408ca0576b73156ed42a2ea7d6fd3f6507162_INFS_totalSupply,train,0,1,0,0,0,0,0
2,buggy_40x2c72ee35637cb6df00f8c07595b564a05f667006_SafeMath_mul,train,0,0,1,0,0,0,0
2,simple_dao0xb613aa71ce4630e955548a61d089617e8e2f509a_SafeMath_div,train,0,0,0,0,1,0,0
2,buggy_220x349c14bca4e70d5ea4a4c08e7cffce51708b4887_ERC20Detailed_decimals,train,0,0,0,1,0,0,0
2,buggy_320xe0cf47de7cefffd753a3fb95170dc5a4c018e3f5_SafeMath_safeDiv,train,0,1,0,0,0,0,0
2,buggy_400x6b9d46a223ffa343f8b14d855a8314b0eff7fcb7_SafeMath_mul,train,0,0,0,1,0,0,0
2,buggy_40x6556d2ec4d96da39cf75cbe50d58fae90079800a_SafeMath_mod,train,0,0,0,0,1,0,0
2,buggy_140xd3bd3c8fb11429b0deee5301e72b66fba29782c0_ICO_,train,1,0,0,0,0,0,0
2,buggy_110x964d0cb400ecc4cf5740adf718244c9ed04c5ce1_ERC20_balanceOf,train,1,0,0,0,0,0,0
2,simple_dao0x79c1fdaba012b9a094c495a86ce5c6199cf86368_Ownable_Ownable,train,0,0,0,0,1,0,0
2,buggy_270x88f12e1b380aad1d21c80ac48a0a87a02ccc0de9_SafeMath_div,train,0,0,0,0,0,0,1
2,0x8b5cf2db3564bb1e556b4f177047fd72934bb231,train,0,0,0,0,0,0,0
2,buggy_20x30feb5f9b9371146a63965bebbf1e2c90e5fdb0e_TokenERC20_transfer,train,1,0,0,0,0,0,0
2,reentrance0x5e2cdfaaa35273bb4c1ca9c3c8f335af1b1bf4b7_ERC20_totalSupply,train,0,0,0,0,1,0,0
2,access_control__buggy_23,train,1,0,0,0,0,0,0
2,0xe463d1ee18bcbce681215d15738018eadaa82260,train,0,0,0,0,0,0,0
2,buggy_150xdf22da9a8c1d80095175ae601d182a734923f01a_AbstractToken_,train,0,1,0,0,0,0,0
2,0x2822f6d1b2f41f93f33d937bc7d84a8dfa4f4c21,train,0,0,0,0,0,0,0
2,0x4a66ad0bca2d700f11e1f2fc2c106f7d3264504c0x9212d24bcfb04ea8d416010f2c91d7c0f1f9eb77_Ownable_owner,train,0,0,0,0,0,0,1
2,time_manipulation__buggy_4,train,0,0,0,0,0,1,0
2,buggy_240x746dda2ea243400d5a63e0700f190ab79f06489e_SafeMath_div,train,1,0,0,0,0,0,0
2,buggy_240x0622d8ec245f14d6ac137989fb842fb68ab6d837_SafeMath_mod,train,0,0,0,1,0,0,0
2,buggy_400x230bd39c5fb6da9086596ec8c347f5d4a666ec06_SafeMath_safeDiv,train,1,0,0,0,0,0,0
2,tokensalechallenge0xf5d714d9cd577b7daf83f84aea37a1eb0787e7ad_BasicToken_totalSupply,train,0,1,0,0,0,0,0
2,0xef1344bdf80bef3ff4428d8becec3eea4a2cf574,train,0,0,0,0,0,0,0
2,time_manipulation__buggy_1,train,0,0,0,0,0,1,0
2,mishandled0xa5e5916a380fea1e633df88d7b5e1835a85b8262_BrewerscoinToken_allowance,train,0,0,0,0,0,0,1
2,front_running__buggy_19,train,0,0,0,1,0,0,0
2,buggy_230x034f8165470b0a26b8daac1c3cd1cc6156e8294d_Owned_acceptOwnership,train,0,1,0,0,0,0,0
2,buggy_280x57ffa14de96e7a761750fdf41c9496214a6dca2a_SafeMath_div,train,0,1,0,0,0,0,0
2,buggy_440xe65ee7c03bbb3c950cfd4895c24989afa233ef01_FixedSupplyBurnableToken_balanceOf,train,0,0,0,1,0,0,0
2,0xd6e33c11cff866162787b7198030aac101a61f29,train,0,0,0,0,0,0,0
2,buggy_400xfa2d6cd0410f9656612fd837692d6a4921946f1b_Ownable_owner,train,0,0,0,0,0,0,1
2,integer_overflow_minimal0xbe6b696607afe72f2cb7a47b0fbdb32c5e5f073c_safemath_div,train,0,1,0,0,0,0,0
2,0x9cb79101f795287585843d71c1b0a33a0724c2bb,train,0,0,0,0,0,0,0
2,overflow_single_tx,train,0,1,0,0,0,0,0
2,dos__buggy_17,train,0,0,1,0,0,0,0
2,buggy_400x6ebcab35ae8d2999e04742695b70f8d2e8c0f0e6_Pausable_paused,train,1,0,0,0,0,0,0
2,buggy_110x8a5b23b095e7ed34c2a7acbb2fa9e686298614f8_SafeMath_safeDiv,train,0,1,0,0,0,0,0
2,buggy_30xb4450f8048dd4eaa6e24b6fdb4f8328b22b61bef_ERC20_balanceOf,train,0,0,0,0,1,0,0
2,0x2c8826775fb4d5c883fba7c2ffa0ef0854dd9529,train,0,0,0,0,0,0,0
2,0xcf1f116947ba657dcc9fbab294d2d8cd4b12c362,train,0,0,0,0,0,0,0
2,buggy_10x6b05fb952c2c986c2e005d29e33dbc48d07b7577_SafeMath_safeDiv,train,0,0,0,0,0,0,1
2,buggy_270xf9c27de474cce832fad75107853b78838888ac11_Ownable_owner,train,0,0,0,0,0,0,1
2,dos_address,train,0,0,1,0,0,0,0
2,buggy_260x18ae6bc100ac9ef701c14562e1b812393a86a8e8_InGRedientToken_,train,0,1,0,0,0,0,0
2,buggy_380x0cab2d4f3804de20facb7ae095d68b339e32732a_InGRedientToken_allowance,train,0,0,0,0,0,0,1
2,buggy_230xe25789d1b6f8eed8e421ba6aa9a8c2416efcc229_SafeMath_safeDiv,train,0,0,0,1,0,0,0
2,buggy_30x535960f316117a9941ea37b06393b81341a17421_ETM_totalSupply,train,0,0,0,1,0,0,0
2,buggy_430xcf640abc9f61c5b755a2706b56f9b1da8517412d_ERC20_balanceOf,train,0,0,1,0,0,0,0
2,0x0cbe050f75bc8f8c2d6c0d249fea125fd6e1acc9,train,0,0,0,0,0,0,1
2,buggy_110x46cc7ec70746f4cbd56ce5fa9bb7d648398eaa5c_REALT_totalSupply,train,0,0,0,1,0,0,0
2,arithmetic__buggy_33,train,0,1,0,0,0,0,0
2,uncheck__buggy_35,train,0,0,0,0,0,0,1
2,buggy_380x794d1d86685d45f9297c2fe80f295aa7f8285bb4_SafeMath_div,train,0,0,0,0,0,1,0
2,0xfa569aa11509e62e9b5ad5125e5f2bb2f4a7dd07,train,0,0,0,0,0,0,0
2,0xb11b2fed6c9354f7aa2f658d3b4d7b31d8a13b770xe9813b3ac3fd938d21e47d10987f58914e6ff1fd_ImTokenCardBack_mint,train,0,0,0,0,0,0,1
2,buggy_440x17070be71f8082767509aa4552e0ded11bd667ec_Pausable_paused,train,0,0,0,0,1,0,0
2,0x21b28d89aa81e4543fb700f8bbee909cd9e9d5db,train,0,0,0,0,0,0,0
2,buggy_230x0ef987c2be871851176e46b098083b8f0fef4c17_SafeMath_mul,train,0,0,1,0,0,0,0
2,0x7c62787ffc3f49e7897dab3d0efc11606ae41f08,train,0,0,0,0,0,0,0
2,0x0da9326d7da81f8b19a8ec2d3255ab7076768c2d,train,0,0,0,0,0,0,0
2,0x0675daa94725a528b05a3a88635c03ea964bfa7e,train,0,0,0,0,0,0,0
2,simple_suicide0xb8ee28585a0b029923f396be0d7e82719e42360f_SafeMathLibExt_minus,train,1,0,0,0,0,0,0
2,buggy_240x65430ce5c77dd3ef0551f12be20b92567854af6b_SafeMath_div,train,1,0,0,0,0,0,0
2,0x806a6bd219f162442d992bdc4ee6eba1f2c5a707,train,0,0,0,0,0,0,1
2,buggy_380xa368d5a0dc530fe48883e742b817164ba6d91c4e_Pausable_addDistributionContract,train,0,0,0,0,0,0,1
2,buggy_190xc60db0775bcad8bfe243ac53d06b66061518e372_Ownable_owner,train,0,0,0,0,1,0,0
2,multiowned_vulnerable,train,1,0,0,0,0,0,0
2,buggy_110x46feaa16561d5ddb0ffaefe0324adfbaf7a6de0f_ERC20_balanceOf,train,0,0,1,0,0,0,0
2,access_control__buggy_26,train,1,0,0,0,0,0,0
2,buggy_190xafa9ec5eddaa50db06e8ed2c680ac6c81a32e9b7_ERC20_totalSupply,train,1,0,0,0,0,0,0
2,reentrancy__buggy_23,train,0,0,0,0,1,0,0
2,0xe0d62ad40082d615703913a48b9b3914f5b56d57,train,0,0,0,0,0,0,0
2,reentrancy_dao0x7d6d887c4078e6634102329f41725d21c0756aae_ZoologicalGarden_allowance,train,0,0,0,0,1,0,0
2,buggy_380x13cb835c47782dad075ce7faa1f8439b548b712d_Owned_acceptOwnership,train,0,0,1,0,0,0,0
2,etherbank0xa77cf14e0bda66f94873498ed15e1eaf183d2fd0_EtherCartel_getFreeShrimp,train,0,0,0,0,1,0,0
2,buggy_10x3b7394e62f675993a0e3de45acf7d22c3ea54f1e_SafeMath_mod,train,0,1,0,0,0,0,0
2,buggy_110x68f8b2e7b1a5841724e614758a56ade0482f077e_ERC20PartialLock_lockedOf,train,0,0,1,0,0,0,0
2,0x75d884981d814d676b4b6930038ee9887129b639,train,0,0,0,0,0,0,0
2,0xb11b2fed6c9354f7aa2f658d3b4d7b31d8a13b77,train,0,0,0,0,0,0,1
2,buggy_440x61b2d3ea9f1c6b387c985c73d40e8fbfb284e5c7_SafeMath_div,train,1,0,0,0,0,0,0
2,dos__buggy_29,train,0,0,1,0,0,0,0
2,0xfd5fcd146b75aa62262ff80b27e961442ec7c574,train,0,0,0,0,0,0,0
2,buggy_440x44e9ab4a3af1ccc8c1cfce6fc7d3e650373fc507_ERC20Detailed_decimals,train,0,1,0,0,0,0,0
2,buggy_10x9212d24bcfb04ea8d416010f2c91d7c0f1f9eb77_Ownable_owner,train,0,0,0,0,0,0,1
2,0x610495793564aed0f9c7fc48dc4c7c9151d34fd60xf8edd282fe8d781a941176acf61a78434f5227b8_SafeMath_safeDiv,train,0,0,0,0,0,0,1
2,buggy_280x73b774ff2e2bbad413a37db5ea87cdf736b71ef6_BasicToken_balanceOf,train,0,0,0,0,1,0,0
2,buggy_30x6e2fe65d96ed63aaca9e475f6f251d4232c3842c_ERC20Capped_cap,train,0,0,0,0,0,0,1
2,dos__buggy_33,train,0,0,1,0,0,0,0
2,buggy_140xc617d51e3a1f621da8ae67b2f652d6ac02eb8d95_SafeMath_safeMul,train,0,0,0,0,1,0,0
2,buggy_280xf8d142c7cd9b9d5abf6c449307de40adb8a17b38_SafeMath_mul,train,1,0,0,0,0,0,0
2,buggy_440xb58ce9456a52b6c53773e0c621a17b35d708a215_KittyBountiesAdmin_,train,0,0,0,1,0,0,0
2,0xb620cee6b52f96f3c6b253e6eea556aa2d214a99,train,0,0,0,0,0,0,1
2,buggy_40xecaa77aaa4055cabe643caadbe11b924a3afa478_SafeMath_mul,train,0,0,0,1,0,0,0
2,arithmetic__buggy_32,train,0,1,0,0,0,0,0
2,0x86343be63c60ce182d8b5ac6a84f0722d8d61ae5,train,0,0,0,0,0,0,0
2,0x0bbb4b90cb9176929e16f307bc1efa63867a8c6d,train,0,0,0,0,0,0,0
2,dos__buggy_22,train,0,0,1,0,0,0,0
2,0x4a66ad0bca2d700f11e1f2fc2c106f7d3264504c0x4824b7595175417b81dfc9350941bf3a35afe8f6_MyToken_transfer,train,0,0,0,0,0,0,1
2,reentrancy__buggy_33,train,0,0,0,0,1,0,0
2,buggy_110x1145b0c70dbba351c52a8d25db9c3dbe1aec08b5_SafeMath_mul,train,0,1,0,0,0,0,0
2,reentrancy__buggy_40,train,0,0,0,0,1,0,0
2,time_manipulation__buggy_25,train,0,0,0,0,0,1,0
2,arithmetic__buggy_27,train,0,1,0,0,0,0,0
2,0x2781246fe707bb15cee3e5ea354e2154a2877b16,train,0,0,0,0,0,0,0
2,integer_overflow_mapping_sym_10x081528cdadfca02b74dae6547d04d391c9a698fb_test_transfer,train,0,1,0,0,0,0,0
2,reentrancy__buggy_40xda9b16706b1891b298d2dd4da3998343fa7e5820_SafeMath_div,train,0,0,0,0,1,0,0
2,0xce0e76ba29f1a2baac3a62791d5cfa92f79910a0,train,0,0,0,0,0,0,0
2,0xf2570186500a46986f3139f65afedc2afe4f445d,train,0,0,0,0,0,0,1
2,0x5b7939811749068f6c3d7e689e396c66aad9854a,train,0,0,0,0,0,0,0
2,0x81171df8191b837eb73bdbefc573b2a3047b61ff,train,0,0,0,0,0,0,0
2,buggy_380xcaa05e82bdcba9e25cd1a3bf1afb790c1758943d_StandardToken_approve,train,0,0,1,0,0,0,0
2,buggy_430xe0cf1a976503b6e27250d710f7097c004b9a706b_QTMTotal_setOwner,train,0,1,0,0,0,0,0
2,reentrancy__buggy_28,train,0,0,0,0,1,0,0
2,buggy_380x697fc9371a33a98078543b777ca7d5c8009d6d0b_BasicToken_totalSupply,train,1,0,0,0,0,0,0
2,buggy_400xde0722169f3e94fa73e1b1ee1aa59b5a73b56bbd_HoloParkGamingToken_allowance,train,0,0,0,0,0,0,1
2,buggy_270x2c72ee35637cb6df00f8c07595b564a05f667006_SafeMath_div,train,0,1,0,0,0,0,0
2,buggy_260xb705268213d593b8fd88d3fdeff93aff5cbdcfae_SafeMath_mul,train,0,0,0,0,1,0,0
2,0x7906cdac57b29ef289c4887eb7811c2a641a2b75,train,0,0,0,0,0,0,0
2,integer_overflow_mul0x05112a2d23b817c6471d4f7981b26f1cecec25d3_ETHERCFeeModifiers_ETHERCFeeModifiers,train,0,1,0,0,0,0,0
2,reentrancy__buggy_45,train,0,0,0,0,1,0,0
2,mycontract,train,1,0,0,0,0,0,0
2,lotto0x1e3fe98d1c89865b6b819bbfd532dadab3b34d2d_SafeMath_mod,train,0,0,0,0,0,0,1
2,rubixi,train,1,0,0,0,0,0,0
2,buggy_170x75c7626e1903bba8c1e429d6db5ea26600c6a248_SafeMath_mul,train,0,0,0,1,0,0,0
2,buggy_280x0785d6edc7c7a19cbcc5fb56a406b1351fc907dc_SafeMath_mul,train,0,1,0,0,0,0,0
2,0xb62132e35a6c13ee1ee0f84dc5d40bad8d815206,train,0,0,0,0,0,0,0
2,0x0cbe050f75bc8f8c2d6c0d249fea125fd6e1acc90x8c7f97965f6811e5f1e839ef23d38d2ecd86a445_CrabFarm_getBalance,train,0,0,0,0,0,0,1
2,buggy_270xaffdbbbdd400bb780dea5307b39187d1e9edc1cc_SafeMath_mul,train,1,0,0,0,0,0,0
2,mishandled0x34d264fadcae674c4aaea6d795b4d1448feb038b_StandardToken_allowance,train,0,0,0,0,0,0,1
2,integer_overflow_multitx_multifunc_feasible,train,0,1,0,0,0,0,0
2,token0x5a33296b788f96337df7163ae79b551a935da73c_SafeERC20_safeTransferFrom,train,0,1,0,0,0,0,0
2,0x78c2a1e91b52bca4130b6ed9edd9fbcfd4671c37,train,0,0,0,0,0,0,1
2,simple_suicide0x55b4ad987c8129a6499160df47106e837c78a277_SafeMath_mod,train,1,0,0,0,0,0,0
2,buggy_260x616a74e4895bfe762da00b95877f25bef0d0d3c8_SafeMath_mul,train,1,0,0,0,0,0,0
2,buggy_190x97472ce862fc811ecbed9f3123e1dbf55fe40c9b_StandardToken_approve,train,0,0,0,1,0,0,0
2,buggy_240x01ff4933a07aa905be4a4242ba604b7fe65856d7_SafeMath_safeDiv,train,0,1,0,0,0,0,0
2,buggy_270xcb0ac19e629a237e2a865b9e2c8b2c534f129006_SafeMath_div,train,0,0,0,0,0,0,1
2,uncheck__buggy_45,train,0,0,0,0,0,0,1
2,buggy_190x72c638bd40961311faf25ee84d0ec89b3e10593c_ERC20Pistachio_balanceOf,train,1,0,0,0,0,0,0
2,0x524960d55174d912768678d8c606b4d50b79d7b10x2313f908beddcb07565cdb48354523981d3a01c2_ERC20Token_balanceOf,train,0,0,0,0,0,0,1
2,buggy_30xfa2d6cd0410f9656612fd837692d6a4921946f1b_ERC20_allowance,train,0,0,0,1,0,0,0
2,0x9e17d13b638fc9f0ca941d4fe1c3e4da827cece1,train,0,0,0,0,0,0,0
2,integer_overflow_10x676abde481967851b0c28e81bde8561e756d75e8_ModulumInvestorsWhitelist_ModulumInvestorsWhitelist,train,0,1,0,0,0,0,0
2,buggy_110xb705268213d593b8fd88d3fdeff93aff5cbdcfae_IDEX_decimals,train,0,0,0,0,0,0,1
2,reentrancy__buggy_38,train,0,0,0,0,1,0,0
2,reentrancy_dao0x325c96fa60eeb3a9f88bab75278b5ff18398c919_InvestorWhiteList_InvestorWhiteList,train,0,0,0,0,1,0,0
2,buggy_30x5edf5432c6dc5b42c9ec01fa9443c3ac89ca9686_SafeMath_div,train,0,0,0,0,1,0,0
2,buggy_110x6020da0f7c1857dbe4431ec92a15cc318d933eaa_Ownable_owner,train,0,0,0,0,1,0,0
2,0x3a306a399085f3460bbcb5b77015ab33806a10d5,train,0,0,0,0,0,0,0
2,buggy_190xff02b17386f94da201cff84a6a7482ec2c452ef3_ERC20_balanceOf,train,0,0,0,0,0,0,1
2,buggy_400x73b774ff2e2bbad413a37db5ea87cdf736b71ef6_SafeMath_div,train,1,0,0,0,0,0,0
2,0xdb1c55f6926e7d847ddf8678905ad871a68199d2,train,0,0,0,0,0,0,1
2,reentrancy_insecure,train,0,0,0,0,1,0,0
2,arithmetic__buggy_14,train,0,1,0,0,0,0,0
2,0x4b71ad9c1a84b9b643aa54fdd66e2dec96e8b1520xcf1f116947ba657dcc9fbab294d2d8cd4b12c362_database_get_presale_iconiq_arbits_per_ether,train,0,0,0,0,0,0,1
2,buggy_280x71065f5b5891c27ae5e48faa7000a7c1c3df7ff3_Prize_reveal,train,0,0,0,0,0,0,1
2,buggy_30x7cc444e71c36ef6c39374ce2f2912e3ff5babdcd_SafeMath_div,train,0,0,0,0,0,1,0
2,uncheck__buggy_39,train,0,0,0,0,0,0,1
2,0xf70d589d76eebdd7c12cc5eec99f8f6fa4233b9e,train,0,0,0,0,0,0,1
2,0xdaae09accd32ccdb5d1fe48244d1826f55670704,train,0,0,0,0,0,0,0
2,time_manipulation__buggy_29,train,0,0,0,0,0,1,0
2,access_control__buggy_32,train,1,0,0,0,0,0,0
2,time_manipulation__buggy_16,train,0,0,0,0,0,1,0
2,buggy_40xa5034d01bb9e14bdd2d59f645a40c4b1ba40545c_SafeMath_mul,train,1,0,0,0,0,0,0
2,buggy_240xda9b16706b1891b298d2dd4da3998343fa7e5820_FAECERC20_transfer,train,1,0,0,0,0,0,0
2,0x59891b95010267f7a3666dcb3221059a73e11ad1,train,0,0,0,0,0,0,0
2,0x3fd71392ac646c7634e6a3fd1eb77a95abeaa1b1,train,0,0,0,0,0,0,0
2,reentrancy_insecure0x85954c0adde80c73b019a92c08e0d22f16ac4067_SafeMath_mod,train,0,0,0,0,1,0,0
2,buggy_440x41c0332c833398b24095057446a20459d7b4b66d_SafeMath_mod,train,0,0,0,0,0,0,1
2,modifier_reentrancy,train,0,0,0,0,1,0,0
2,buggy_280x9e92ead7ea826c174cd6a05d172375db60df188d_RadToken_balanceOf,train,0,0,0,0,1,0,0
2,arbitrary_location_write_simple0xa8eda9d4aee0eb882f8752c6ba7e16d9233c9ad2_ERC20_totalSupply,train,1,0,0,0,0,0,0
2,parity_wallet_bug_2,train,1,0,0,0,0,0,0
2,buggy_280x1a9ecb05376bf8bb32f7f038a845dbafb22041cd_Mono_allowance,train,0,0,0,0,0,0,1
2,front_running__buggy_38,train,0,0,0,1,0,0,0
2,buggy_240xd7ba91b3ede1698a7d1f991d7d5bd9c0c8995a58_Zero_notZero,train,0,0,0,0,0,0,1
2,0x87ab739464881af0011052d4ca0b0d657e8c3b48,train,0,0,0,0,0,0,0
2,buggy_240x5df57065865e078e2029f264dca5517ac08601b4_SafeMath_mul,train,0,0,1,0,0,0,0
2,0x1cd2a911a28a034da2645fea802e280253c7f527,train,0,0,0,0,0,0,0
2,0x84d9ec85c9c568eb332b7226a8f826d897e0a4a8,train,0,0,0,0,0,0,1
2,buggy_110x40e6131e32e7a86e072d80d12ecb94d7e3d09fa1_SafeMath_mod,train,0,0,0,1,0,0,0
2,buggy_280x9125a3bf564e1a608833f392f1b011efa17db4ef_SafeMath_mod,train,0,0,1,0,0,0,0
2,time_manipulation__buggy_27,train,0,0,0,0,0,1,0
2,buggy_30x30521e4ccc4d0494d624394fc275ead318051de8_SafeMath_div,train,0,0,0,0,1,0,0
2,buggy_180xa2b5ceb15354343c6f7a1569ac250cdd9b0634ba_SafeMath_mul,train,0,0,0,0,0,0,1
2,0x4fc253577d582ab489dd7325e5e77ca2c3cfc3fe,train,0,0,0,0,0,0,0
2,buggy_430xaffdbbbdd400bb780dea5307b39187d1e9edc1cc_Pausable_paused,train,0,0,1,0,0,0,0
2,buggy_110xc350e846e2c57f9eece90febc253d14c8080871b_ERC20_balanceOf,train,0,0,0,0,1,0,0
2,access_control__buggy_28,train,1,0,0,0,0,0,0
2,lotto0x2cc71c048a804da930e28e93f3211dc03c702995_Ownable_Ownable,train,0,0,0,0,0,0,1
2,0xa46edd6a9a93feec36576ee5048146870ea2c3ae0x4c39828c426ca8128ed4cbc733bf3a9934a87288_Thundercoin_approve,train,0,0,0,0,0,0,1
2,buggy_140xe3e5ccc9c8ee95ddbeb08daa7c5001b88c0d632a_SafeMath_mul,train,0,0,0,0,1,0,0
2,0xf5dce57282a584d2746faf1593d3121fcac444dc,train,0,0,0,0,0,0,0
2,integer_overflow_multitx_multifunc_feasible0x5aaefe84e0fb3dd1f0fcff6fa7468124986b91bd_SafeMath_div,train,0,1,0,0,0,0,0
2,0x03966330e7f60c95d2d8dd043735eea901c5e4e0,train,0,0,0,0,0,0,0
2,simple_suicide0xa987a1fb978abb7c17201a84efbe828d5c66264d_Ownable_Ownable,train,1,0,0,0,0,0,0
2,mishandled0x83b0c6d945e661e5015f962d73fdd7c22e516ee0_DVCToken_DVCToken,train,0,0,0,0,0,0,1
2,integer_overflow_mapping_sym_1,train,0,1,0,0,0,0,0
2,0x2260fac5e5542a773aa44fbcfedf7c193bc2c599,train,0,0,0,0,0,0,0
2,buggy_380x2822f6d1b2f41f93f33d937bc7d84a8dfa4f4c21_Ownable_owner,train,0,0,0,0,0,0,1
2,buggy_400x01b03903a1660ae507ddbb6224e478bce176c275_SafeMath_div,train,0,0,1,0,0,0,0
2,incorrect_constructor_name2,train,1,0,0,0,0,0,0
2,0x0ecf0851b2cb945ddbee413c0e23f0c01cd4df7d,train,0,0,0,0,0,0,0
2,buggy_190xe702af70291b952cdce5c224a18ab1127c449e79_SafeMath_safeDiv,train,0,0,0,1,0,0,0
2,0x524960d55174d912768678d8c606b4d50b79d7b10x67793426747f8c79332520c1291c4fc6443c8407_CELLCrowdsale_setStartDate,train,0,0,0,0,0,0,1
2,dos__buggy_19,train,0,0,1,0,0,0,0
2,0x252e0920894274a44f3076176450fce10264b9fb,train,0,0,0,0,0,0,0
2,0xa46edd6a9a93feec36576ee5048146870ea2c3ae0x81385b32393df2b940f77e06334a548f7d61b9b7_SafeMath_safeDiv,train,0,0,0,0,0,0,1
2,buggy_110x6556d2ec4d96da39cf75cbe50d58fae90079800a_ERC20_balanceOf,train,0,1,0,0,0,0,0
2,insecure_transfer0x16ea01acb4b0bca2000ee5473348b6937ee6f72f_BasicToken_totalSupply,train,0,1,0,0,0,0,0
2,overflow_single_tx0x2566c658331eac75d3b3ccd0e45c78d9cf6c4c4c_Ownable_Ownable,train,0,1,0,0,0,0,0
2,buggy_430x3a2b6134526b4fd9b3c33adc8d4d2927a6f5bb63_Pausable_paused,train,0,1,0,0,0,0,0
2,integer_overflow_benign_10xe982615d461dd5cd06575bbea87624fda4e3de17_Ownable_,train,0,1,0,0,0,0,0
2,0x347038bab5c32e619d3d3aaeb05d408afc1671a9,train,0,0,0,0,0,0,0
2,time_manipulation__buggy_44,train,0,0,0,0,0,1,0
2,arithmetic__buggy_44,train,0,1,0,0,0,0,0
2,overflow_simple_add,train,0,1,0,0,0,0,0
2,0x0cbe050f75bc8f8c2d6c0d249fea125fd6e1acc90xa2e4fb662ba999a1e1bac839340c4d34e36e5d19_FlightDelayAddressResolver_changeOwner,train,0,0,0,0,0,0,1
2,buggy_440x4973eda29d48cf5e46065ce5d77c9b9f148a44cf_SafeMath_mul,train,0,0,0,1,0,0,0
2,0x8fbcb3f7a4c48dd9500ba20b5254c08d75403ba1,train,0,0,0,0,0,0,0
2,reentrancy__buggy_20,train,0,0,0,0,1,0,0
2,buggy_270xe25789d1b6f8eed8e421ba6aa9a8c2416efcc229_Ownable_owner,train,0,1,0,0,0,0,0
2,0x4051334adc52057aca763453820cb0e045076ef3,train,0,0,0,0,0,0,1
2,dos__buggy_18,train,0,0,1,0,0,0,0
2,odds_and_evens0x398301a2322fc2e2d052d04a926e7a4f643a156e_Divs4D_max,train,0,0,0,1,0,0,0
2,buggy_400xf8ed6c51762208ff26f8f3e4efd4e06af2da649c_FixedSupplyToken_approve,train,0,0,0,0,0,0,1
2,0xdfc8ecb515c0bb72de8bcbe0cb7a2d84b65c8027,train,0,0,0,0,0,0,0
2,buggy_40xcec420a1b66994d1d531805fbb18dbb54691486e_SafeMath_mul,train,0,1,0,0,0,0,0
2,uncheck__buggy_48,train,0,0,0,0,0,0,1
2,mishandled0xef6dd40eff935626ee2ba971a90e6897e4cbbf8b_AbstractToken_AbstractToken,train,0,0,0,0,0,0,1
2,buggy_120x4a57e687b9126435a9b19e4a802113e266adebde_Ownable_Ownable,train,0,0,0,0,0,1,0
2,buggy_280x469202bb405f940cd908ddbc28155a70703a4840_SafeMath_div,train,0,0,0,0,0,1,0
2,0x4a66ad0bca2d700f11e1f2fc2c106f7d3264504c,train,0,0,0,0,0,0,1
2,0x4b6ddb08e3ca085dd52266e7fd8ec91010f6f8b5,train,0,0,0,0,0,0,0
2,buggy_440xb70e23a235eb97a5397261be9a85de73eba212c1_ERC20_totalSupply,train,1,0,0,0,0,0,0
2,buggy_110x034f8165470b0a26b8daac1c3cd1cc6156e8294d_Owned_acceptOwnership,train,0,0,0,1,0,0,0
2,0x411a4bf072d099069249846532acd874c131355e,train,0,0,0,0,0,0,0
2,integer_overflow_10xec9405f15cb1239a751148f7e5ab2895df15ccc5_SafeMath_div,train,0,1,0,0,0,0,0
2,buggy_110x07843efd5be9ed17074b36f84bd42a907c2c2239_SafeMath_mul,train,0,0,0,0,1,0,0
2,buggy_140xc4b6c9323f9840e0b2b2a0e65b5dc172378fb9c4_SafeMath_mul,train,0,0,1,0,0,0,0
2,access_control__buggy_44,train,1,0,0,0,0,0,0
2,arithmetic__buggy_26,train,0,1,0,0,0,0,0
2,wallet_04_confused_sign0x51864bb857b8d4fef57d098e1364803fb66a023d_SafeMath_max256,train,1,0,0,0,0,0,0
2,buggy_110x0f02e27745e3b6e9e1310d19469e2b5d7b5ec99a_ERC20_allowance,train,1,0,0,0,0,0,0
2,buggy_280x697fc9371a33a98078543b777ca7d5c8009d6d0b_BasicToken_balanceOf,train,0,0,0,0,0,1,0
2,arithmetic__buggy_17,train,0,1,0,0,0,0,0
2,time_manipulation__buggy_39,train,0,0,0,0,0,1,0
2,buggy_270x8fc918368f312ba045495fe67e133a43c67b4bab_BasicToken_totalSupply,train,1,0,0,0,0,0,0
2,buggy_430x13339fd07934cd674269726edf3b5ccee9dd93de_ERC20_balanceOf,train,0,0,0,1,0,0,0
2,buggy_140x36151737b45017234e9570cf9a1cac97138953c2_SafeMath_mod,train,1,0,0,0,0,0,0
2,buggy_230x13cb835c47782dad075ce7faa1f8439b548b712d_LENS_allowance,train,0,0,1,0,0,0,0
2,0x32470ff2a384becbd33c2b70f3cd4ba6192cb368,train,0,0,0,0,0,0,0
2,buggy_230xb4450f8048dd4eaa6e24b6fdb4f8328b22b61bef_SafeMath_mul,train,1,0,0,0,0,0,0
2,buggy_240x8796aae8118debfd647a40f3acb8b36479c5e0a0_SafeMath_mul,train,0,0,0,0,0,0,1
2,buggy_190x44f903884941b591ba1359d62c4cd04f3feb2235_StandardToken_allowance,train,1,0,0,0,0,0,0
2,uncheck__buggy_49,train,0,0,0,0,0,0,1
2,lottopollo0xd2425561799564001f13bc7586936a702675dc70_TCT_balanceOf,train,0,0,0,0,0,1,0
2,dos__buggy_28,train,0,0,1,0,0,0,0
2,buggy_110x61df50dbc9cc7a057148cfbacca7928e016c4c8a_SafeMath_mul,train,0,0,0,0,0,0,1
2,access_control__buggy_6,train,1,0,0,0,0,0,0
2,buggy_430xfa90d6a9a8b7fcdcbbb06e441c0ecaa57f55b11e_Cyiber_,train,0,0,1,0,0,0,0
2,0x9d06cbafa865037a01d322d3f4222fa3e04e5488,train,0,0,0,0,0,0,1
2,timelock0xe9813b3ac3fd938d21e47d10987f58914e6ff1fd_ImTokenCardBack_transferFrom,train,0,1,0,0,0,0,0
2,buggy_30xafa9ec5eddaa50db06e8ed2c680ac6c81a32e9b7_SafeMath_mul,train,1,0,0,0,0,0,0
2,buggy_280xc71ac06a50fa9a33e4308b44df45928d64a76a6d_SafeMath_div,train,0,0,0,0,0,0,1
2,uncheck__buggy_43,train,0,0,0,0,0,0,1
2,wallet_03_wrong_constructor0xbdee7cf88eefb3451f25be656c3c18d3bcf0e3b1_SafeMath_mod,train,1,0,0,0,0,0,0
2,0x494a0cece54896b2b5308773a0ebff47eb55e1c3,train,0,0,0,0,0,0,0
2,buggy_20x8da10d1d4e03cd2459ebafb91439a9eba1cef42e_SafeMath_safeDiv,train,1,0,0,0,0,0,0
2,buggy_40x36151737b45017234e9570cf9a1cac97138953c2_SafeMath_mul,train,1,0,0,0,0,0,0
2,buggy_380x2192effd72861e7c275a64e77e26b0fab2b33a7a_SafeMath_mod,train,0,0,0,1,0,0,0
2,0x4fc743fbfb4df9dc843a41f41db3f9a65a16ed46,train,0,0,0,0,0,0,0
2,0xbf32639b80f5be67654c3304b3928a6d4b9407e6,train,0,0,0,0,0,0,0
2,time_manipulation__buggy_43,train,0,0,0,0,0,1,0
2,arithmetic__buggy_48,train,0,1,0,0,0,0,0
2,overflow_single_tx0xf226e38c3007b3d974fc79bcf5a77750035436ee_SafeMath_div,train,0,1,0,0,0,0,0
2,0x68eb95dc9934e19b86687a10df8e364423240e94,train,0,0,0,0,0,0,0
2,0x524960d55174d912768678d8c606b4d50b79d7b10xe9b77a61841ba3aef2711ab6691e1ded4b3eb22e_KeenFutureToken_KeenFutureToken,train,0,0,0,0,0,0,1
2,reentrancy__buggy_44,train,0,0,0,0,1,0,0
2,timelock,train,0,1,0,0,0,0,0
2,buggy_260xc96df921009b790dffca412375251ed1a2b75c60_SafeMath_mod,train,0,0,0,0,0,0,1
2,access_control__buggy_280xf8d1254fc324d2e75a5a37f5bd4ca34a20ef460d_StandardToken_allowance,train,1,0,0,0,0,0,0
2,0xf36c6876ba6ec35bb0c004fc3a2879cb9586a173,train,0,0,0,0,0,0,0
2,0x1822126feedb4c7d61eecdbe3682fe61e91383d6,train,0,0,0,0,0,0,0
2,buggy_240x366cf49c6bc3986b20ecf4fd7c05f0c617332e8c_SafeMath_mod,train,1,0,0,0,0,0,0
2,token0x957b9dc190c4391a1e07352df34e1ec02077f1ec_SafeMath_max64,train,0,1,0,0,0,0,0
2,0xa46edd6a9a93feec36576ee5048146870ea2c3ae0x618737029ae07215dfc2c0b4204b8f91e9909366_InvestorWhiteList_isAllowed,train,0,0,0,0,0,0,1
2,time_manipulation__buggy_6,train,0,0,0,0,0,1,0
2,0xa512d49c8753c476bf5e9c87f6a11dbb71af054c,train,0,0,0,0,0,0,0
2,list_dos,train,0,0,1,0,0,0,0
2,buggy_400x3456cc70aa1576b00ae60d62459e75d294b8b52e_SafeMath_mul,train,0,0,0,1,0,0,0
2,ether_lotto0x091f601d7b6c0c8073d075a1847bafc6872559a4_Clue_balanceOf,train,0,0,0,0,0,1,0
2,0xaffdbbbdd400bb780dea5307b39187d1e9edc1cc,train,0,0,0,0,0,0,0
2,time_manipulation__buggy_9,train,0,0,0,0,0,1,0
2,lottopollo0x7a8246fd9072b9ed583c34993747b113da6d31d5_SHEX_,train,0,0,0,0,0,1,0
2,0x524960d55174d912768678d8c606b4d50b79d7b10x908c72de29d1e1c384616468428cdb64877232a3_StandardToken_balanceOf,train,0,0,0,0,0,0,1
2,0xb0510d68f210b7db66e8c7c814f22680f2b8d1d6,train,0,0,0,0,0,0,1
2,0xf2570186500a46986f3139f65afedc2afe4f445d0xb37a769b37224449d92aac57de379e1267cd3b00_SafeMath_div,train,0,0,0,0,0,0,1
2,buggy_430x63bcfa2aaf618662b76e58eae4ee410f933b47ac_SafeMath_mod,train,0,0,1,0,0,0,0
2,front_running__buggy_29,train,0,0,0,1,0,0,0
2,0x36a84dd5c8a606f44dc504aa3859b097083d631d,train,0,0,0,0,0,0,0
2,buggy_430x3e159b739864768ecc80945670d3292d9c5bb14e_STONToken_,train,0,0,0,0,0,0,1
2,0x7d5a7a974ea07bfedddc2a15297189089be071b6,train,0,0,0,0,0,0,0
2,0xe894d54dca59cb53fe9cbc5155093605c70682200x2e963aa99892c403039a93573a43607b547f5b88_SafeMath_div,train,0,0,0,0,0,0,1
2,access_control__buggy_19,train,1,0,0,0,0,0,0
2,time_manipulation__buggy_18,train,0,0,0,0,0,1,0
2,buggy_260x366cf49c6bc3986b20ecf4fd7c05f0c617332e8c_ERC721_balanceOf,train,0,1,0,0,0,0,0
2,buggy_400x6eaa66453b4b8d21be737891e1056a1e801ac264_BasicToken_balanceOf,train,0,1,0,0,0,0,0
2,0xd5967fed03e85d1cce44cab284695b41bc675b5c0x091f601d7b6c0c8073d075a1847bafc6872559a4_Clue_totalSupply,train,0,0,0,0,0,0,1
2,buggy_190x00fc270c9cc13e878ab5363d00354bebf6f05c15_VNXLU_decimals,train,0,0,1,0,0,0,0
2,access_control__buggy_49,train,1,0,0,0,0,0,0
2,buggy_230x75d2befc8d167cf8a6af89fdef944bb12bfb87b0_TronRegister_get,train,0,0,0,0,0,0,1
2,integer_overflow_multitx_multifunc_feasible0x7f9ccc73e75ad4e1b5d931dbe77c11328860ef47_StandardERC20_cap,train,0,1,0,0,0,0,0
2,buggy_380xf000ca9fbb684bfa2f5f8b36fdf222970fc93763_StandardToken_approve,train,0,1,0,0,0,0,0
2,buggy_190x06a6fc23e6ec8a2b2aeeefd70d772dc3d6b45010_SafeMath_div,train,0,0,0,1,0,0,0
2,dos__buggy_23,train,0,0,1,0,0,0,0
2,auction,train,0,0,1,0,0,0,0
2,buggy_270x18ae6bc100ac9ef701c14562e1b812393a86a8e8_Owned_acceptOwnership,train,0,1,0,0,0,0,0
2,buggy_320xbf8d8f1242b95dfbae532af6b0f4463905415cc1_SafeMath_mul,train,0,0,0,1,0,0,0
2,buggy_380xf7be3fefee60736b7602bb75d5d0c6bdc1a88222_DanpiaTestTokens_balanceOf,train,0,0,1,0,0,0,0
2,buggy_430x0ef987c2be871851176e46b098083b8f0fef4c17_SafeMath_mul,train,0,0,0,0,0,0,1
2,access_control__buggy_18,train,1,0,0,0,0,0,0
2,0x6020da0f7c1857dbe4431ec92a15cc318d933eaa,train,0,0,0,0,0,0,0
2,ERC20,train,0,0,0,1,0,0,0
2,0x3ca51bd89078145a8a16f09fc254677550bdb566,train,0,0,0,0,0,0,0
2,buggy_440x6c970e1c693829b96e8c82311a0c43a8c809df4c_SafeMath_div,train,0,1,0,0,0,0,0
2,0x4a66ad0bca2d700f11e1f2fc2c106f7d3264504c0xf226e38c3007b3d974fc79bcf5a77750035436ee_SafeMath_div,train,0,0,0,0,0,0,1
2,lottopollo0x4726bf61c3a8df967b6f2c805659810e8d343218_Agriss_getBalanceOf,train,0,0,0,0,0,1,0
2,etherbank,train,0,0,0,0,1,0,0
2,0x70f9eddb3931491aab1aeafbc1e7f1ca2a012db40x51864bb857b8d4fef57d098e1364803fb66a023d_SafeMath_max256,train,0,0,0,0,0,0,1
2,0x304baed6911a22c95cf6fa7fe74525e28359a529,train,0,0,0,0,0,0,0
2,buggy_110x75c7626e1903bba8c1e429d6db5ea26600c6a248_SafeMath_mul,train,1,0,0,0,0,0,0
2,auction0xbfe760f6a6746a3bf51df942660c56cd9a94fa08_SafeMath_div,train,0,0,1,0,0,0,0
2,access_control__buggy_11,train,1,0,0,0,0,0,0
2,lottopollo0xd7408546678406f239410acc4f5ac5ca1b633ce5_DragonFarmer_getMyIceDragon,train,0,0,0,0,0,1,0
2,0x673a5fb0639d35ab6e157c1e6377d0096ab74128,train,0,0,0,0,0,0,0
2,time_manipulation__buggy_45,train,0,0,0,0,0,1,0
2,arithmetic__buggy_1,train,0,1,0,0,0,0,0
2,buggy_40x63bcfa2aaf618662b76e58eae4ee410f933b47ac_SafeMath_mul,train,0,0,0,1,0,0,0
2,reentrancy_dao0x866396fb9860e2e4ab6e795eba75052e2a6bceeb_SafeMath_div,train,0,0,0,0,1,0,0
2,timelock0x096035be1b555323969f613cd8402494b0178580_SafeMath_div,train,0,1,0,0,0,0,0
2,buggy_270xf14f67393bc32c8da791636ac67dc2907fc59605_Ownable_owner,train,1,0,0,0,0,0,0
2,uncheck__buggy_31,train,0,0,0,0,0,0,1
2,buggy_240x96d8a52bdbd8dac26763e13b0242d846888cacbf_Ownable_owner,train,0,0,0,0,0,0,1
2,simple_suicide0x07536201e0c4c7751c9cfed79f1bf5dba4772c9e_Sign_destroy,train,1,0,0,0,0,0,0
2,front_running__buggy_31,train,0,0,0,1,0,0,0
2,buggy_280xdcd85914b8ae28c1e62f1c488e1d968d5aaffe2b_TOPToken_transfer,train,0,0,0,0,0,1,0
2,buggy_30xcbf15fb8246f679f9df0135881cb29a3746f734b_ERC20_allowance,train,0,0,0,0,1,0,0
2,reentrancy__buggy_30,train,0,0,0,0,1,0,0
2,buggy_280xa2b5ceb15354343c6f7a1569ac250cdd9b0634ba_SafeMath_mod,train,1,0,0,0,0,0,0
2,buggy_280xd21ba1c2c0e8fbd236553efa39137165b3a68e75_SafeMath_div,train,0,0,0,0,1,0,0
2,buggy_30xc71ac06a50fa9a33e4308b44df45928d64a76a6d_SafeMath_div,train,0,0,0,0,0,0,1
2,buggy_400x36151737b45017234e9570cf9a1cac97138953c2_SafeMath_mod,train,0,1,0,0,0,0,0
2,buggy_30x94534caebd1887be3d57179728a670a3436bb443_SafeMath_div,train,0,1,0,0,0,0,0
2,multiowned_vulnerable0x166f1a7ecae00bd43876a25b10a63c575e05c0e7_Vera_totalSupply,train,1,0,0,0,0,0,0
2,integer_overflow_multitx_onefunc_feasible0xe382eb93c1838473a22d3c680b82ac29eb0094cc_SafeERC20_safeTransferFrom,train,0,1,0,0,0,0,0
2,buggy_430x193408ca0576b73156ed42a2ea7d6fd3f6507162_INFS_freezeAccount,train,0,0,1,0,0,0,0
2,buggy_20xce5114d7fa8361f0c088ee26fa3a5446c4a1f50b_Ownable_owner,train,0,1,0,0,0,0,0
2,buggy_440x6ee10c4c566166135c8de574ce63f583afc6d2b2_SafeMath_div,train,0,0,0,0,0,0,1
2,buggy_230x8b79656fc38a04044e495e22fad747126ca305c4_SafeMath_div,train,0,0,0,1,0,0,0
2,dos_simple,train,0,0,1,0,0,0,0
2,reentrance0x9e86da479dfdbc618d0a46759555154bdb06d06d_SafeMath_safeMul,train,0,0,0,0,1,0,0
2,0xf953990d2d8388bfca220141fad56e74d66184ac,train,0,0,0,0,0,0,0
2,front_running__buggy_48,train,0,0,0,1,0,0,0
2,buggy_400x26a96677aa1a4bcb7229f4825dad4835a1268d7c_SafeMath_mod,train,0,1,0,0,0,0,0
2,buggy_400x44e9ab4a3af1ccc8c1cfce6fc7d3e650373fc507_SafeMath_mul,train,1,0,0,0,0,0,0
2,arithmetic__buggy_16,train,0,1,0,0,0,0,0
2,access_control__buggy_33,train,1,0,0,0,0,0,0
2,buggy_40xb4450f8048dd4eaa6e24b6fdb4f8328b22b61bef_SafeMath_div,train,0,0,0,0,0,0,1
2,buggy_190x97472ce862fc811ecbed9f3123e1dbf55fe40c9b_BasicToken_balanceOf,train,0,0,0,0,0,0,1
2,ether_lotto0xa7fac98b27435c90b916950bbeed91c7dbfe3e44_SafeERC20_safeApprove,train,0,0,0,0,0,1,0
2,0xbaa3de6504690efb064420d89e871c27065cdd520xf79c2cc623c9317725712cf1b1b980464507a70a_BasicToken_totalSupply,train,0,0,0,0,0,0,1
2,buggy_40x5f5b176553e51171826d1a62e540bc30422c7717_SafeMath_div,train,0,0,0,1,0,0,0
2,insecure_transfer,train,0,1,0,0,0,0,0
2,buggy_40xebcd0ea69b0f2b9bb23021348e9e31517340073f_SafeMath_div,train,0,0,0,0,1,0,0
2,0x524960d55174d912768678d8c606b4d50b79d7b10x835a44027ee4e92bbd8874e5ede9e5148b069e96_AbstractToken_AbstractToken,train,0,0,0,0,0,0,1
2,buggy_40x06652f356e52681c07d1338bd13b2d80820a9286_Pausable_paused,train,0,1,0,0,0,0,0
2,0x70f9eddb3931491aab1aeafbc1e7f1ca2a012db40x489bd62059e03966af9bb17b1d06cf799dabf820_SafeMath_safeDiv,train,0,0,0,0,0,0,1
2,access_control__buggy_29,train,1,0,0,0,0,0,0
2,dos__buggy_20,train,0,0,1,0,0,0,0
2,buggy_30xc760721eb65aa6b0a634df6a008887c48813ff63_ERC20_allowance,train,1,0,0,0,0,0,0
2,0x7541b76cb60f4c60af330c208b0623b7f54bf615,train,0,0,0,0,1,0,0
2,integer_overflow_multitx_onefunc_feasible,train,0,1,0,0,0,0,0
2,0xa46edd6a9a93feec36576ee5048146870ea2c3ae0x1beb353fa1e215457ff16fceec07f7eab9f06565_EscrowWallet_Request,train,0,0,0,0,0,0,1
2,0x39cfd754c85023648bf003bea2dd498c5612abfa,train,0,0,0,0,0,0,1
2,0x5c55678808cbc78b90d2f763c56a0abd622908a0,train,0,0,0,0,0,0,0
2,0xf2570186500a46986f3139f65afedc2afe4f445d0x220629e75e528c38d918d2e26d9997314497e1b6_SafeMath_safeMul,train,0,0,0,0,0,0,1
2,simple_suicide0x1839864616602fee4d5cc7a6448dd257636c9a9a_AbstractToken_AbstractToken,train,1,0,0,0,0,0,0
2,0x89509d113b09b109a0ae2fb940091a60e8b73231,train,0,0,0,0,0,0,0
2,buggy_260x57652fc91f522f9eff0b38cdf1d51f5fb5764215_SafeMath_div,train,0,0,0,0,1,0,0
2,buggy_400xe80b90fdabcc18932e2bcda61df6010df69091c7_BasicToken_totalSupply,train,0,0,1,0,0,0,0
2,buggy_280xea9eb702499ba163599d80ccd01fbf5335f6b799_FixedSupplyToken_allowance,train,0,0,0,0,0,1,0
2,0x5199071825cc1d6cd019b0d7d42b08106f6cf16d,train,0,0,0,0,0,0,0
2,uncheck__buggy_23,train,0,0,0,0,0,0,1
2,0xd5967fed03e85d1cce44cab284695b41bc675b5c0xe9e4afe548256ba90ee7d63f24eac11250f67450_EtherealId_IsActive,train,0,0,0,0,0,0,1
2,auction0xc8e6cd948e3f6c586c9af12ea23c504d0933e19a_BasicToken_balanceOf,train,0,0,1,0,0,0,0
2,simple_suicide0x319e49a0a4213529f9a3a97ca67c32a04093e32c_ContractSendCreditCoins_sendCurrentPayment,train,1,0,0,0,0,0,0
2,0x5f5b176553e51171826d1a62e540bc30422c7717,train,0,0,0,0,0,0,0
2,lotto,train,0,0,0,0,0,0,1
2,buggy_40x5edf5432c6dc5b42c9ec01fa9443c3ac89ca9686_SafeMath_div,train,0,0,0,0,0,0,1
2,buggy_440xa31b1767e09f842ecfd4bc471fe44f830e3891aa_ERC20_totalSupply,train,0,0,0,0,0,0,1
2,0x2972d548497286d18e92b5fa1f8f9139e5653fd20xcec1077309f29d0553f7197c0de3c0baedd8dbea_SafeMath_div,train,0,0,0,0,0,0,1
2,access_control__buggy_15,train,1,0,0,0,0,0,0
2,0xec329ffc97d75fe03428ae155fc7793431487f63,train,0,0,0,0,0,0,1
2,0x85d960d4a22c1da47e9f1272ee02f5d023b562fe,train,0,0,0,0,0,0,0
2,access_control__buggy_22,train,1,0,0,0,0,0,0
2,buggy_400xf58ade053207657c1e014f896be86eef306ab430_MockOracle_price,train,0,0,0,1,0,0,0
2,access_control__buggy_34,train,1,0,0,0,0,0,0
2,eth_tx_order_dependence_minimal,train,0,0,0,1,0,0,0
2,buggy_380xff7a0282d23138dccb55334f1beced4b5ddffb1a_Ownable_owner,train,1,0,0,0,0,0,0
2,buggy_430xdbf0e893d7a24d36a80e95af1fbba3ad3c423b5e_ERC20_balanceOf,train,0,0,0,0,0,0,1
2,buggy_40x3456cc70aa1576b00ae60d62459e75d294b8b52e_AbstractToken_,train,1,0,0,0,0,0,0
2,0x44f920b8e9b703f87f52f22ac84a106ef464388c,train,0,0,0,0,0,0,0
2,0x22f004a328fdb5091376d8eaf83adc5bc2a33846,train,0,0,0,0,0,0,0
2,0xceec7aaa57e3a77c73a9954b9b7d5b32ab688318,train,0,0,0,0,0,0,0
2,buggy_140xb70e23a235eb97a5397261be9a85de73eba212c1_SafeMath_mod,train,0,0,0,1,0,0,0
2,integer_overflow_add,train,0,1,0,0,0,0,0
2,buggy_190xff02b17386f94da201cff84a6a7482ec2c452ef3_ERC20_allowance,train,1,0,0,0,0,0,0
2,buggy_110x230bd39c5fb6da9086596ec8c347f5d4a666ec06_SafeMath_safeMul,train,0,0,0,0,1,0,0
2,0xa1fceeff3acc57d257b917e30c4df661401d6431,train,0,0,0,0,0,0,1
2,0x133e9c0564dc1e6746fc7a3513d48198b96539a0,train,0,0,0,0,0,0,0
2,buggy_430x45c998a972e6449858206775d50f3925eb1e5b1b_ERC20_balanceOf,train,0,1,0,0,0,0,0
2,0x31c70e9a1bab16f47710e4b302c49998cfb36ef9,train,0,0,0,0,0,0,0
2,buggy_240xde0722169f3e94fa73e1b1ee1aa59b5a73b56bbd_HoloParkGamingToken_,train,0,1,0,0,0,0,0
2,buggy_140x11afe7fa792589dd1236257f99ba09f510460ad9_SafeMath_mul,train,0,0,0,1,0,0,0
2,buggy_380x931abd3732f7eada74190c8f89b46f8ba7103d54_SafeMath_mod,train,0,0,0,1,0,0,0
2,0x543a5514c5cd08dd08228f54fbc79ba9b5a47187,train,0,0,0,0,0,0,0
2,lottopollo,train,0,0,0,0,0,1,0
2,buggy_400x9cb79101f795287585843d71c1b0a33a0724c2bb_SafeMath_mod,train,0,0,0,1,0,0,0
2,buggy_150x095d7847945c6a496cad77bff0687a1bf367ec4a_AbstractToken_balanceOf,train,0,0,0,0,1,0,0
2,buggy_230x9d7bb267cca4c33caaa8dfe3ad05bf6b61eef538_SafeMath_mul,train,0,1,0,0,0,0,0
2,access_control__buggy_50,train,1,0,0,0,0,0,0
2,insecure_transfer0x2722690a68f97e3361b958eb0b1dedf39190f6ad_BlumeToken_,train,0,1,0,0,0,0,0
2,buggy_260x1145b0c70dbba351c52a8d25db9c3dbe1aec08b5_SafeMath_mul,train,0,0,0,0,0,0,1
2,integer_overflow_1,train,0,1,0,0,0,0,0
2,0x35972be96f011fd6a51f6090a856083078a44655,train,0,0,0,0,0,0,0
2,buggy_400x65450aab0617411e8ba14e96468bd847ceee739c_SafeMath_mul,train,0,0,0,0,0,0,1
2,reentrancy__buggy_17,train,0,0,0,0,1,0,0
2,arbitrary_location_write_simple,train,1,0,0,0,0,0,0
2,buggy_260x6ee10c4c566166135c8de574ce63f583afc6d2b2_WalletPausable_walletPausable,train,1,0,0,0,0,0,0
2,buggy_270x29c188b27b6b2134385f1eda2d1d8eff5446e0cf_SafeMath_div,train,0,0,0,0,0,0,1
2,etherbank0xe7121ff8c912047f144c53f68c4905afa3c946f1_BasicToken_balanceOf,train,0,0,0,0,1,0,0
2,buggy_380x831b1cf1387c388ed8eae955e895d90b2adb2244_SafeMath_mul,train,0,0,1,0,0,0,0
2,buggy_260xa5503c4227bf8c5fcbab84cece74009de5fc3e71_SafeMath_mul,train,0,0,0,0,0,0,1
2,0xf29ebe930a539a60279ace72c707cba851a57707,train,0,0,0,0,0,0,1
2,0xdea454c9c4ad408f324cc0ea382b2b7aad99640c,train,0,0,0,0,0,0,0
2,front_running__buggy_34,train,0,0,0,1,0,0,0
2,lotto0xef11dcd9f162207d4e751d9afbdea3cb78e6efc1_Ownable_Ownable,train,0,0,0,0,0,0,1
2,0xb37f18af15bafb869a065b61fc83cfc44ed9cc270x51864bb857b8d4fef57d098e1364803fb66a023d_SafeMath_min64,train,0,0,0,0,0,0,1
2,0x2972d548497286d18e92b5fa1f8f9139e5653fd20xb7a263d56605648ad054d4dc1aea24f244d7ba96_SafeMath_safeMul,train,0,0,0,0,0,0,1
2,odds_and_evens0x04390d3ce5c68d1dad9af7a84254225788e3d639_SafeMath_mod,train,0,0,0,1,0,0,0
2,buggy_280xc71ac06a50fa9a33e4308b44df45928d64a76a6d_SafeMath_mod,train,0,1,0,0,0,0,0
2,buggy_170x35b26197ba05fca755e7ff44253bbfa036fee5b4_SafeMath_mod,train,0,0,0,0,0,0,1
2,integer_overflow_10x4b33cd304467988a8ea1e5976bc1de3ad3ac782b_SafeMath_sub,train,0,1,0,0,0,0,0
2,buggy_110xa2dbb4808d9ec74dc548cae39d3660e57f189840_ERC20Detailed_decimals,train,0,0,1,0,0,0,0
2,front_running__buggy_23,train,0,0,0,1,0,0,0
2,time_manipulation__buggy_40,train,0,0,0,0,0,1,0
2,send_loop,train,0,0,1,0,0,0,0
2,0xe09b1ab8111c2729a76f16de96bc86a7af837928,train,0,0,0,0,0,0,1
2,buggy_280x13893f2a61c42e412624dabca9e5bd7b2ac5c5cf_FixedSupplyToken_allowance,train,0,1,0,0,0,0,0
2,buggy_40x2a3a07d241eda9d573a6b666e9fc359666cf7b39_SafeMath_mod,train,0,0,1,0,0,0,0
2,front_running__buggy_4,train,0,0,0,1,0,0,0
2,auction0xd7408546678406f239410acc4f5ac5ca1b633ce5_DragonFarmer_getMyNormalDragons,train,0,0,1,0,0,0,0
2,buggy_20x064240b9b3b069e4ead886d507b7431397b8a39b_SafeMath_mul,train,0,1,0,0,0,0,0
2,time_manipulation__buggy_14,train,0,0,0,0,0,1,0
2,buggy_400xcb8bc6a9b5575ed7ba1d3b9e15969211c214178c_BasicToken_balanceOf,train,0,0,0,1,0,0,0
2,front_running__buggy_45,train,0,0,0,1,0,0,0
2,0x104edd531d98e93def5d050ecbf10914a6fe1f89,train,0,0,0,0,0,0,0
2,access_control__buggy_24,train,1,0,0,0,0,0,0
2,0x002f06abe6995fd0ea4be011c53bfc989fa53ce0,train,0,0,0,0,0,0,0
2,dos__buggy_14,train,0,0,1,0,0,0,0
2,odds_and_evens0x6dd4e4aad29a40edd6a409b9c1625186c9855b4d_AbstractToken_AbstractToken,train,0,0,0,1,0,0,0
2,front_running__buggy_49,train,0,0,0,1,0,0,0
2,time_manipulation__buggy_47,train,0,0,0,0,0,1,0
2,0x5aaefe84e0fb3dd1f0fcff6fa7468124986b91bd,train,0,0,0,0,0,0,0
2,0xd648801ac646e5b6c1c8f403218b80e0d275274d,train,0,0,0,0,0,0,0
2,buggy_440x35b26197ba05fca755e7ff44253bbfa036fee5b4_SafeMath_mod,train,1,0,0,0,0,0,0
2,buggy_110x3e9057b739b005c577cefd45e9a77cf969ec845c_ERC20_balanceOf,train,0,0,1,0,0,0,0
2,access_control__buggy_38,train,1,0,0,0,0,0,0
2,timelock0x58c60fdba15376c44699c2858a498ac159ffd8cb_GigsToken_allowance,train,0,1,0,0,0,0,0
2,dos_address0x6adf9e666e3e85876b1ba25edb31799faad8417b_Free_Ether_A_Day_Funds_Return_,train,0,0,1,0,0,0,0
2,0x1ce00ddca2854ff2ddc7962575c49d2ba9c1243a,train,0,0,0,0,0,0,0
2,time_manipulation__buggy_19,train,0,0,0,0,0,1,0
2,time_manipulation__buggy_28,train,0,0,0,0,0,1,0
2,buggy_40x06a6fc23e6ec8a2b2aeeefd70d772dc3d6b45010_SafeMath_div,train,1,0,0,0,0,0,0
2,front_running__buggy_230xcda50305e75b01894dad90be684eb2d6f1c5b0e7_SafeMath_mul,train,0,0,0,1,0,0,0
2,buggy_380x535bfc6883442f2ebe26171c2716cb25b623792c_DissolutionToken_balanceOf,train,1,0,0,0,0,0,0
2,dos__buggy_47,train,0,0,1,0,0,0,0
2,buggy_280x109e726df6f2fe1aaf0ca306e1582d305614075b_SafeMath_mul,train,0,0,0,0,1,0,0
2,reentrancy__buggy_26,train,0,0,0,0,1,0,0
2,arithmetic__buggy_20,train,0,1,0,0,0,0,0
2,buggy_380x459c780413b46552e2314f5840cab416e4b689af_CalegariToken_,train,0,0,0,0,0,0,1
2,buggy_430xe742ced94eee2c425b999fe5b5b76ff2c4fc9dfc_InchWormToken_,train,0,1,0,0,0,0,0
2,buggy_30xbf8d8f1242b95dfbae532af6b0f4463905415cc1_ERC20_balanceOf,train,0,0,0,1,0,0,0
2,buggy_320x4527a3b4a8a150403090a99b87effc96f2195047_SafeMath_safeDiv,train,0,0,0,1,0,0,0
2,dos__buggy_15,train,0,0,1,0,0,0,0
2,uncheck__buggy_16,train,0,0,0,0,0,0,1
2,buggy_440xbf8d8f1242b95dfbae532af6b0f4463905415cc1_ERC20_balanceOf,train,0,1,0,0,0,0,0
2,buggy_240x46cc7ec70746f4cbd56ce5fa9bb7d648398eaa5c_SafeMath_mul,train,1,0,0,0,0,0,0
2,0x2a24e8e824d4e92f397008c99dc9469e0c4c40cf,train,0,0,0,0,0,0,0
2,0x0cbe050f75bc8f8c2d6c0d249fea125fd6e1acc90xf0f9f4d63b7dd586e6b07806b0f39cc9cd7e9490_BasicToken_totalSupply,train,0,0,0,0,0,0,1
2,buggy_110x29fb4cee43155baab885897f0e96b1f0572a1e86_SafeERC20_safeTransferFrom,train,0,0,1,0,0,0,0
2,buggy_140x00fc270c9cc13e878ab5363d00354bebf6f05c15_Owned_acceptOwnership,train,0,0,1,0,0,0,0
2,front_running__buggy_14,train,0,0,0,1,0,0,0
2,0xbaa3de6504690efb064420d89e871c27065cdd52,train,0,0,0,0,0,0,1
2,buggy_110x2781246fe707bb15cee3e5ea354e2154a2877b16_ERC20_totalSupply,train,1,0,0,0,0,0,0
2,0xf29ebe930a539a60279ace72c707cba851a577070x388e1a3249a93932ee9c84b8fecde2a0492228f9_ERC20_balanceOf,train,0,0,0,0,0,0,1
2,ether_lotto0xca9e21e709aea8e274c98304f75bb5e1e096626c_JPThor_allowance,train,0,0,0,0,0,1,0
2,reentrancy__buggy_47,train,0,0,0,0,1,0,0
2,buggy_430x8efc4b144da218886201a77e2f94c17b3a5b779a_SafeMath_mul,train,0,0,1,0,0,0,0
2,buggy_110xa5b91fbfec2f9a708592f9cd3c9e20becdfcb816_VIPToken_balanceOf,train,1,0,0,0,0,0,0
2,buggy_230x5ac203c782fe5b74ece9cb4ed13b0597bb5c872e_SafeMath_mod,train,0,1,0,0,0,0,0
2,buggy_30xdc3f9f3301194139e9398967547ca3b6322a34cd_ERC20_balanceOf,train,0,0,0,0,1,0,0
2,0x2682762d9830ace22218c7bd51d19e5757ec3f03,train,0,0,0,0,0,0,0
2,front_running__buggy_15,train,0,0,0,1,0,0,0
2,insecure_transfer0x908c72de29d1e1c384616468428cdb64877232a3_CoinXExchange_decimals,train,0,1,0,0,0,0,0
2,buggy_400x57ffa14de96e7a761750fdf41c9496214a6dca2a_SafeMath_mod,train,0,0,0,0,0,0,1
2,buggy_150x94534caebd1887be3d57179728a670a3436bb443_BasicToken_totalSupply,train,0,0,0,0,1,0,0
2,buggy_110xb03e9255f4aff415f458a399eb22d965ee5fd729_Bee_die,train,0,0,0,0,1,0,0
2,buggy_40xf7be3fefee60736b7602bb75d5d0c6bdc1a88222_DanpiaTestTokens_allowance,train,0,0,0,0,0,0,1
2,reentrancy_dao0x76d376f1da5335b83d0d16870053b6533d1b18c8_Ownable_owner,train,0,0,0,0,1,0,0
2,BECToken,train,0,1,0,0,0,0,0
2,reentrancy_bonus,train,0,0,0,0,1,0,0
2,spank_chain_payment,train,0,0,0,0,1,0,0
2,buggy_440xa562dc7657c333cac710175ae658ffa6f9414bbc_SafeMath_mul,train,0,1,0,0,0,0,0
2,integer_overflow_mapping_sym_10xbea81fde2822b74674fac9fc743193358c6bb792_Ownable_Ownable,train,0,1,0,0,0,0,0
2,0x7f9ccc73e75ad4e1b5d931dbe77c11328860ef47,train,0,0,0,0,0,0,0
2,front_running__buggy_28,train,0,0,0,1,0,0,0
2,buggy_110x42f2d09a9471cc2cf0092e5c1aa55aa099041519_SafeMath_mul,train,0,0,0,1,0,0,0
2,0x65c74fc2dd37788c8ecbafbc8518f5d794152ce4,train,0,0,0,0,0,0,0
2,buggy_20x095d7847945c6a496cad77bff0687a1bf367ec4a_ALTYN_totalSupply,train,0,0,0,1,0,0,0
2,odds_and_evens0x7c8db6eefa66f5fca3343bd10f7d4932b0c152f7_GigsToken_allowance,train,0,0,0,1,0,0,0
2,0xb110e378ea8b83dd52d1c5a810a5dcf99bbc96ae,train,0,0,0,0,0,0,0
2,uncheck__buggy_50,train,0,0,0,0,0,0,1
2,arithmetic__buggy_6,train,0,1,0,0,0,0,0
2,buggy_280x2c72ee35637cb6df00f8c07595b564a05f667006_SafeMath_mod,train,0,0,1,0,0,0,0
2,buggy_240x420167d87d35c3a249b32ef6225872fbd9ab85d2_SafeMath_mod,train,0,1,0,0,0,0,0
2,reentrancy__buggy_6,train,0,0,0,0,1,0,0
2,0x524960d55174d912768678d8c606b4d50b79d7b10x26fe2d1d3d288f2f2fe5bfff40be832e814137b6_SafeMath_div,train,0,0,0,0,0,0,1
2,integer_overflow_benign_10xb7a263d56605648ad054d4dc1aea24f244d7ba96_Ownable_owner,train,0,1,0,0,0,0,0
2,buggy_380xc6003a33f7464d6e6c1dc17344a75a9952187541_Lockable_lockedBalance,train,1,0,0,0,0,0,0
2,simple_suicide,train,1,0,0,0,0,0,0
2,access_control__buggy_4,train,1,0,0,0,0,0,0
2,eth_tx_order_dependence_minimal0x59f2cc9bbeb3ccbef4991769deb29611a28acf83_BasicToken_balanceOf,train,0,0,0,1,0,0,0
2,arithmetic__buggy_15,train,0,1,0,0,0,0,0
2,buggy_380x36f0d644877b77e1311f851c78637e774c67ae20_KittyBounties_,train,0,0,1,0,0,0,0
2,0x7d1afa7b718fb893db30a3abc0cfc608aacfebb0,train,0,0,0,0,0,0,0
2,arithmetic__buggy_49,train,0,1,0,0,0,0,0
2,buggy_380x16cee4183eb48e3cb190356700de467c28c4a56f_SafeMath_mul,train,0,0,0,1,0,0,0
2,arithmetic__buggy_50,train,0,1,0,0,0,0,0
2,buggy_380xc76378c467c819d93ddad8b474e3338bcd74baee_PublicResolver_supportsInterface,train,0,0,0,0,0,1,0
2,0x109e726df6f2fe1aaf0ca306e1582d305614075b,train,0,0,0,0,0,0,0
2,0x72c638bd40961311faf25ee84d0ec89b3e10593c,train,0,0,0,0,0,0,0
2,uncheck__buggy_24,train,0,0,0,0,0,0,1
2,buggy_430xcfe17aebf83381a651ceed832767ae7bab7b4055_Pausable_paused,train,0,0,0,0,0,0,1
2,lottopollo0xed943d75b2ff94d76f4eda892513255ef841261c_KyberContirbutorWhitelist_KyberContirbutorWhitelist,train,0,0,0,0,0,1,0
2,buggy_240xcbf15fb8246f679f9df0135881cb29a3746f734b_SafeMath_mul,train,0,1,0,0,0,0,0
2,0x0cbe050f75bc8f8c2d6c0d249fea125fd6e1acc90x72ee07223ad92dfd9e37ce03ad795b1aeddd28b4_EthGarden_getBalance,train,0,0,0,0,0,0,1
2,buggy_360x3227bb83f3f230c15f8ee4a78a655f06c8004cad_LTLNN_totalSupply,train,0,0,0,0,0,0,1
2,buggy_380xc71ac06a50fa9a33e4308b44df45928d64a76a6d_SafeMath_mul,train,1,0,0,0,0,0,0
2,access_control__buggy_30,train,1,0,0,0,0,0,0
2,buggy_10xf6abff616043c2da572573dcc583b656297b30e7_SafeMath_div,train,0,0,0,0,0,0,1
2,0x5dd0815a4cf119ad91ba045bbbf879f3f7de3c68,train,0,0,0,0,0,0,0
2,buggy_270x831b1cf1387c388ed8eae955e895d90b2adb2244_SafeMath_div,train,0,0,0,0,0,0,1
2,simple_dao0x28474ef546033a129bdf27e0b74bc8579af31d17_HarjFarmer_seedMarket,train,0,0,0,0,1,0,0
2,buggy_440x1c3ac706cf023365004f48da5094ff01c3bed4f2_Nutopia_allowance,train,0,0,0,0,1,0,0
2,integer_overflow_mul,train,0,1,0,0,0,0,0
2,buggy_140x198482924b5ed2c8dd5a0c824fcd618c6b49e6e8_Owned_acceptOwnership,train,0,0,0,0,1,0,0
2,buggy_380xd0000bea72c7eaa3d5086967a982503104113c24_ForTheBlockchain_balanceOf,train,0,0,0,0,0,0,1
2,buggy_190x945dabeec2b131aa91afc53909d1780ba4e4a9b5_TokenERC20_burnFrom,train,0,0,0,0,1,0,0
2,buggy_440xa487ee76c22b629c9c0319f61d34ff0abd821781_CodeFundToken_,train,0,1,0,0,0,0,0
2,0x4051334adc52057aca763453820cb0e045076ef30x1dcc1f30f0724b2d53dccf432b658ca1ac26901a_SafeMath_div,train,0,0,0,0,0,0,1
2,uncheck__buggy_11,train,0,0,0,0,0,0,1
2,reentrancy__buggy_22,train,0,0,0,0,1,0,0
2,access_control__buggy_2,train,1,0,0,0,0,0,0
2,buggy_380x00fc270c9cc13e878ab5363d00354bebf6f05c15_VNXLU_decimals,train,0,0,0,0,0,0,1
2,0x21fa491fdbbf9f471e09513360563a9798e8f112,train,0,0,0,0,0,0,0
2,buggy_40x64f505822e7144b0dbb7a36c7b35c777d5cddc17_SafeMath_mul,train,0,1,0,0,0,0,0
2,buggy_430xd0000bea72c7eaa3d5086967a982503104113c24_ForTheBlockchain_allowance,train,0,0,0,1,0,0,0
2,0xd5967fed03e85d1cce44cab284695b41bc675b5c0xbea35cddf0029321bea86715bdce6d7db73d2a43_GanjaFarm_ShrimpFarmer,train,0,0,0,0,0,0,1
2,buggy_280xde960de55c59c3fd139c792564329523531f1e18_SafeMath_mod,train,0,0,0,0,0,0,1
2,buggy_380xcb7156fcc5eb8612cb3856b4f716e938ba761c94_SafeMath_mul,train,0,0,0,1,0,0,0
2,buggy_110x469202bb405f940cd908ddbc28155a70703a4840_ERC20_balanceOf,train,0,0,0,1,0,0,0
2,time_manipulation__buggy_5,train,0,0,0,0,0,1,0
2,0xe894d54dca59cb53fe9cbc5155093605c7068220,train,0,0,0,0,0,0,1
2,0xf6c9ba140b47d336b0c16c87642a83cacd44857e,train,0,0,0,0,0,0,0
2,buggy_140x65565ae3ef290215c87e956065a451e4b40e1823_TokenTimelock_releaseTime,train,0,0,0,1,0,0,0
2,eth_tx_order_dependence_minimal0xb2501a43089d2d5d61917d4acc921f4a1689e32f_AbcdEfg_totalSupply,train,0,0,0,1,0,0,0
2,buggy_110xf5e7ecb7f6011f35f7f0781922784467a149c405_SafeMath_Connor_mul,train,0,0,0,1,0,0,0
2,ether_lotto0x03b267325193fd0c15ca0d2a693e54213c2afcb6_ERC20Token_balanceOf,train,0,0,0,0,0,1,0
2,buggy_270x4f375b916cdbb1c389385832d8a1e0faabe2ce13_SafeMath_div,train,1,0,0,0,0,0,0
2,front_running__buggy_3,train,0,0,0,1,0,0,0
2,uncheck__buggy_28,train,0,0,0,0,0,0,1
2,0xe4eabdca81e31d9acbc4af76b30f532b6ed7f3bf,train,0,0,0,0,0,0,1
2,0x992e3ce20febb7fade6fbe32ae1d4b146f471c47,train,0,0,0,0,0,0,0
2,buggy_20x6c970e1c693829b96e8c82311a0c43a8c809df4c_SafeMath_mod,train,1,0,0,0,0,0,0
2,etherbank0xd90dd9aeff7a347112dd07a892a52dd2d5627877_SafeMath_div,train,0,0,0,0,1,0,0
2,0xfc7ade404260abbc1ad519548d3fe0856dc304d0,train,0,0,0,0,0,0,0
2,buggy_40x4f375b916cdbb1c389385832d8a1e0faabe2ce13_Ownable_owner,train,0,0,0,0,1,0,0
2,buggy_270x5d4cfc3c5b79ab867c338fa6219fd1aad71f67e3_DonavanTrust_balanceOf,train,0,1,0,0,0,0,0
2,front_running__buggy_35,train,0,0,0,1,0,0,0
2,buggy_380x395d3d67f3ef6c626da4a06a7bffecfc4f089b78_SerenityTeamAllocator_unlock,train,0,0,0,0,0,1,0
2,buggy_230x616a74e4895bfe762da00b95877f25bef0d0d3c8_BasicToken_balanceOf,train,0,0,0,1,0,0,0
2,0xb37f18af15bafb869a065b61fc83cfc44ed9cc27,train,0,0,0,0,0,0,1
2,0x2972d548497286d18e92b5fa1f8f9139e5653fd20x5985e21f48b47ec33e19a40549f60d3ef7a797f8_ProofOfExistence_publishTopTimeBeat,train,0,0,0,0,0,0,1
2,0x63bcfa2aaf618662b76e58eae4ee410f933b47ac,train,0,0,0,0,0,0,0
2,0x4fce5178346fc58a0a1261ec2306acc39ed801ab,train,0,0,0,0,0,0,0
2,buggy_400x45c998a972e6449858206775d50f3925eb1e5b1b_SafeMath_div,train,1,0,0,0,0,0,0
2,0xd5967fed03e85d1cce44cab284695b41bc675b5c0xf2a173ce6c3556cb39734f805b6fba2159a0fe91_SafeMath_mul,train,0,0,0,0,0,0,1
2,FibonacciBalance,train,1,0,0,0,0,0,0
2,buggy_280xcb9eea7d381094875cf1876da9522ffb4bc59a7c_SafeMath_div,train,0,0,0,1,0,0,0
2,0x524960d55174d912768678d8c606b4d50b79d7b10xc8e6cd948e3f6c586c9af12ea23c504d0933e19a_BasicToken_totalSupply,train,0,0,0,0,0,0,1
2,phishable0x484fa8db2f005a7c19f4e3049fcc0fa363384cb5_Crowdsale_stopSale,train,1,0,0,0,0,0,0
2,0x610495793564aed0f9c7fc48dc4c7c9151d34fd6,train,0,0,0,0,0,0,1
2,buggy_400xdee1a3bce0bba1c811f0a50d67ff4fb70e791f60_SafeMath_mul,train,1,0,0,0,0,0,0
2,buggy_140x97472ce862fc811ecbed9f3123e1dbf55fe40c9b_SafeMath_mul,train,0,0,0,0,0,0,1
2,time_manipulation__buggy_24,train,0,0,0,0,0,1,0
2,0xe5a5f138005e19a3e6d0fe68b039397eeef2322b,train,0,0,0,0,0,0,0
2,mishandled0x2c7bc39b1b0c9fdf200fd30c74c0a9a41c2c7047_JigsawGames2_MiningRigFarmer,train,0,0,0,0,0,0,1
2,buggy_380x65565ae3ef290215c87e956065a451e4b40e1823_TokenTimelock_beneficiary,train,0,1,0,0,0,0,0
2,buggy_230x66c6e6be5736046021381054d26e15a2f123d8f8_SafeMath_div,train,0,0,0,0,0,0,1
2,buggy_90x7941f0ff95884f45f965eac9bf1678ed34ef1665_owned_owned,train,0,0,0,0,0,0,1
2,buggy_400x6001de41576fd5d2fb2862a3fb0039ca6c589a0d_SafeMath_mul,train,1,0,0,0,0,0,0
2,buggy_440x56f55be60317948412cba68bd89f1ab1365d7da6_Edunut_balanceOf,train,0,0,0,0,0,0,1
2,odds_and_evens0x4a57e687b9126435a9b19e4a802113e266adebde_BasicToken_totalSupply,train,0,0,0,1,0,0,0
2,buggy_440xb58ce9456a52b6c53773e0c621a17b35d708a215_KittyBounties_,train,0,0,0,1,0,0,0
2,buggy_170x00fc270c9cc13e878ab5363d00354bebf6f05c15_VNXLU_decimals,train,0,0,0,0,0,1,0
2,buggy_30xb70e23a235eb97a5397261be9a85de73eba212c1_ERC20_totalSupply,train,0,0,0,0,1,0,0
2,0xd41f5a9bf9ff2aed4497f39bb3ccb5ef58346aff,train,0,0,0,0,0,0,0
2,buggy_430x39f5be9f4b18830c9bb17cfdb045a4724c3d3b28_MCCIT_setOwner,train,0,0,0,1,0,0,0
2,buggy_280xd869755384bbed1c05fc18ee098e829227a1a3eb_SafeMath_mul,train,1,0,0,0,0,0,0
2,buggy_20xd0d87c21af72e320d62bed336e543a3938e89b6a_SafeMath_div,train,0,0,1,0,0,0,0
2,dos__buggy_25,train,0,0,1,0,0,0,0
2,reentrancy_cross_function,train,0,0,0,0,1,0,0
2,buggy_440x09a8501e22da800cb7a482fc5e2bf32c90a55995_FLX_freezeAccount,train,0,0,0,1,0,0,0
2,mapping_write0x13565ed69a6997dada0cc0e2087f08504626d9db_SafeMath_div,train,1,0,0,0,0,0,0
2,integer_overflow_minimal0x7c6f0f0bb581e479f72c31abb6a89013cbba5b7a_Moneda_balanceOf,train,0,1,0,0,0,0,0
2,unprotected0,train,1,0,0,0,0,0,0
2,buggy_380x3b18610670ab6d6df6eb0642c5f90416aa076995_BariCoin_,train,1,0,0,0,0,0,0
2,buggy_270xe463d1ee18bcbce681215d15738018eadaa82260_SafeMath_add,val,0,1,0,0,0,0,0
2,odds_and_evens0xacac2019b9c3b100ed78a61208dcb64db4a60e44_SafeMath_safeDiv,val,0,0,0,1,0,0,0
2,0xa4d1dbfe6850b4e9b8935c8b80ae11b1c12a0927,val,0,0,0,0,0,0,0
2,integer_overflow_10x03966330e7f60c95d2d8dd043735eea901c5e4e0_Ownable_owner,val,0,1,0,0,0,0,0
2,buggy_140x309a758f5f33bd4418876b32d38c8d15c59c7799_SafeMath_mul,val,0,0,1,0,0,0,0
2,0xa46edd6a9a93feec36576ee5048146870ea2c3ae0xa1b85dbba00f8d99ad1da05010fcc9e92c4aec60_SafeMath_min256,val,0,0,0,0,0,0,1
2,buggy_380x68eb95dc9934e19b86687a10df8e364423240e94_SafeMath_mod,val,0,0,0,0,0,1,0
2,buggy_280x677294c0e019145f595914be0ea5e5dc27974cc6_Owned_acceptOwnership,val,0,0,0,1,0,0,0
2,0xcfe17aebf83381a651ceed832767ae7bab7b4055,val,0,0,0,0,0,0,0
2,integer_overflow_mapping_sym_10x676abde481967851b0c28e81bde8561e756d75e8_ModulumInvestorsWhitelist_ModulumInvestorsWhitelist,val,0,1,0,0,0,0,0
2,buggy_380x44f903884941b591ba1359d62c4cd04f3feb2235_SafeMath_mul,val,1,0,0,0,0,0,0
2,reentrancy_insecure0xb8366948b4a3f07bcbf14eb1739daa42a26b07c4_SafeMath_mul,val,0,0,0,0,1,0,0
2,0xa07519032c24799354b6efedd38c3b704226b2f2,val,0,0,0,0,0,0,0
2,access_control__buggy_40,val,1,0,0,0,0,0,0
2,buggy_50x4a57e687b9126435a9b19e4a802113e266adebde_Ownable_Ownable,val,0,0,0,0,0,0,1
2,auction0x13565ed69a6997dada0cc0e2087f08504626d9db_SafeMath_mod,val,0,0,1,0,0,0,0
2,0x59d8c5a3e2d25a550e294d82dfb2a3128d324bbc,val,0,0,0,0,0,0,0
2,time_manipulation__buggy_31,val,0,0,0,0,0,1,0
2,buggy_30xa5034d01bb9e14bdd2d59f645a40c4b1ba40545c_AbstractToken_balanceOf,val,0,0,0,1,0,0,0
2,reentrancy__buggy_4,val,0,0,0,0,1,0,0
2,buggy_20x309a758f5f33bd4418876b32d38c8d15c59c7799_Controller_Owner,val,0,0,0,0,0,0,1
2,0x066128b9f7557b5398db3d4ed141f2e64245ffa1,val,0,0,0,0,0,0,0
2,0x52d2e0f9b01101a59b38a3d05c80b7618aeed9840xa1b85dbba00f8d99ad1da05010fcc9e92c4aec60_SafeMath_min256,val,0,0,0,0,0,0,1
2,arithmetic__buggy_30,val,0,1,0,0,0,0,0
2,buggy_430x9272fd58aba57f4b73049d719abc9053cebfa679_SafeMath_mul,val,0,0,0,0,0,0,1
2,buggy_440xcb7156fcc5eb8612cb3856b4f716e938ba761c94_SafeMath_mul,val,0,0,0,0,0,0,1
2,buggy_400x20d11cb319552871969526f4c58b99c34df9e6ed_BasicToken_balanceOf,val,0,0,1,0,0,0,0
2,0x4a66ad0bca2d700f11e1f2fc2c106f7d3264504c0x0a7073207bac23865e0e3b204615364b5a9d3783_HRKD_getInvested,val,0,0,0,0,0,0,1
2,buggy_40xebdf9a7ae0009b958c6d09501eb9ac1dafeb31ab_SafeMath_div,val,0,0,1,0,0,0,0
2,0x0ef987c2be871851176e46b098083b8f0fef4c17,val,0,0,0,0,0,0,0
2,arithmetic__buggy_12,val,0,1,0,0,0,0,0
2,buggy_240x3b3801f0fc76528e42390df701f513fc62cbf154_FixedSupplyToken_,val,1,0,0,0,0,0,0
2,mishandled0x1ce865c81e76aafd2003e69acd2d196d19aac144_SafeMath_div,val,0,0,0,0,0,0,1
2,0x7ec0a611e7d491fbeef62dbebbdb3e65e019bf9b,val,0,0,0,0,0,0,0
2,buggy_400x2d3b86234a16a1d558945c6f9c5eb2443275a4f2_SafeMath_mul,val,0,0,0,0,0,0,1
2,time_manipulation__buggy_48,val,0,0,0,0,0,1,0
2,reentrancy__buggy_43,val,0,0,0,0,1,0,0
2,buggy_30xa48711840b4ce07800b06ea4860d73ca55a836ec_SafeMath_div,val,0,0,1,0,0,0,0
2,buggy_20xb8c6ad2586bb71d518c2aaf510efe91f82022f58_SafeMath_div,val,0,0,1,0,0,0,0
2,time_manipulation__buggy_2,val,0,0,0,0,0,1,0
2,0xa46edd6a9a93feec36576ee5048146870ea2c3ae,val,0,0,0,0,0,0,1
2,ether_lotto0xac2e58a06e6265f1cf5084ee58da68e5d75b49ca_SafeMath_div,val,0,0,0,0,0,1,0
2,0x12345678979f29ebc99e00bdc5693ddea564ca80,val,0,0,0,0,0,0,0
2,buggy_30x30521e4ccc4d0494d624394fc275ead318051de8_SafeMath_mul,val,0,0,0,0,0,0,1
2,time_manipulation__buggy_35,val,0,0,0,0,0,1,0
2,0x70f9eddb3931491aab1aeafbc1e7f1ca2a012db40x7a8246fd9072b9ed583c34993747b113da6d31d5_SafeMath_safeDiv,val,0,0,0,0,0,0,1
2,access_control__buggy_20xc617d51e3a1f621da8ae67b2f652d6ac02eb8d95_SafeMath_safeMul,val,1,0,0,0,0,0,0
2,token0xa746564ae854f6f023d01ed159b0333f92c472dc_ERC20_totalSupply,val,0,1,0,0,0,0,0
2,buggy_400x535bfc6883442f2ebe26171c2716cb25b623792c_Owned_acceptOwnership,val,0,1,0,0,0,0,0
2,0x3c1634291868ddffa037222991babfccd8400921,val,0,0,0,0,0,0,0
2,reentrancy_simple,val,0,0,0,0,1,0,0
2,eth_tx_order_dependence_minimal0x0ebb614204e47c09b6c3feb9aaecad8ee060e23e_SafeMath_mul,val,0,0,0,1,0,0,0
2,buggy_400xd4f6f9ae14399fd5eb8dfc7725f0094a1a7f5d80_FixedSupplyToken_allowance,val,0,1,0,0,0,0,0
2,buggy_40x1863d1351fc3003f1ad361939248e3a3a114958e_SafeMath_mod,val,0,0,0,1,0,0,0
2,arithmetic__buggy_34,val,0,1,0,0,0,0,0
2,arithmetic__buggy_40,val,0,1,0,0,0,0,0
2,wallet_03_wrong_constructor0x945192524c6605d20be6c529dd318666b74078bc_ERC20_isAccountFreezed,val,1,0,0,0,0,0,0
2,front_running__buggy_32,val,0,0,0,1,0,0,0
2,buggy_240x6b9d46a223ffa343f8b14d855a8314b0eff7fcb7_FormSI060719_balanceOf,val,1,0,0,0,0,0,0
2,buggy_430x0257e647404ebf460266048a2b87ed352fb45c7d_SafeMath_sub,val,0,0,1,0,0,0,0
2,buggy_430xc46ef00408b400975b375ba81c6c227bb62c6539_ImpMine_getDestinationWallet,val,0,0,1,0,0,0,0
2,etherbank0x416768387836bd8715d127ef9065975325cfad14_GoTDragonFarm_claimFreeDragon,val,0,0,0,0,1,0,0
2,0x18b80470e22d8645d366910a0bd610f359fdd143,val,0,0,0,0,0,0,0
2,arithmetic__buggy_9,val,0,1,0,0,0,0,0
2,0x831b1cf1387c388ed8eae955e895d90b2adb2244,val,0,0,0,0,0,0,0
2,phishable,val,1,0,0,0,0,0,0
2,tokensalechallenge,val,0,1,0,0,0,0,0
2,0x1252e72f73a5fede1a217c44f11a2caa24f406a7,val,0,0,0,0,0,0,0
2,0x7d03b834e1f302547e40f1def6bff774c3386526,val,0,0,0,0,0,0,0
2,wallet_02_refund_nosub,val,1,0,0,0,0,0,0
2,buggy_110x9f7002b797ed7170d7e5c7326781bc0dd83055b9_ERC20_allowance,val,0,0,0,0,0,0,1
2,0x67a2f7c7ec5ba1c1be768d8065d71566cadfdeef,val,0,0,0,0,0,0,0
2,uncheck__buggy_47,val,0,0,0,0,0,0,1
2,0x958a8f594101d2c0485a52319f29b2647f2ebc06,val,0,0,0,0,0,0,1
2,0xeec8516af05bc9b34c1c8d0e25989bddab2e7bd9,val,0,0,0,0,0,0,0
2,buggy_380xfa90d6a9a8b7fcdcbbb06e441c0ecaa57f55b11e_Owned_acceptOwnership,val,0,0,0,0,0,1,0
2,buggy_380x122379cc33bd264bbaae71bb6bbe28cd75f7e6f1_SafeMath_mul,val,0,0,1,0,0,0,0
2,0x2972d548497286d18e92b5fa1f8f9139e5653fd2,val,0,0,0,0,0,0,1
2,0xdd5151da2ab25566e1d2a3c9a3e77396303f8a93,val,0,0,0,0,0,0,0
2,0x04ead19ff234b55a6e65391fe553d4baaa5b7ebb,val,0,0,0,0,0,0,0
2,etherstore,val,0,0,0,0,1,0,0
2,buggy_190xda7bf696953ce9a74f5fbf79ce3f99572dede591_ERC20Detailed_decimals,val,0,1,0,0,0,0,0
2,simple_dao0x92a863fd7e33336ed128acbaf0d52e2267f6f575_Ownable_owner,val,0,0,0,0,1,0,0
2,buggy_140x65565ae3ef290215c87e956065a451e4b40e1823_SafeMath_mod,val,0,0,0,0,0,1,0
2,uncheck__buggy_1,val,0,0,0,0,0,0,1
2,buggy_110x1c3ac706cf023365004f48da5094ff01c3bed4f2_SafeMath_div,val,1,0,0,0,0,0,0
2,0x5d2f6108c30a8f93d4a956f74d2289e5ed86e5c3,val,0,0,0,0,0,0,0
2,buggy_120xa0008f510fe9ee696e7e320c9e5cbf61e27791ee_SafeMath_div,val,0,0,0,0,0,0,1
2,0x52d2e0f9b01101a59b38a3d05c80b7618aeed9840x934296f39475cbdb4b1aff9b25f11fcdd0b22da8_SafeMath_mod,val,0,0,0,0,0,0,1
2,buggy_40x950cc70dd44fec5194e868973ad83f21c335ab71_Pausable_addDistributionContract,val,0,0,0,1,0,0,0
2,buggy_110x3ee2fd8e38a16f06ab85d684e062c0cf7d0e9a8b_ERC20Detailed_decimals,val,1,0,0,0,0,0,0
2,buggy_110xcb9eea7d381094875cf1876da9522ffb4bc59a7c_SafeMath_mod,val,0,0,0,1,0,0,0
2,0x230c2a140e758087f7107dd31943c5c03b819e55,val,0,0,0,0,0,0,0
2,dos__buggy_50,val,0,0,1,0,0,0,0
2,buggy_110x2e8b4fd4cc4c6ce21e67d336d3f0f211732a6302_Owned_acceptOwnership,val,1,0,0,0,0,0,0
2,buggy_40xfe3cd0bc540f201afe9fca041b8e444dd053edc1_FucksToken_,val,0,0,1,0,0,0,0
2,0x763a67be94e2494dbffdcc62cee4ed8f761f6770,val,0,0,0,0,0,0,0
2,0xf7f8d017acb918e21f1463461ead2ad27db8abc5,val,0,0,0,0,0,0,0
2,token,val,0,1,0,0,0,0,0
2,0xb7c5c5aa4d42967efe906e1b66cb8df9cebf04f7,val,0,0,0,0,0,0,1
2,0x275da025fa3216b15583c565cf77cc482481e4ad,val,0,0,0,0,0,0,0
2,buggy_140x17070be71f8082767509aa4552e0ded11bd667ec_SafeMath_div,val,0,1,0,0,0,0,0
2,simple_dao0x836663ddf0b2880314cd3d503508dd97b7fbeeea_CyberShekel_balanceOf,val,0,0,0,0,1,0,0
2,0xd110bb8a24b100c37af7310416e685af807c1f10,val,0,0,0,0,0,0,0
2,integer_overflow_mapping_sym_10x416768387836bd8715d127ef9065975325cfad14_GoTDragonFarm_seedMarket,val,0,1,0,0,0,0,0
2,0x1105536cc57be95a126e05c80262252b8c9998db,val,0,0,0,0,0,0,0
2,buggy_400x63bcfa2aaf618662b76e58eae4ee410f933b47ac_SafeMath_mod,val,0,0,0,0,0,0,1
2,buggy_140xb8c6ad2586bb71d518c2aaf510efe91f82022f58_SafeMath_div,val,0,0,1,0,0,0,0
2,buggy_140x8da10d1d4e03cd2459ebafb91439a9eba1cef42e_SafeMath_safeDiv,val,0,0,0,0,0,1,0
2,buggy_280x4fa3ecf14b8c66215b5e9110d5a13da8f71c5e60_SafeMath_div,val,0,0,0,0,0,1,0
2,0xd5967fed03e85d1cce44cab284695b41bc675b5c0xa6fd6f9b44127dbdc02fa1712fbedd21d14b4f20_BCE_BCEToken,val,0,0,0,0,0,0,1
2,buggy_270x2ef54146f130d428df4ff57775439ca5bae36bac_SafeMath_mul,val,1,0,0,0,0,0,0
2,eth_tx_order_dependence_minimal0xedf44412b47a76e452fd133794e45d9485e4cd4b_Pausable_paused,val,0,0,0,1,0,0,0
2,buggy_440xd8b5bc0773ac589e11fc8c21abcc8441951fd4c7_AbstractToken_,val,0,0,0,0,1,0,0
2,buggy_380x45c998a972e6449858206775d50f3925eb1e5b1b_SafeMath_div,val,1,0,0,0,0,0,0
2,odds_and_evens,val,0,0,0,1,0,0,0
2,ether_lotto0x7332077db22f7c1df320e757a77e8871377976da_MiningRigFarmer_seedMarket,val,0,0,0,0,0,1,0
2,reentrancy_insecure0x7941f0ff95884f45f965eac9bf1678ed34ef1665_SafeMath_sub,val,0,0,0,0,1,0,0
2,buggy_40xc6003a33f7464d6e6c1dc17344a75a9952187541_Lockable_lockedPeriod,val,0,0,0,1,0,0,0
2,0x189fdb81e99c9c1a442a7e4b9cf4a389ca7878b7,val,0,0,0,0,0,0,0
2,0x7f5a8e08a693ea75d6ee87de54886ec013f31e11,val,0,0,0,0,0,0,0
2,buggy_260x0f7feaeeb7872bfeb39da593f60c2a3b65d16e93_SafeMath_safeMul,val,0,0,0,1,0,0,0
2,0x70f9eddb3931491aab1aeafbc1e7f1ca2a012db40x7a7e1c7157367e224542d92f3c8493bb4dc28878_BasicToken_balanceOf,val,0,0,0,0,0,0,1
2,buggy_110x000c100050e98c91f9114fa5dd75ce6869bf4f53_ERC20Detailed_decimals,val,1,0,0,0,0,0,0
2,buggy_440x1c3ac706cf023365004f48da5094ff01c3bed4f2_SafeMath_div,val,0,0,0,1,0,0,0
2,0xe043dd0c6712b862d68be955f4a031940fbb5513,val,0,0,0,0,0,0,0
2,buggy_380xaffdbbbdd400bb780dea5307b39187d1e9edc1cc_SafeMath_mul,val,0,0,0,1,0,0,0
2,buggy_140xd4ec1572aa1e4e764532e0a887a979d6a80ae78e_SafeMath_mul,val,0,0,1,0,0,0,0
2,0x341ffd5852614e6a9189dc2931cb7ec3f10605b0,val,0,0,0,0,0,0,0
2,reentrancy__buggy_29,val,0,0,0,0,1,0,0
2,integer_overflow_10x767d4dae2c06dd73a803445b28a3f7313e64a36a_BasicToken_totalSupply,val,0,1,0,0,0,0,0
2,buggy_40xc6003a33f7464d6e6c1dc17344a75a9952187541_SafeMath_mod,val,1,0,0,0,0,0,0
2,wallet_03_wrong_constructor,val,1,0,0,0,0,0,0
2,0x230c018122e0e101e57889c4a067787678bcf853,val,0,0,0,0,0,0,0
2,buggy_440xee89f20cb132e134c9ffccf623f6d01f73591bce_ERC20_balanceOf,val,0,0,0,0,0,0,1
2,buggy_280x0e97dcbe67df2a0d3fbcd983c04990e6d0cbb566_SafeMath_div,val,0,0,0,1,0,0,0
2,buggy_20x538cc4af284ba376ad5bad0d364fbc9fb302546a_SafeMath_mul,val,0,0,0,0,0,0,1
2,0x9b13026a4430acbfd3d80d9dea2cebc4e7d1d79a,val,0,0,0,0,0,0,0
2,buggy_280x63bcfa2aaf618662b76e58eae4ee410f933b47ac_SafeMath_mod,val,1,0,0,0,0,0,0
2,0x04a6e67d14715dd0e267b35805fea24fd0b5f70b,val,0,0,0,0,0,0,0
2,0x2972d548497286d18e92b5fa1f8f9139e5653fd20x1f32ef0dc9fecdd72f18bb834fa0d16be5768b41_Ownable_Ownable,test,0,0,0,0,0,0,1
2,0xdd806c4fdad2949a97fda79036cfbb8750181b37,test,0,0,0,0,0,0,0
2,buggy_110xd5ca9646cf0fc525c1631320e8d78968774f7aeb_SafeMath_safeDiv,test,0,0,0,1,0,0,0
2,0x2fba8cbbdaa357f7385c0a9e4091e5cc66b2146e,test,0,0,0,0,0,0,0
2,odds_and_evens0xd69b45172657b88f414cf5eb8941b52ac4ae55db_ERC20_balanceOf,test,0,0,0,1,0,0,0
2,buggy_380x151d9d5e9c9f5adceebd3597df050ba9dd41d507_CoinsNetwork_,test,0,0,0,0,0,1,0
2,0x01f8c4e3fa3edeb29e514cba738d87ce8c091d3f,test,0,0,0,0,1,0,0
2,etherbank0xa77a2938712c2f91f9096d41dae7b4a79c60ebd7_ctf_ctf,test,0,0,0,0,1,0,0
2,access_control__buggy_240x36aa67777b842a4b5670067634ed5ad9365759ee_FixedSupplyToken_allowance,test,1,0,0,0,0,0,0
2,0xe82f0742a71a02b9e9ffc142fdcb6eb1ed06fb87,test,0,0,0,0,0,0,1
2,0xb11b2fed6c9354f7aa2f658d3b4d7b31d8a13b770x9806f88f86bf701d4a43b7b82732be80c4773f17_SafeMath_mod,test,0,0,0,0,0,0,1
2,buggy_140x366cf49c6bc3986b20ecf4fd7c05f0c617332e8c_ERC721_balanceOf,test,0,1,0,0,0,0,0
2,buggy_30xaa44a4443d095a8064104ed680ef5070fa72399c_LTLNN_balanceOf,test,0,0,0,0,1,0,0
2,0x14eae1322abcadf490bc6ebd6a821a86373e20c4,test,0,0,0,0,0,0,0
2,0x2c72ee35637cb6df00f8c07595b564a05f667006,test,0,0,0,0,0,0,0
2,0x19cf8481ea15427a98ba3cdd6d9e14690011ab10,test,0,0,0,0,0,0,1
2,0x524960d55174d912768678d8c606b4d50b79d7b1,test,0,0,0,0,0,0,1
2,0x9ecc1e438655e1dd724283f9bd3ded379cb6ca37,test,0,0,0,0,0,0,0
2,0x5ef03102da24a7d953047ec2a7bf0816fb5a1ee0,test,0,0,0,0,0,0,0
2,uncheck__buggy_20,test,0,0,0,0,0,0,1
2,buggy_110xff02b17386f94da201cff84a6a7482ec2c452ef3_ERC20Detailed_decimals,test,0,0,0,0,1,0,0
2,0xfb252087abd657d69e243efaba2d972432f695c8,test,0,0,0,0,0,0,0
2,buggy_280xebdf9a7ae0009b958c6d09501eb9ac1dafeb31ab_SafeMath_div,test,1,0,0,0,0,0,0
2,buggy_30x00fc270c9cc13e878ab5363d00354bebf6f05c15_VNXLU_,test,0,0,0,1,0,0,0
2,0x47b8b6256f49cba6c8bd37361cac8b0fe324d605,test,0,0,0,0,0,0,0
2,0x23a91059fdc9579a9fbd0edc5f2ea0bfdb70deb4,test,0,0,0,0,1,0,0
2,buggy_400x89ca91cfdb0ae8bc3abc659bc0b5fdc866e9d5cd_InchWormPOC_allowance,test,0,0,1,0,0,0,0
2,0x4a66ad0bca2d700f11e1f2fc2c106f7d3264504c0x4726bf61c3a8df967b6f2c805659810e8d343218_Agriss_transfer,test,0,0,0,0,0,0,1
2,arithmetic__buggy_35,test,0,1,0,0,0,0,0
2,buggy_110xb70e23a235eb97a5397261be9a85de73eba212c1_SafeMath_div,test,0,0,1,0,0,0,0
2,buggy_150x40e6131e32e7a86e072d80d12ecb94d7e3d09fa1_SafeMath_mul,test,0,0,0,0,0,0,1
2,uncheck__buggy_15,test,0,0,0,0,0,0,1
2,etherbank0x76d376f1da5335b83d0d16870053b6533d1b18c8_SafeMath_safeDiv,test,0,0,0,0,1,0,0
2,time_manipulation__buggy_11,test,0,0,0,0,0,1,0
2,buggy_110x0e8bc4a71814b91fe77b0a79768b2403422f99f7_SafeMath_mod,test,0,0,0,1,0,0,0
2,overflow_single_tx0xa657a8cfa71397fb360f8d95f372adfd46a57644_CatsCradle_cradle,test,0,1,0,0,0,0,0
2,buggy_190x66c6e6be5736046021381054d26e15a2f123d8f8_ERC20_balanceOf,test,0,1,0,0,0,0,0
2,0x38f9ff2e8cd3227d0278fb4d945ff8c03c4c9ef6,test,0,0,0,0,0,0,0
2,lottopollo0xa2e4fb662ba999a1e1bac839340c4d34e36e5d19_FlightDelayAddressResolver_FlightDelayAddressResolver,test,0,0,0,0,0,1,0
2,0x4a57e687b9126435a9b19e4a802113e266adebde,test,0,0,0,0,0,0,0
2,0x85954c0adde80c73b019a92c08e0d22f16ac4067,test,0,0,0,0,0,0,0
2,access_control__buggy_39,test,1,0,0,0,0,0,0
2,0x0be4a987fd8dcbd2fff64ba4131d3a208307f667,test,0,0,0,0,0,0,0
2,buggy_280x4ffe33e525042cc84c503db5842ecda280f4a805_GreenWorldProject_,test,0,0,0,0,1,0,0
2,0x55f359a60d458d3d215e7a51539084fc3f65daad,test,0,0,0,0,0,0,0
2,reentrancy_simple0x45ecd27a81df8ca0848cdef0b7d325ea40c581fe_SafeMath_safeMul,test,0,0,0,0,1,0,0
2,buggy_30x32470ff2a384becbd33c2b70f3cd4ba6192cb368_ERC20_allowance,test,0,0,0,0,0,0,1
2,eth_tx_order_dependence_minimal0x1c0addffeb8a2c63de6ec734ad1728240cd8d877_ProofOfExistence_get,test,0,0,0,1,0,0,0
2,buggy_440xf000ca9fbb684bfa2f5f8b36fdf222970fc93763_StandardToken_approve,test,0,0,0,0,1,0,0
2,arithmetic__buggy_3,test,0,1,0,0,0,0,0
2,buggy_240x9e92ead7ea826c174cd6a05d172375db60df188d_RadToken_allowance,test,0,1,0,0,0,0,0
2,buggy_380xd648801ac646e5b6c1c8f403218b80e0d275274d_BasicToken_balanceOf,test,0,0,0,0,0,1,0
2,odds_and_evens0x92a863fd7e33336ed128acbaf0d52e2267f6f575_Ownable_owner,test,0,0,0,1,0,0,0
2,reentrancy_bonus0x1c0addffeb8a2c63de6ec734ad1728240cd8d877_ProofOfExistence_get,test,0,0,0,0,1,0,0
2,dos__buggy_49,test,0,0,1,0,0,0,0
2,ether_lotto0x6669c10955f8f3a64025ae9793b9a92e777d628d_SafeMath_div,test,0,0,0,0,0,1,0
2,integer_overflow_minimal0x6b05fb952c2c986c2e005d29e33dbc48d07b7577_Ownable_owner,test,0,1,0,0,0,0,0
2,dos__buggy_4,test,0,0,1,0,0,0,0
2,buggy_240x26fb7f1ec05f731678f894b1ef4e2c2110dfccb2_ERC20_totalSupply,test,0,0,0,0,0,0,1
2,buggy_240x697fc9371a33a98078543b777ca7d5c8009d6d0b_SafeMath_div,test,0,1,0,0,0,0,0
2,buggy_440x6da90c566e1f4771a74fe0ce047c3763a5f79e79_SafeMath_div,test,0,0,0,0,1,0,0
2,uncheck__buggy_38,test,0,0,0,0,0,0,1
2,reentrancy_bonus0xac23817f7e9ec7eb6b7889bdd2b50e04a44470c5_BasicToken_totalSupply,test,0,0,0,0,1,0,0
2,0xf2570186500a46986f3139f65afedc2afe4f445d0xeda5d9c59fd296aba054706d731d07947efed171_Ownable_Ownable,test,0,0,0,0,0,0,1
2,buggy_270x04ec339271ed913ee4104cb3d03574d72d7e5ac9_SafeMath_div,test,0,0,0,1,0,0,0
2,buggy_10x0ecf0851b2cb945ddbee413c0e23f0c01cd4df7d_ERC20_totalSupply,test,0,0,0,0,0,1,0
2,buggy_440xcb9eea7d381094875cf1876da9522ffb4bc59a7c_SafeMath_mul,test,0,0,0,0,1,0,0
2,buggy_430x39644476e9a3a882fbfb98a69ef2e82e56eccb90_MEADCOIN_,test,0,0,0,1,0,0,0
2,integer_overflow_mapping_sym_10x416768387836bd8715d127ef9065975325cfad14_GoTDragonFarm_claimFreeDragon,test,0,1,0,0,0,0,0
2,integer_overflow_multitx_onefunc_feasible0x7421c18f8ea6245cf1242c335daf2659927014fa_PingContract_pingBlock,test,0,1,0,0,0,0,0
2,buggy_280x927c993100ec88012afebf1bff292cf2d4c6317a_Pausable_addDistributionContract,test,1,0,0,0,0,0,0
2,timelock0xdbcf6ed2bc28df9d2fa97e6db49a79be7439ee74_ERC20Token_allowance,test,0,1,0,0,0,0,0
2,buggy_430x0f02e27745e3b6e9e1310d19469e2b5d7b5ec99a_ERC20_allowance,test,0,0,0,1,0,0,0
2,token0x70a9c7a1977792fa4eb7f89ecfc02d3d14dba054_DAppTest_changeBoolean,test,0,1,0,0,0,0,0
2,eth_tx_order_dependence_minimal0xf5d714d9cd577b7daf83f84aea37a1eb0787e7ad_BasicToken_totalSupply,test,0,0,0,1,0,0,0
2,dos__buggy_31,test,0,0,1,0,0,0,0
2,dos__buggy_26,test,0,0,1,0,0,0,0
2,buggy_190xe0cf1a976503b6e27250d710f7097c004b9a706b_SafeMath_mul,test,0,0,0,0,1,0,0
2,buggy_440xf96aa656ec0e0ac163590db372b430cf3c0d61ca_ERC20Detailed_decimals,test,1,0,0,0,0,0,0
2,buggy_11buggy_140x309a758f5f33bd4418876b32d38c8d15c59c7799_Controller_Owner_SafeMath_mod,test,0,1,0,0,0,0,0
2,front_running__buggy_21,test,0,0,0,1,0,0,0
2,timelock0xd2fa8f92ea72abb35dbd6deca57173d22db2ba49_SafeMath_max,test,0,1,0,0,0,0,0
2,buggy_430x6ee10c4c566166135c8de574ce63f583afc6d2b2_Pausable_paused,test,0,0,0,0,0,0,1
2,buggy_380x9ecc1e438655e1dd724283f9bd3ded379cb6ca37_SafeMath_mod,test,0,0,0,0,0,0,1
2,0xf14922001a2fb8541a433905437ae954419c2439,test,0,0,0,0,0,0,0
2,token0xd8c3427412911b39e184cd47f1d58dd8c85e270d_Crowdsale_unlockTime,test,0,1,0,0,0,0,0
2,buggy_280xfd5fcd146b75aa62262ff80b27e961442ec7c574_InchWormVaultLiveTest_getInchBalance,test,0,0,1,0,0,0,0
2,buggy_280xaffdbbbdd400bb780dea5307b39187d1e9edc1cc_PauserRole_,test,0,1,0,0,0,0,0
2,phishable0x17ca6b74a3292275df419f5c0dd41a8851625968_ERC20_balanceOf,test,1,0,0,0,0,0,0
2,uncheck__buggy_33,test,0,0,0,0,0,0,1
2,etherbank0xf825251d8d0c4da7ebd83b564b61ff3eb0852384_AbstractToken_AbstractToken,test,0,0,0,0,1,0,0
2,buggy_400x3b18610670ab6d6df6eb0642c5f90416aa076995_BariCoin_,test,0,0,0,0,0,0,1
2,buggy_40x9d7bb267cca4c33caaa8dfe3ad05bf6b61eef538_AbstractToken_balanceOf,test,0,0,0,0,0,0,1
2,access_control__buggy_21,test,1,0,0,0,0,0,0
2,integer_overflow_mapping_sym_10xbf5ec0ad2f5ea26530c70dd534d6c82a91e56da6_SafeERC20_safeTransferFrom,test,0,1,0,0,0,0,0
2,eth_tx_order_dependence_minimal0x908c72de29d1e1c384616468428cdb64877232a3_StandardToken_allowance,test,0,0,0,1,0,0,0
2,buggy_280xebcd0ea69b0f2b9bb23021348e9e31517340073f_SafeMath_mul,test,0,0,0,0,0,0,1
2,uncheck__buggy_14,test,0,0,0,0,0,0,1
2,dos_number,test,0,0,1,0,0,0,0
2,0xc4b6c9323f9840e0b2b2a0e65b5dc172378fb9c4,test,0,0,0,0,0,0,0
2,0xfdd369d28168d4ea5eb83f098542a140002feaaa,test,0,0,0,0,0,0,0
2,buggy_270x0e5d3380806f947b151fc3c9ba8946453fada97a_SafeMath_div,test,1,0,0,0,0,0,0
2,FindThisHash,test,0,0,0,1,0,0,0
2,0x189b0fb25ff4f478efec9ef952ecaa086289a770,test,0,0,0,0,0,0,0
2,buggy_110x2af3cd240d4a8e6217e4e85a07c5969e7b4d2023_Ownable_owner,test,0,0,0,0,0,0,1
2,buggy_110x5975993e36eabeffe58cc254b17e61e6a37a3a19_SafeMath_safeDiv,test,0,0,0,0,1,0,0
2,access_control__buggy_14,test,1,0,0,0,0,0,0
2,integer_overflow_mapping_sym_10xdc0168718b22395bcf6bb8888867f3ff03ff5b98_SafeMath_safeMul,test,0,1,0,0,0,0,0
2,0xf2570186500a46986f3139f65afedc2afe4f445d0x38a4d33e68c9f1488791e0ab5d01c620961d21d4_SafeERC20_safeTransferFrom,test,0,0,0,0,0,0,1
2,etherpot_lotto,test,0,0,0,0,0,0,1
2,buggy_400x927c993100ec88012afebf1bff292cf2d4c6317a_Pausable_addDistributionContract,test,0,1,0,0,0,0,0
2,buggy_320x48271aa08d6309895447c067e728e8b140ddf2b4_ERC20_allowance,test,0,0,0,0,0,0,1
2,buggy_260x35b26197ba05fca755e7ff44253bbfa036fee5b4_SafeMath_mul,test,0,1,0,0,0,0,0
2,buggy_430xcaa05e82bdcba9e25cd1a3bf1afb790c1758943d_SafeMath_div,test,0,0,1,0,0,0,0
2,buggy_30x133db2e37d8676e425eca72d3ffc3b97855d31d3_SafeMath_div,test,0,1,0,0,0,0,0
2,0x1fc52f1abade452dd4674477d4711951700b3d27,test,0,0,0,0,0,0,0
2,uncheck__buggy_6,test,0,0,0,0,0,0,1
2,buggy_150xe702af70291b952cdce5c224a18ab1127c449e79_SafeMath_safeDiv,test,0,0,1,0,0,0,0
2,dos__buggy_34,test,0,0,1,0,0,0,0
2,buggy_40x9652847049867929260c9e16b31dfbb3b011817f_FixedSupplyToken_,test,0,0,1,0,0,0,0
2,incorrect_constructor_name3,test,1,0,0,0,0,0,0
2,buggy_30x9587c214951d567e211192f9a7dbb2b9c7211848_multiSend_,test,0,1,0,0,0,0,0
2,dos_address0x1beb353fa1e215457ff16fceec07f7eab9f06565_EscrowWallet_Approve,test,0,0,1,0,0,0,0
2,buggy_380x4fa3ecf14b8c66215b5e9110d5a13da8f71c5e60_CrediPoints_totalSupply,test,0,0,0,0,0,0,1
2,time_manipulation__buggy_23,test,0,0,0,0,0,1,0
2,buggy_40x064240b9b3b069e4ead886d507b7431397b8a39b_SafeMath_mod,test,0,0,1,0,0,0,0
2,0xe8b1b40f2d307bce891833f46eef1f69560e6926,test,0,0,0,0,0,0,0
2,mishandled0xbe7decf6ec9227263fa29da0b2aa41e3d5a95eec_Ownable_Ownable,test,0,0,0,0,0,0,1
2,0x2972d548497286d18e92b5fa1f8f9139e5653fd20x0da2c2f5bb8cef300e894f47532af79811f0e18a_DaEXCoin_approve,test,0,0,0,0,0,0,1
2,reentrancy__buggy_31,test,0,0,0,0,1,0,0
2,arithmetic__buggy_4,test,0,1,0,0,0,0,0
2,reentrancy__buggy_3,test,0,0,0,0,1,0,0
2,buggy_140x01b03903a1660ae507ddbb6224e478bce176c275_SafeMath_mul,test,1,0,0,0,0,0,0
2,buggy_240x5f4506db5b568e103532f84d32a285cdd5aa5751_FixedSupplyToken_balanceOf,test,0,0,0,0,0,0,1
2,uncheck__buggy_3,test,0,0,0,0,0,0,1
2,0xf62c023880e7a90b760794590042f7b2452f3eda,test,0,0,0,0,0,0,0
2,buggy_280xf8d142c7cd9b9d5abf6c449307de40adb8a17b38_SafeMath_mod,test,0,0,1,0,0,0,0
2,0x610495793564aed0f9c7fc48dc4c7c9151d34fd60x7f9ccc73e75ad4e1b5d931dbe77c11328860ef47_Pausable_paused,test,0,0,0,0,0,0,1
2,0x6ee10c4c566166135c8de574ce63f583afc6d2b2,test,0,0,0,0,0,0,0
2,0x4654a62c8d45201542e86233b625a4e33ecb316b,test,0,0,0,0,0,0,0
