epoch   0 loss 1.0026 clss 1.0026 var 0.0298 sc_mean 0.5327 sc_std 0.0710 val_AP 1.0000 val_binF1 1.0000 lr 1.00e-04 0.6s
epoch   1 loss 0.6151 clss 0.6151 var 0.0031 sc_mean 0.6289 sc_std 0.1220 val_AP 1.0000 val_binF1 1.0000 lr 1.00e-04 0.3s
epoch   2 loss 0.2721 clss 0.2721 var 0.0018 sc_mean 0.7278 sc_std 0.1615 val_AP 1.0000 val_binF1 1.0000 lr 1.00e-04 0.3s
epoch   3 loss 0.0984 clss 0.0984 var 0.0002 sc_mean 0.7556 sc_std 0.2019 val_AP 1.0000 val_binF1 1.0000 lr 1.00e-04 0.3s
epoch   4 loss 0.0284 clss 0.0284 var 0.0002 sc_mean 0.7236 sc_std 0.2532 val_AP 1.0000 val_binF1 1.0000 lr 5.00e-05 0.3s
epoch   5 loss 0.0126 clss 0.0126 var 0.0001 sc_mean 0.6896 sc_std 0.2830 val_AP 1.0000 val_binF1 1.0000 lr 5.00e-05 0.3s
early stop at epoch 5（连续 5 epoch val binary AP 不提升）
done seed0 (split_seed0): best val binary AP=1.0000 @ epoch; wall=3.5s train=2.0s graphs/s=1077.95 → runs/perclass_arm/cap20/cls_access_control/seed0

$ python scripts/train.py --seed 0 --split-seed 0 --head binary --pos-weight-cap 20.0 --out-dir runs/perclass_arm/cap20/cls_access_control --graph-dir products/alldata/graphs_ft_p2/cb_ft_ss0 --split-dir products/alldata/splits --label-file products/alldata/perclass_labels/cls_access_control.json --label-key-mode project
[evaluate] 标签来源：file=products/alldata/perclass_labels/cls_access_control.json key_mode=project
seed0 (split_seed0) [head=binary]: test F1 0.5=0.5000 / val_thr(0.5)=0.5000；FPR 0.5=0.0000 FNR 0.5=0.6667；AP=0.4073

$ python scripts/evaluate.py --runs-dir runs/perclass_arm/cap20/cls_access_control --seed 0 --graph-dir products/alldata/graphs_ft_p2/cb_ft_ss0 --split-dir products/alldata/splits --label-file products/alldata/perclass_labels/cls_access_control.json --label-key-mode project
[diagnose] 标签来源：file=products/alldata/perclass_labels/cls_access_control.json key_mode=project
seed0: 逐类诊断完成 → runs/perclass_arm/cap20/cls_access_control/seed0/diagnosis.json （test pos 3）
跨种子聚合 → runs/perclass_arm/cap20/cls_access_control/diagnosis_summary.json

$ python scripts/diagnose.py --runs-dir runs/perclass_arm/cap20/cls_access_control --seed 0 --graph-dir products/alldata/graphs_ft_p2/cb_ft_ss0 --split-dir products/alldata/splits --label-file products/alldata/perclass_labels/cls_access_control.json --label-key-mode project
epoch   0 loss 0.8130 clss 0.8129 var 0.0272 sc_mean 0.5546 sc_std 0.0755 val_AP 0.8667 val_binF1 0.8000 lr 1.00e-04 0.7s
epoch   1 loss 0.6608 clss 0.6608 var 0.0034 sc_mean 0.7240 sc_std 0.1410 val_AP 0.8667 val_binF1 0.8000 lr 1.00e-04 0.3s
epoch   2 loss 0.4347 clss 0.4347 var 0.0014 sc_mean 0.7474 sc_std 0.1789 val_AP 0.9167 val_binF1 0.8571 lr 1.00e-04 0.3s
epoch   3 loss 0.3399 clss 0.3399 var 0.0014 sc_mean 0.7040 sc_std 0.1973 val_AP 1.0000 val_binF1 1.0000 lr 1.00e-04 0.3s
epoch   4 loss 0.2347 clss 0.2347 var 0.0012 sc_mean 0.6632 sc_std 0.2132 val_AP 1.0000 val_binF1 1.0000 lr 1.00e-04 0.3s
epoch   5 loss 0.1366 clss 0.1366 var 0.0005 sc_mean 0.6417 sc_std 0.2375 val_AP 1.0000 val_binF1 1.0000 lr 1.00e-04 0.3s
epoch   6 loss 0.0401 clss 0.0401 var 0.0000 sc_mean 0.6252 sc_std 0.2643 val_AP 1.0000 val_binF1 1.0000 lr 1.00e-04 0.3s
epoch   7 loss 0.0114 clss 0.0114 var 0.0000 sc_mean 0.6081 sc_std 0.2906 val_AP 1.0000 val_binF1 1.0000 lr 5.00e-05 0.3s
epoch   8 loss 0.0062 clss 0.0062 var 0.0000 sc_mean 0.6021 sc_std 0.3052 val_AP 1.0000 val_binF1 1.0000 lr 5.00e-05 0.3s
early stop at epoch 8（连续 5 epoch val binary AP 不提升）
done seed1 (split_seed1): best val binary AP=1.0000 @ epoch; wall=4.3s train=2.9s graphs/s=1104.70 → runs/perclass_arm/cap20/cls_access_control/seed1

$ python scripts/train.py --seed 1 --split-seed 1 --head binary --pos-weight-cap 20.0 --out-dir runs/perclass_arm/cap20/cls_access_control --graph-dir products/alldata/graphs_ft_p2/cb_ft_ss1 --split-dir products/alldata/splits --label-file products/alldata/perclass_labels/cls_access_control.json --label-key-mode project
[evaluate] 标签来源：file=products/alldata/perclass_labels/cls_access_control.json key_mode=project
seed1 (split_seed1) [head=binary]: test F1 0.5=0.8000 / val_thr(0.25)=0.6667；FPR 0.5=0.0000 FNR 0.5=0.3333；AP=0.7222

$ python scripts/evaluate.py --runs-dir runs/perclass_arm/cap20/cls_access_control --seed 1 --graph-dir products/alldata/graphs_ft_p2/cb_ft_ss1 --split-dir products/alldata/splits --label-file products/alldata/perclass_labels/cls_access_control.json --label-key-mode project
[diagnose] 标签来源：file=products/alldata/perclass_labels/cls_access_control.json key_mode=project
seed1: 逐类诊断完成 → runs/perclass_arm/cap20/cls_access_control/seed1/diagnosis.json （test pos 3）
跨种子聚合 → runs/perclass_arm/cap20/cls_access_control/diagnosis_summary.json

$ python scripts/diagnose.py --runs-dir runs/perclass_arm/cap20/cls_access_control --seed 1 --graph-dir products/alldata/graphs_ft_p2/cb_ft_ss1 --split-dir products/alldata/splits --label-file products/alldata/perclass_labels/cls_access_control.json --label-key-mode project
epoch   0 loss 0.9277 clss 0.9277 var 0.0129 sc_mean 0.4017 sc_std 0.1049 val_AP 0.4815 val_binF1 0.5000 lr 1.00e-04 0.6s
epoch   1 loss 0.5690 clss 0.5690 var 0.0013 sc_mean 0.4436 sc_std 0.2247 val_AP 0.5037 val_binF1 0.5000 lr 1.00e-04 0.3s
epoch   2 loss 0.2718 clss 0.2718 var 0.0006 sc_mean 0.4538 sc_std 0.2995 val_AP 0.5926 val_binF1 0.6667 lr 1.00e-04 0.3s
epoch   3 loss 0.1147 clss 0.1147 var 0.0007 sc_mean 0.4516 sc_std 0.3419 val_AP 0.7037 val_binF1 0.8000 lr 1.00e-04 0.3s
epoch   4 loss 0.0389 clss 0.0389 var 0.0005 sc_mean 0.4558 sc_std 0.3581 val_AP 0.7037 val_binF1 0.8000 lr 1.00e-04 0.4s
epoch   5 loss 0.0105 clss 0.0105 var 0.0000 sc_mean 0.4596 sc_std 0.3682 val_AP 0.7037 val_binF1 0.8000 lr 1.00e-04 0.3s
epoch   6 loss 0.0046 clss 0.0046 var 0.0005 sc_mean 0.4480 sc_std 0.3781 val_AP 0.7037 val_binF1 0.8000 lr 1.00e-04 0.3s
epoch   7 loss 0.0067 clss 0.0067 var 0.0003 sc_mean 0.4535 sc_std 0.3856 val_AP 0.7037 val_binF1 0.8000 lr 5.00e-05 0.3s
epoch   8 loss 0.0025 clss 0.0025 var 0.0001 sc_mean 0.4544 sc_std 0.3914 val_AP 0.7037 val_binF1 0.8000 lr 5.00e-05 0.3s
early stop at epoch 8（连续 5 epoch val binary AP 不提升）
done seed2 (split_seed2): best val binary AP=0.7037 @ epoch; wall=4.4s train=3.0s graphs/s=1083.43 → runs/perclass_arm/cap20/cls_access_control/seed2

$ python scripts/train.py --seed 2 --split-seed 2 --head binary --pos-weight-cap 20.0 --out-dir runs/perclass_arm/cap20/cls_access_control --graph-dir products/alldata/graphs_ft_p2/cb_ft_ss2 --split-dir products/alldata/splits --label-file products/alldata/perclass_labels/cls_access_control.json --label-key-mode project
[evaluate] 标签来源：file=products/alldata/perclass_labels/cls_access_control.json key_mode=project
seed2 (split_seed2) [head=binary]: test F1 0.5=0.8000 / val_thr(0.3)=0.8000；FPR 0.5=0.0000 FNR 0.5=0.3333；AP=0.7037

$ python scripts/evaluate.py --runs-dir runs/perclass_arm/cap20/cls_access_control --seed 2 --graph-dir products/alldata/graphs_ft_p2/cb_ft_ss2 --split-dir products/alldata/splits --label-file products/alldata/perclass_labels/cls_access_control.json --label-key-mode project
[diagnose] 标签来源：file=products/alldata/perclass_labels/cls_access_control.json key_mode=project
seed2: 逐类诊断完成 → runs/perclass_arm/cap20/cls_access_control/seed2/diagnosis.json （test pos 3）
跨种子聚合 → runs/perclass_arm/cap20/cls_access_control/diagnosis_summary.json

$ python scripts/diagnose.py --runs-dir runs/perclass_arm/cap20/cls_access_control --seed 2 --graph-dir products/alldata/graphs_ft_p2/cb_ft_ss2 --split-dir products/alldata/splits --label-file products/alldata/perclass_labels/cls_access_control.json --label-key-mode project
epoch   0 loss 0.9190 clss 0.9190 var 0.0306 sc_mean 0.5350 sc_std 0.0701 val_AP 0.8667 val_binF1 0.8000 lr 1.00e-04 0.6s
epoch   1 loss 0.5940 clss 0.5940 var 0.0027 sc_mean 0.6391 sc_std 0.1219 val_AP 0.8667 val_binF1 0.8000 lr 1.00e-04 0.3s
epoch   2 loss 0.4017 clss 0.4017 var 0.0012 sc_mean 0.7416 sc_std 0.1550 val_AP 0.9167 val_binF1 0.8000 lr 1.00e-04 0.3s
epoch   3 loss 0.2211 clss 0.2211 var 0.0003 sc_mean 0.7770 sc_std 0.1808 val_AP 1.0000 val_binF1 1.0000 lr 1.00e-04 0.3s
epoch   4 loss 0.2156 clss 0.2156 var 0.0002 sc_mean 0.7561 sc_std 0.2153 val_AP 1.0000 val_binF1 1.0000 lr 1.00e-04 0.3s
epoch   5 loss 0.1786 clss 0.1786 var 0.0003 sc_mean 0.7041 sc_std 0.2482 val_AP 1.0000 val_binF1 1.0000 lr 1.00e-04 0.3s
epoch   6 loss 0.1705 clss 0.1705 var 0.0003 sc_mean 0.6722 sc_std 0.2702 val_AP 1.0000 val_binF1 1.0000 lr 1.00e-04 0.4s
epoch   7 loss 0.1473 clss 0.1473 var 0.0000 sc_mean 0.6077 sc_std 0.2930 val_AP 1.0000 val_binF1 1.0000 lr 5.00e-05 0.4s
epoch   8 loss 0.0944 clss 0.0944 var 0.0000 sc_mean 0.5454 sc_std 0.3066 val_AP 1.0000 val_binF1 1.0000 lr 5.00e-05 0.4s
early stop at epoch 8（连续 5 epoch val binary AP 不提升）
done seed0 (split_seed0): best val binary AP=1.0000 @ epoch; wall=4.3s train=3.0s graphs/s=1080.32 → runs/perclass_arm/cap20/cls_arithmetic/seed0

$ python scripts/train.py --seed 0 --split-seed 0 --head binary --pos-weight-cap 20.0 --out-dir runs/perclass_arm/cap20/cls_arithmetic --graph-dir products/alldata/graphs_ft_p2/cb_ft_ss0 --split-dir products/alldata/splits --label-file products/alldata/perclass_labels/cls_arithmetic.json --label-key-mode project
[evaluate] 标签来源：file=products/alldata/perclass_labels/cls_arithmetic.json key_mode=project
seed0 (split_seed0) [head=binary]: test F1 0.5=1.0000 / val_thr(0.3)=0.8000；FPR 0.5=0.0000 FNR 0.5=0.0000；AP=1.0000

$ python scripts/evaluate.py --runs-dir runs/perclass_arm/cap20/cls_arithmetic --seed 0 --graph-dir products/alldata/graphs_ft_p2/cb_ft_ss0 --split-dir products/alldata/splits --label-file products/alldata/perclass_labels/cls_arithmetic.json --label-key-mode project
[diagnose] 标签来源：file=products/alldata/perclass_labels/cls_arithmetic.json key_mode=project
seed0: 逐类诊断完成 → runs/perclass_arm/cap20/cls_arithmetic/seed0/diagnosis.json （test pos 2）
跨种子聚合 → runs/perclass_arm/cap20/cls_arithmetic/diagnosis_summary.json

$ python scripts/diagnose.py --runs-dir runs/perclass_arm/cap20/cls_arithmetic --seed 0 --graph-dir products/alldata/graphs_ft_p2/cb_ft_ss0 --split-dir products/alldata/splits --label-file products/alldata/perclass_labels/cls_arithmetic.json --label-key-mode project
epoch   0 loss 0.7731 clss 0.7731 var 0.0209 sc_mean 0.5967 sc_std 0.0823 val_AP 1.0000 val_binF1 1.0000 lr 1.00e-04 0.6s
epoch   1 loss 0.5643 clss 0.5643 var 0.0033 sc_mean 0.7327 sc_std 0.1277 val_AP 1.0000 val_binF1 1.0000 lr 1.00e-04 0.3s
epoch   2 loss 0.6562 clss 0.6562 var 0.0017 sc_mean 0.7967 sc_std 0.1545 val_AP 1.0000 val_binF1 1.0000 lr 1.00e-04 0.3s
epoch   3 loss 0.6341 clss 0.6341 var 0.0012 sc_mean 0.8148 sc_std 0.1638 val_AP 1.0000 val_binF1 1.0000 lr 1.00e-04 0.3s
epoch   4 loss 0.6461 clss 0.6461 var 0.0009 sc_mean 0.8185 sc_std 0.1678 val_AP 1.0000 val_binF1 1.0000 lr 5.00e-05 0.3s
epoch   5 loss 0.6285 clss 0.6285 var 0.0017 sc_mean 0.8150 sc_std 0.1682 val_AP 1.0000 val_binF1 1.0000 lr 5.00e-05 0.3s
early stop at epoch 5（连续 5 epoch val binary AP 不提升）
done seed1 (split_seed1): best val binary AP=1.0000 @ epoch; wall=3.4s train=2.1s graphs/s=1036.41 → runs/perclass_arm/cap20/cls_arithmetic/seed1

$ python scripts/train.py --seed 1 --split-seed 1 --head binary --pos-weight-cap 20.0 --out-dir runs/perclass_arm/cap20/cls_arithmetic --graph-dir products/alldata/graphs_ft_p2/cb_ft_ss1 --split-dir products/alldata/splits --label-file products/alldata/perclass_labels/cls_arithmetic.json --label-key-mode project
[evaluate] 标签来源：file=products/alldata/perclass_labels/cls_arithmetic.json key_mode=project
seed1 (split_seed1) [head=binary]: test F1 0.5=0.0000 / val_thr(0.35)=1.0000；FPR 0.5=0.0000 FNR 0.5=1.0000；AP=1.0000

$ python scripts/evaluate.py --runs-dir runs/perclass_arm/cap20/cls_arithmetic --seed 1 --graph-dir products/alldata/graphs_ft_p2/cb_ft_ss1 --split-dir products/alldata/splits --label-file products/alldata/perclass_labels/cls_arithmetic.json --label-key-mode project
[diagnose] 标签来源：file=products/alldata/perclass_labels/cls_arithmetic.json key_mode=project
seed1: 逐类诊断完成 → runs/perclass_arm/cap20/cls_arithmetic/seed1/diagnosis.json （test pos 2）
跨种子聚合 → runs/perclass_arm/cap20/cls_arithmetic/diagnosis_summary.json

$ python scripts/diagnose.py --runs-dir runs/perclass_arm/cap20/cls_arithmetic --seed 1 --graph-dir products/alldata/graphs_ft_p2/cb_ft_ss1 --split-dir products/alldata/splits --label-file products/alldata/perclass_labels/cls_arithmetic.json --label-key-mode project
epoch   0 loss 0.9268 clss 0.9268 var 0.0151 sc_mean 0.4065 sc_std 0.0962 val_AP 1.0000 val_binF1 1.0000 lr 1.00e-04 0.6s
epoch   1 loss 0.4526 clss 0.4526 var 0.0012 sc_mean 0.4266 sc_std 0.2068 val_AP 1.0000 val_binF1 1.0000 lr 1.00e-04 0.3s
epoch   2 loss 0.2310 clss 0.2310 var 0.0004 sc_mean 0.4250 sc_std 0.3053 val_AP 1.0000 val_binF1 1.0000 lr 1.00e-04 0.3s
epoch   3 loss 0.1974 clss 0.1974 var 0.0006 sc_mean 0.4098 sc_std 0.3576 val_AP 1.0000 val_binF1 1.0000 lr 1.00e-04 0.3s
epoch   4 loss 0.1596 clss 0.1596 var 0.0008 sc_mean 0.4157 sc_std 0.3736 val_AP 1.0000 val_binF1 1.0000 lr 5.00e-05 0.3s
epoch   5 loss 0.1039 clss 0.1039 var 0.0000 sc_mean 0.4336 sc_std 0.3743 val_AP 1.0000 val_binF1 1.0000 lr 5.00e-05 0.3s
early stop at epoch 5（连续 5 epoch val binary AP 不提升）
done seed2 (split_seed2): best val binary AP=1.0000 @ epoch; wall=3.3s train=2.1s graphs/s=1057.63 → runs/perclass_arm/cap20/cls_arithmetic/seed2

$ python scripts/train.py --seed 2 --split-seed 2 --head binary --pos-weight-cap 20.0 --out-dir runs/perclass_arm/cap20/cls_arithmetic --graph-dir products/alldata/graphs_ft_p2/cb_ft_ss2 --split-dir products/alldata/splits --label-file products/alldata/perclass_labels/cls_arithmetic.json --label-key-mode project
[evaluate] 标签来源：file=products/alldata/perclass_labels/cls_arithmetic.json key_mode=project
seed2 (split_seed2) [head=binary]: test F1 0.5=0.8000 / val_thr(0.5)=0.8000；FPR 0.5=0.0000 FNR 0.5=0.3333；AP=1.0000

$ python scripts/evaluate.py --runs-dir runs/perclass_arm/cap20/cls_arithmetic --seed 2 --graph-dir products/alldata/graphs_ft_p2/cb_ft_ss2 --split-dir products/alldata/splits --label-file products/alldata/perclass_labels/cls_arithmetic.json --label-key-mode project
[diagnose] 标签来源：file=products/alldata/perclass_labels/cls_arithmetic.json key_mode=project
seed2: 逐类诊断完成 → runs/perclass_arm/cap20/cls_arithmetic/seed2/diagnosis.json （test pos 3）
跨种子聚合 → runs/perclass_arm/cap20/cls_arithmetic/diagnosis_summary.json

$ python scripts/diagnose.py --runs-dir runs/perclass_arm/cap20/cls_arithmetic --seed 2 --graph-dir products/alldata/graphs_ft_p2/cb_ft_ss2 --split-dir products/alldata/splits --label-file products/alldata/perclass_labels/cls_arithmetic.json --label-key-mode project
epoch   0 loss 0.6920 clss 0.6920 var 0.0247 sc_mean 0.5470 sc_std 0.0787 val_AP 0.0833 val_binF1 0.1111 lr 1.00e-04 0.6s
epoch   1 loss 0.3540 clss 0.3540 var 0.0019 sc_mean 0.6709 sc_std 0.1464 val_AP 0.1250 val_binF1 0.2222 lr 1.00e-04 0.3s
epoch   2 loss 0.1734 clss 0.1734 var 0.0015 sc_mean 0.7302 sc_std 0.1983 val_AP 0.2500 val_binF1 0.0000 lr 1.00e-04 0.3s
epoch   3 loss 0.1071 clss 0.1071 var 0.0005 sc_mean 0.7375 sc_std 0.2388 val_AP 0.5000 val_binF1 0.0000 lr 1.00e-04 0.3s
epoch   4 loss 0.0593 clss 0.0593 var 0.0001 sc_mean 0.7276 sc_std 0.2663 val_AP 1.0000 val_binF1 1.0000 lr 1.00e-04 0.3s
epoch   5 loss 0.0211 clss 0.0211 var 0.0003 sc_mean 0.7168 sc_std 0.2797 val_AP 1.0000 val_binF1 1.0000 lr 1.00e-04 0.3s
epoch   6 loss 0.0093 clss 0.0093 var 0.0002 sc_mean 0.7156 sc_std 0.2915 val_AP 1.0000 val_binF1 1.0000 lr 1.00e-04 0.3s
epoch   7 loss 0.0047 clss 0.0047 var 0.0001 sc_mean 0.7008 sc_std 0.3050 val_AP 1.0000 val_binF1 1.0000 lr 1.00e-04 0.3s
epoch   8 loss 0.0025 clss 0.0025 var 0.0000 sc_mean 0.6865 sc_std 0.3155 val_AP 1.0000 val_binF1 1.0000 lr 5.00e-05 0.3s
epoch   9 loss 0.0018 clss 0.0018 var 0.0001 sc_mean 0.6805 sc_std 0.3218 val_AP 1.0000 val_binF1 1.0000 lr 5.00e-05 0.3s
early stop at epoch 9（连续 5 epoch val binary AP 不提升）
done seed0 (split_seed0): best val binary AP=1.0000 @ epoch; wall=4.6s train=3.2s graphs/s=1146.63 → runs/perclass_arm/cap20/cls_dos/seed0

$ python scripts/train.py --seed 0 --split-seed 0 --head binary --pos-weight-cap 20.0 --out-dir runs/perclass_arm/cap20/cls_dos --graph-dir products/alldata/graphs_ft_p2/cb_ft_ss0 --split-dir products/alldata/splits --label-file products/alldata/perclass_labels/cls_dos.json --label-key-mode project
[evaluate] 标签来源：file=products/alldata/perclass_labels/cls_dos.json key_mode=project
seed0 (split_seed0) [head=binary]: test F1 0.5=0.0000 / val_thr(0.2)=1.0000；FPR 0.5=0.0000 FNR 0.5=1.0000；AP=1.0000

$ python scripts/evaluate.py --runs-dir runs/perclass_arm/cap20/cls_dos --seed 0 --graph-dir products/alldata/graphs_ft_p2/cb_ft_ss0 --split-dir products/alldata/splits --label-file products/alldata/perclass_labels/cls_dos.json --label-key-mode project
[diagnose] 标签来源：file=products/alldata/perclass_labels/cls_dos.json key_mode=project
seed0: 逐类诊断完成 → runs/perclass_arm/cap20/cls_dos/seed0/diagnosis.json （test pos 1）
跨种子聚合 → runs/perclass_arm/cap20/cls_dos/diagnosis_summary.json

$ python scripts/diagnose.py --runs-dir runs/perclass_arm/cap20/cls_dos --seed 0 --graph-dir products/alldata/graphs_ft_p2/cb_ft_ss0 --split-dir products/alldata/splits --label-file products/alldata/perclass_labels/cls_dos.json --label-key-mode project
epoch   0 loss 0.4844 clss 0.4844 var 0.0231 sc_mean 0.6046 sc_std 0.0802 val_AP 1.0000 val_binF1 1.0000 lr 1.00e-04 0.6s
epoch   1 loss 0.2539 clss 0.2539 var 0.0025 sc_mean 0.7864 sc_std 0.1340 val_AP 1.0000 val_binF1 1.0000 lr 1.00e-04 0.4s
epoch   2 loss 0.1818 clss 0.1818 var 0.0009 sc_mean 0.8329 sc_std 0.1528 val_AP 1.0000 val_binF1 1.0000 lr 1.00e-04 0.4s
epoch   3 loss 0.1506 clss 0.1506 var 0.0006 sc_mean 0.8384 sc_std 0.1644 val_AP 1.0000 val_binF1 1.0000 lr 1.00e-04 0.3s
epoch   4 loss 0.1298 clss 0.1298 var 0.0005 sc_mean 0.8343 sc_std 0.1726 val_AP 1.0000 val_binF1 1.0000 lr 5.00e-05 0.3s
epoch   5 loss 0.1143 clss 0.1143 var 0.0004 sc_mean 0.8324 sc_std 0.1782 val_AP 1.0000 val_binF1 1.0000 lr 5.00e-05 0.3s
early stop at epoch 5（连续 5 epoch val binary AP 不提升）
done seed1 (split_seed1): best val binary AP=1.0000 @ epoch; wall=3.5s train=2.1s graphs/s=1024.18 → runs/perclass_arm/cap20/cls_dos/seed1

$ python scripts/train.py --seed 1 --split-seed 1 --head binary --pos-weight-cap 20.0 --out-dir runs/perclass_arm/cap20/cls_dos --graph-dir products/alldata/graphs_ft_p2/cb_ft_ss1 --split-dir products/alldata/splits --label-file products/alldata/perclass_labels/cls_dos.json --label-key-mode project
[evaluate] 标签来源：file=products/alldata/perclass_labels/cls_dos.json key_mode=project
seed1 (split_seed1) [head=binary]: test F1 0.5=0.0000 / val_thr(0.4)=0.0000；FPR 0.5=0.0000 FNR 0.5=1.0000；AP=1.0000

$ python scripts/evaluate.py --runs-dir runs/perclass_arm/cap20/cls_dos --seed 1 --graph-dir products/alldata/graphs_ft_p2/cb_ft_ss1 --split-dir products/alldata/splits --label-file products/alldata/perclass_labels/cls_dos.json --label-key-mode project
[diagnose] 标签来源：file=products/alldata/perclass_labels/cls_dos.json key_mode=project
seed1: 逐类诊断完成 → runs/perclass_arm/cap20/cls_dos/seed1/diagnosis.json （test pos 1）
跨种子聚合 → runs/perclass_arm/cap20/cls_dos/diagnosis_summary.json

$ python scripts/diagnose.py --runs-dir runs/perclass_arm/cap20/cls_dos --seed 1 --graph-dir products/alldata/graphs_ft_p2/cb_ft_ss1 --split-dir products/alldata/splits --label-file products/alldata/perclass_labels/cls_dos.json --label-key-mode project
epoch   0 loss 0.6769 clss 0.6769 var 0.0134 sc_mean 0.4067 sc_std 0.1034 val_AP 1.0000 val_binF1 0.3333 lr 1.00e-04 0.6s
epoch   1 loss 0.2813 clss 0.2813 var 0.0015 sc_mean 0.4524 sc_std 0.2272 val_AP 1.0000 val_binF1 0.5000 lr 1.00e-04 0.4s
epoch   2 loss 0.1298 clss 0.1298 var 0.0007 sc_mean 0.4527 sc_std 0.3161 val_AP 0.5000 val_binF1 0.0000 lr 1.00e-04 0.3s
epoch   3 loss 0.0636 clss 0.0636 var 0.0009 sc_mean 0.4442 sc_std 0.3528 val_AP 1.0000 val_binF1 1.0000 lr 1.00e-04 0.3s
epoch   4 loss 0.0211 clss 0.0211 var 0.0009 sc_mean 0.4463 sc_std 0.3629 val_AP 1.0000 val_binF1 1.0000 lr 5.00e-05 0.3s
epoch   5 loss 0.0095 clss 0.0095 var 0.0003 sc_mean 0.4514 sc_std 0.3665 val_AP 1.0000 val_binF1 1.0000 lr 5.00e-05 0.3s
early stop at epoch 5（连续 5 epoch val binary AP 不提升）
done seed2 (split_seed2): best val binary AP=1.0000 @ epoch; wall=3.3s train=2.0s graphs/s=1087.69 → runs/perclass_arm/cap20/cls_dos/seed2

$ python scripts/train.py --seed 2 --split-seed 2 --head binary --pos-weight-cap 20.0 --out-dir runs/perclass_arm/cap20/cls_dos --graph-dir products/alldata/graphs_ft_p2/cb_ft_ss2 --split-dir products/alldata/splits --label-file products/alldata/perclass_labels/cls_dos.json --label-key-mode project
[evaluate] 标签来源：file=products/alldata/perclass_labels/cls_dos.json key_mode=project
seed2 (split_seed2) [head=binary]: test F1 0.5=0.0000 / val_thr(0.4)=0.5000；FPR 0.5=0.0000 FNR 0.5=1.0000；AP=1.0000

$ python scripts/evaluate.py --runs-dir runs/perclass_arm/cap20/cls_dos --seed 2 --graph-dir products/alldata/graphs_ft_p2/cb_ft_ss2 --split-dir products/alldata/splits --label-file products/alldata/perclass_labels/cls_dos.json --label-key-mode project
[diagnose] 标签来源：file=products/alldata/perclass_labels/cls_dos.json key_mode=project
seed2: 逐类诊断完成 → runs/perclass_arm/cap20/cls_dos/seed2/diagnosis.json （test pos 1）
跨种子聚合 → runs/perclass_arm/cap20/cls_dos/diagnosis_summary.json

$ python scripts/diagnose.py --runs-dir runs/perclass_arm/cap20/cls_dos --seed 2 --graph-dir products/alldata/graphs_ft_p2/cb_ft_ss2 --split-dir products/alldata/splits --label-file products/alldata/perclass_labels/cls_dos.json --label-key-mode project
epoch   0 loss 0.6246 clss 0.6246 var 0.0245 sc_mean 0.5450 sc_std 0.0791 val_AP 0.2000 val_binF1 0.1333 lr 1.00e-04 0.7s
epoch   1 loss 0.3284 clss 0.3284 var 0.0016 sc_mean 0.6504 sc_std 0.1491 val_AP 0.2500 val_binF1 0.2222 lr 1.00e-04 0.3s
epoch   2 loss 0.2727 clss 0.2727 var 0.0013 sc_mean 0.6877 sc_std 0.2064 val_AP 0.3333 val_binF1 0.0000 lr 1.00e-04 0.3s
epoch   3 loss 0.2657 clss 0.2657 var 0.0006 sc_mean 0.6773 sc_std 0.2529 val_AP 0.3333 val_binF1 0.0000 lr 1.00e-04 0.3s
epoch   4 loss 0.2862 clss 0.2862 var 0.0001 sc_mean 0.6415 sc_std 0.2794 val_AP 0.3333 val_binF1 0.0000 lr 1.00e-04 0.3s
epoch   5 loss 0.2676 clss 0.2676 var 0.0005 sc_mean 0.5974 sc_std 0.2898 val_AP 0.3333 val_binF1 0.0000 lr 1.00e-04 0.3s
epoch   6 loss 0.2414 clss 0.2414 var 0.0001 sc_mean 0.5758 sc_std 0.2992 val_AP 0.5000 val_binF1 0.0000 lr 1.00e-04 0.3s
epoch   7 loss 0.2122 clss 0.2122 var 0.0001 sc_mean 0.5227 sc_std 0.3026 val_AP 0.5000 val_binF1 0.0000 lr 1.00e-04 0.3s
epoch   8 loss 0.1876 clss 0.1876 var 0.0003 sc_mean 0.4494 sc_std 0.2977 val_AP 1.0000 val_binF1 0.0000 lr 1.00e-04 0.3s
epoch   9 loss 0.1638 clss 0.1638 var 0.0003 sc_mean 0.3987 sc_std 0.2986 val_AP 1.0000 val_binF1 0.0000 lr 1.00e-04 0.3s
epoch  10 loss 0.1486 clss 0.1486 var 0.0002 sc_mean 0.3035 sc_std 0.2747 val_AP 1.0000 val_binF1 1.0000 lr 1.00e-04 0.3s
epoch  11 loss 0.1257 clss 0.1257 var 0.0006 sc_mean 0.2729 sc_std 0.2713 val_AP 1.0000 val_binF1 1.0000 lr 1.00e-04 0.3s
epoch  12 loss 0.0977 clss 0.0977 var 0.0009 sc_mean 0.2120 sc_std 0.2393 val_AP 1.0000 val_binF1 1.0000 lr 5.00e-05 0.3s
epoch  13 loss 0.0590 clss 0.0590 var 0.0013 sc_mean 0.1668 sc_std 0.2130 val_AP 1.0000 val_binF1 1.0000 lr 5.00e-05 0.3s
early stop at epoch 13（连续 5 epoch val binary AP 不提升）
done seed0 (split_seed0): best val binary AP=1.0000 @ epoch; wall=6.1s train=4.5s graphs/s=1114.63 → runs/perclass_arm/cap20/cls_front_running/seed0

$ python scripts/train.py --seed 0 --split-seed 0 --head binary --pos-weight-cap 20.0 --out-dir runs/perclass_arm/cap20/cls_front_running --graph-dir products/alldata/graphs_ft_p2/cb_ft_ss0 --split-dir products/alldata/splits --label-file products/alldata/perclass_labels/cls_front_running.json --label-key-mode project
[evaluate] 标签来源：file=products/alldata/perclass_labels/cls_front_running.json key_mode=project
seed0 (split_seed0) [head=binary]: test F1 0.5=0.0000 / val_thr(0.2)=0.6667；FPR 0.5=0.0000 FNR 0.5=1.0000；AP=0.5000

$ python scripts/evaluate.py --runs-dir runs/perclass_arm/cap20/cls_front_running --seed 0 --graph-dir products/alldata/graphs_ft_p2/cb_ft_ss0 --split-dir products/alldata/splits --label-file products/alldata/perclass_labels/cls_front_running.json --label-key-mode project
[diagnose] 标签来源：file=products/alldata/perclass_labels/cls_front_running.json key_mode=project
seed0: 逐类诊断完成 → runs/perclass_arm/cap20/cls_front_running/seed0/diagnosis.json （test pos 1）
跨种子聚合 → runs/perclass_arm/cap20/cls_front_running/diagnosis_summary.json

$ python scripts/diagnose.py --runs-dir runs/perclass_arm/cap20/cls_front_running --seed 0 --graph-dir products/alldata/graphs_ft_p2/cb_ft_ss0 --split-dir products/alldata/splits --label-file products/alldata/perclass_labels/cls_front_running.json --label-key-mode project
epoch   0 loss 0.3660 clss 0.3660 var 0.0184 sc_mean 0.6257 sc_std 0.0894 val_AP 0.0263 val_binF1 0.0000 lr 1.00e-04 0.8s
epoch   1 loss 0.1432 clss 0.1432 var 0.0019 sc_mean 0.8010 sc_std 0.1412 val_AP 0.0270 val_binF1 0.0000 lr 1.00e-04 0.4s
epoch   2 loss 0.2270 clss 0.2270 var 0.0009 sc_mean 0.8461 sc_std 0.1574 val_AP 0.0270 val_binF1 0.0000 lr 1.00e-04 0.3s
epoch   3 loss 0.0964 clss 0.0964 var 0.0005 sc_mean 0.8509 sc_std 0.1701 val_AP 0.0270 val_binF1 0.0000 lr 1.00e-04 0.3s
epoch   4 loss 0.0828 clss 0.0828 var 0.0004 sc_mean 0.8418 sc_std 0.1781 val_AP 0.0270 val_binF1 0.0000 lr 1.00e-04 0.3s
epoch   5 loss 0.0760 clss 0.0760 var 0.0005 sc_mean 0.8358 sc_std 0.1851 val_AP 0.0278 val_binF1 0.0000 lr 1.00e-04 0.3s
epoch   6 loss 0.0695 clss 0.0695 var 0.0003 sc_mean 0.8294 sc_std 0.1961 val_AP 0.0278 val_binF1 0.0000 lr 1.00e-04 0.3s
epoch   7 loss 0.0634 clss 0.0634 var 0.0002 sc_mean 0.8245 sc_std 0.2044 val_AP 0.0278 val_binF1 0.0000 lr 1.00e-04 0.3s
epoch   8 loss 0.0578 clss 0.0578 var 0.0003 sc_mean 0.8190 sc_std 0.2128 val_AP 0.0278 val_binF1 0.0000 lr 1.00e-04 0.3s
epoch   9 loss 0.0481 clss 0.0481 var 0.0003 sc_mean 0.8149 sc_std 0.2194 val_AP 0.0286 val_binF1 0.0000 lr 1.00e-04 0.3s
epoch  10 loss 0.0415 clss 0.0415 var 0.0001 sc_mean 0.8143 sc_std 0.2248 val_AP 0.0294 val_binF1 0.0000 lr 1.00e-04 0.3s
epoch  11 loss 0.0332 clss 0.0332 var 0.0002 sc_mean 0.8139 sc_std 0.2294 val_AP 0.0303 val_binF1 0.0000 lr 1.00e-04 0.4s
epoch  12 loss 0.0184 clss 0.0184 var 0.0001 sc_mean 0.8134 sc_std 0.2339 val_AP 0.0323 val_binF1 0.0000 lr 1.00e-04 0.4s
epoch  13 loss 0.0166 clss 0.0166 var 0.0000 sc_mean 0.8092 sc_std 0.2434 val_AP 0.0323 val_binF1 0.0000 lr 1.00e-04 0.3s
epoch  14 loss 0.0058 clss 0.0058 var 0.0000 sc_mean 0.8012 sc_std 0.2510 val_AP 0.0333 val_binF1 0.0000 lr 1.00e-04 0.3s
epoch  15 loss 0.0046 clss 0.0046 var 0.0000 sc_mean 0.7929 sc_std 0.2631 val_AP 0.0345 val_binF1 0.0000 lr 1.00e-04 0.4s
epoch  16 loss 0.0033 clss 0.0033 var 0.0000 sc_mean 0.7821 sc_std 0.2733 val_AP 0.0345 val_binF1 0.0000 lr 1.00e-04 0.4s
epoch  17 loss 0.0015 clss 0.0015 var 0.0000 sc_mean 0.7741 sc_std 0.2822 val_AP 0.0345 val_binF1 0.0000 lr 1.00e-04 0.4s
epoch  18 loss 0.0016 clss 0.0016 var 0.0000 sc_mean 0.7666 sc_std 0.2873 val_AP 0.0345 val_binF1 0.0000 lr 1.00e-04 0.3s
epoch  19 loss 0.0009 clss 0.0009 var 0.0000 sc_mean 0.7616 sc_std 0.2923 val_AP 0.0345 val_binF1 0.0000 lr 5.00e-05 0.3s
epoch  20 loss 0.0012 clss 0.0012 var 0.0000 sc_mean 0.7580 sc_std 0.2979 val_AP 0.0345 val_binF1 0.0000 lr 5.00e-05 0.3s
early stop at epoch 20（连续 5 epoch val binary AP 不提升）
done seed1 (split_seed1): best val binary AP=0.0345 @ epoch; wall=8.9s train=7.0s graphs/s=1086.51 → runs/perclass_arm/cap20/cls_front_running/seed1

$ python scripts/train.py --seed 1 --split-seed 1 --head binary --pos-weight-cap 20.0 --out-dir runs/perclass_arm/cap20/cls_front_running --graph-dir products/alldata/graphs_ft_p2/cb_ft_ss1 --split-dir products/alldata/splits --label-file products/alldata/perclass_labels/cls_front_running.json --label-key-mode project
[evaluate] 标签来源：file=products/alldata/perclass_labels/cls_front_running.json key_mode=project
seed1 (split_seed1) [head=binary]: test F1 0.5=0.6667 / val_thr(0.2)=0.5000；FPR 0.5=0.0222 FNR 0.5=0.0000；AP=1.0000

$ python scripts/evaluate.py --runs-dir runs/perclass_arm/cap20/cls_front_running --seed 1 --graph-dir products/alldata/graphs_ft_p2/cb_ft_ss1 --split-dir products/alldata/splits --label-file products/alldata/perclass_labels/cls_front_running.json --label-key-mode project
[diagnose] 标签来源：file=products/alldata/perclass_labels/cls_front_running.json key_mode=project
seed1: 逐类诊断完成 → runs/perclass_arm/cap20/cls_front_running/seed1/diagnosis.json （test pos 1）
跨种子聚合 → runs/perclass_arm/cap20/cls_front_running/diagnosis_summary.json

$ python scripts/diagnose.py --runs-dir runs/perclass_arm/cap20/cls_front_running --seed 1 --graph-dir products/alldata/graphs_ft_p2/cb_ft_ss1 --split-dir products/alldata/splits --label-file products/alldata/perclass_labels/cls_front_running.json --label-key-mode project
epoch   0 loss 0.6057 clss 0.6057 var 0.0134 sc_mean 0.4153 sc_std 0.1037 val_AP 0.0294 val_binF1 0.0000 lr 1.00e-04 0.6s
epoch   1 loss 0.2176 clss 0.2176 var 0.0011 sc_mean 0.4663 sc_std 0.2386 val_AP 0.0286 val_binF1 0.0000 lr 1.00e-04 0.3s
epoch   2 loss 0.1348 clss 0.1348 var 0.0007 sc_mean 0.4808 sc_std 0.3166 val_AP 0.0303 val_binF1 0.0000 lr 1.00e-04 0.3s
epoch   3 loss 0.1079 clss 0.1079 var 0.0009 sc_mean 0.4935 sc_std 0.3420 val_AP 0.0323 val_binF1 0.0000 lr 1.00e-04 0.3s
epoch   4 loss 0.0690 clss 0.0690 var 0.0007 sc_mean 0.5013 sc_std 0.3492 val_AP 0.0345 val_binF1 0.0000 lr 1.00e-04 0.3s
epoch   5 loss 0.0611 clss 0.0611 var 0.0001 sc_mean 0.5071 sc_std 0.3516 val_AP 0.0400 val_binF1 0.0000 lr 1.00e-04 0.3s
epoch   6 loss 0.0324 clss 0.0324 var 0.0005 sc_mean 0.4975 sc_std 0.3581 val_AP 0.0417 val_binF1 0.0000 lr 1.00e-04 0.3s
epoch   7 loss 0.0210 clss 0.0210 var 0.0001 sc_mean 0.4928 sc_std 0.3686 val_AP 0.0455 val_binF1 0.0000 lr 1.00e-04 0.3s
epoch   8 loss 0.0082 clss 0.0082 var 0.0001 sc_mean 0.4780 sc_std 0.3785 val_AP 0.0500 val_binF1 0.0000 lr 1.00e-04 0.3s
epoch   9 loss 0.0039 clss 0.0039 var 0.0002 sc_mean 0.4675 sc_std 0.3864 val_AP 0.0500 val_binF1 0.0000 lr 1.00e-04 0.3s
epoch  10 loss 0.0030 clss 0.0030 var 0.0002 sc_mean 0.4403 sc_std 0.3924 val_AP 0.0500 val_binF1 0.0000 lr 1.00e-04 0.3s
epoch  11 loss 0.0019 clss 0.0019 var 0.0003 sc_mean 0.4339 sc_std 0.3955 val_AP 0.0500 val_binF1 0.0000 lr 1.00e-04 0.3s
epoch  12 loss 0.0014 clss 0.0014 var 0.0003 sc_mean 0.4298 sc_std 0.3998 val_AP 0.0500 val_binF1 0.0000 lr 5.00e-05 0.3s
epoch  13 loss 0.0008 clss 0.0008 var 0.0005 sc_mean 0.4304 sc_std 0.4029 val_AP 0.0526 val_binF1 0.0000 lr 5.00e-05 0.3s
epoch  14 loss 0.0008 clss 0.0008 var 0.0002 sc_mean 0.4252 sc_std 0.4052 val_AP 0.0500 val_binF1 0.0000 lr 5.00e-05 0.3s
epoch  15 loss 0.0007 clss 0.0007 var 0.0000 sc_mean 0.4233 sc_std 0.4050 val_AP 0.0526 val_binF1 0.0000 lr 5.00e-05 0.3s
epoch  16 loss 0.0013 clss 0.0013 var 0.0004 sc_mean 0.4209 sc_std 0.4044 val_AP 0.0526 val_binF1 0.0000 lr 5.00e-05 0.3s
epoch  17 loss 0.0009 clss 0.0009 var 0.0003 sc_mean 0.4190 sc_std 0.4048 val_AP 0.0526 val_binF1 0.0000 lr 2.50e-05 0.3s
epoch  18 loss 0.0015 clss 0.0015 var 0.0000 sc_mean 0.4175 sc_std 0.4066 val_AP 0.0526 val_binF1 0.0000 lr 2.50e-05 0.3s
early stop at epoch 18（连续 5 epoch val binary AP 不提升）
done seed2 (split_seed2): best val binary AP=0.0526 @ epoch; wall=7.4s train=5.6s graphs/s=1228.94 → runs/perclass_arm/cap20/cls_front_running/seed2

$ python scripts/train.py --seed 2 --split-seed 2 --head binary --pos-weight-cap 20.0 --out-dir runs/perclass_arm/cap20/cls_front_running --graph-dir products/alldata/graphs_ft_p2/cb_ft_ss2 --split-dir products/alldata/splits --label-file products/alldata/perclass_labels/cls_front_running.json --label-key-mode project
[evaluate] 标签来源：file=products/alldata/perclass_labels/cls_front_running.json key_mode=project
seed2 (split_seed2) [head=binary]: test F1 0.5=1.0000 / val_thr(0.2)=1.0000；FPR 0.5=0.0000 FNR 0.5=0.0000；AP=1.0000

$ python scripts/evaluate.py --runs-dir runs/perclass_arm/cap20/cls_front_running --seed 2 --graph-dir products/alldata/graphs_ft_p2/cb_ft_ss2 --split-dir products/alldata/splits --label-file products/alldata/perclass_labels/cls_front_running.json --label-key-mode project
[diagnose] 标签来源：file=products/alldata/perclass_labels/cls_front_running.json key_mode=project
seed2: 逐类诊断完成 → runs/perclass_arm/cap20/cls_front_running/seed2/diagnosis.json （test pos 1）
跨种子聚合 → runs/perclass_arm/cap20/cls_front_running/diagnosis_summary.json

$ python scripts/diagnose.py --runs-dir runs/perclass_arm/cap20/cls_front_running --seed 2 --graph-dir products/alldata/graphs_ft_p2/cb_ft_ss2 --split-dir products/alldata/splits --label-file products/alldata/perclass_labels/cls_front_running.json --label-key-mode project
epoch   0 loss 1.1322 clss 1.1321 var 0.0340 sc_mean 0.5282 sc_std 0.0675 val_AP 1.0000 val_binF1 1.0000 lr 1.00e-04 0.6s
epoch   1 loss 0.6089 clss 0.6089 var 0.0047 sc_mean 0.5645 sc_std 0.1199 val_AP 1.0000 val_binF1 1.0000 lr 1.00e-04 0.3s
epoch   2 loss 0.2081 clss 0.2081 var 0.0016 sc_mean 0.6166 sc_std 0.1782 val_AP 1.0000 val_binF1 1.0000 lr 1.00e-04 0.3s
epoch   3 loss 0.0672 clss 0.0672 var 0.0005 sc_mean 0.6200 sc_std 0.2400 val_AP 0.9667 val_binF1 0.8889 lr 1.00e-04 0.3s
epoch   4 loss 0.0387 clss 0.0387 var 0.0001 sc_mean 0.5696 sc_std 0.2893 val_AP 0.9429 val_binF1 0.8889 lr 5.00e-05 0.3s
epoch   5 loss 0.0484 clss 0.0484 var 0.0004 sc_mean 0.5131 sc_std 0.3095 val_AP 0.9429 val_binF1 0.8889 lr 5.00e-05 0.3s
early stop at epoch 5（连续 5 epoch val binary AP 不提升）
done seed0 (split_seed0): best val binary AP=1.0000 @ epoch; wall=3.2s train=2.0s graphs/s=1074.84 → runs/perclass_arm/cap20/cls_reentrancy/seed0

$ python scripts/train.py --seed 0 --split-seed 0 --head binary --pos-weight-cap 20.0 --out-dir runs/perclass_arm/cap20/cls_reentrancy --graph-dir products/alldata/graphs_ft_p2/cb_ft_ss0 --split-dir products/alldata/splits --label-file products/alldata/perclass_labels/cls_reentrancy.json --label-key-mode project
[evaluate] 标签来源：file=products/alldata/perclass_labels/cls_reentrancy.json key_mode=project
seed0 (split_seed0) [head=binary]: test F1 0.5=0.9091 / val_thr(0.5)=0.9091；FPR 0.5=0.0244 FNR 0.5=0.0000；AP=1.0000

$ python scripts/evaluate.py --runs-dir runs/perclass_arm/cap20/cls_reentrancy --seed 0 --graph-dir products/alldata/graphs_ft_p2/cb_ft_ss0 --split-dir products/alldata/splits --label-file products/alldata/perclass_labels/cls_reentrancy.json --label-key-mode project
[diagnose] 标签来源：file=products/alldata/perclass_labels/cls_reentrancy.json key_mode=project
seed0: 逐类诊断完成 → runs/perclass_arm/cap20/cls_reentrancy/seed0/diagnosis.json （test pos 5）
跨种子聚合 → runs/perclass_arm/cap20/cls_reentrancy/diagnosis_summary.json

$ python scripts/diagnose.py --runs-dir runs/perclass_arm/cap20/cls_reentrancy --seed 0 --graph-dir products/alldata/graphs_ft_p2/cb_ft_ss0 --split-dir products/alldata/splits --label-file products/alldata/perclass_labels/cls_reentrancy.json --label-key-mode project
epoch   0 loss 1.0444 clss 1.0444 var 0.0241 sc_mean 0.6149 sc_std 0.0791 val_AP 0.8889 val_binF1 0.9091 lr 1.00e-04 0.6s
epoch   1 loss 0.5879 clss 0.5879 var 0.0029 sc_mean 0.7974 sc_std 0.1274 val_AP 0.9000 val_binF1 0.9091 lr 1.00e-04 0.3s
epoch   2 loss 0.2509 clss 0.2509 var 0.0004 sc_mean 0.8509 sc_std 0.1518 val_AP 0.9762 val_binF1 0.9231 lr 1.00e-04 0.3s
epoch   3 loss 0.0437 clss 0.0437 var 0.0001 sc_mean 0.8555 sc_std 0.1757 val_AP 1.0000 val_binF1 1.0000 lr 1.00e-04 0.3s
epoch   4 loss 0.0106 clss 0.0106 var 0.0001 sc_mean 0.8378 sc_std 0.2036 val_AP 1.0000 val_binF1 0.9231 lr 1.00e-04 0.3s
epoch   5 loss 0.0032 clss 0.0032 var 0.0002 sc_mean 0.8217 sc_std 0.2262 val_AP 1.0000 val_binF1 0.9231 lr 1.00e-04 0.3s
epoch   6 loss 0.0021 clss 0.0021 var 0.0000 sc_mean 0.8151 sc_std 0.2410 val_AP 1.0000 val_binF1 0.9231 lr 1.00e-04 0.4s
epoch   7 loss 0.0012 clss 0.0012 var 0.0000 sc_mean 0.8102 sc_std 0.2504 val_AP 1.0000 val_binF1 0.9231 lr 5.00e-05 0.3s
epoch   8 loss 0.0010 clss 0.0010 var 0.0003 sc_mean 0.8079 sc_std 0.2562 val_AP 1.0000 val_binF1 0.9231 lr 5.00e-05 0.3s
early stop at epoch 8（连续 5 epoch val binary AP 不提升）
done seed1 (split_seed1): best val binary AP=1.0000 @ epoch; wall=4.4s train=3.0s graphs/s=1080.99 → runs/perclass_arm/cap20/cls_reentrancy/seed1

$ python scripts/train.py --seed 1 --split-seed 1 --head binary --pos-weight-cap 20.0 --out-dir runs/perclass_arm/cap20/cls_reentrancy --graph-dir products/alldata/graphs_ft_p2/cb_ft_ss1 --split-dir products/alldata/splits --label-file products/alldata/perclass_labels/cls_reentrancy.json --label-key-mode project
[evaluate] 标签来源：file=products/alldata/perclass_labels/cls_reentrancy.json key_mode=project
seed1 (split_seed1) [head=binary]: test F1 0.5=0.8000 / val_thr(0.8)=0.8000；FPR 0.5=0.0000 FNR 0.5=0.3333；AP=0.8294

$ python scripts/evaluate.py --runs-dir runs/perclass_arm/cap20/cls_reentrancy --seed 1 --graph-dir products/alldata/graphs_ft_p2/cb_ft_ss1 --split-dir products/alldata/splits --label-file products/alldata/perclass_labels/cls_reentrancy.json --label-key-mode project
[diagnose] 标签来源：file=products/alldata/perclass_labels/cls_reentrancy.json key_mode=project
seed1: 逐类诊断完成 → runs/perclass_arm/cap20/cls_reentrancy/seed1/diagnosis.json （test pos 6）
跨种子聚合 → runs/perclass_arm/cap20/cls_reentrancy/diagnosis_summary.json

$ python scripts/diagnose.py --runs-dir runs/perclass_arm/cap20/cls_reentrancy --seed 1 --graph-dir products/alldata/graphs_ft_p2/cb_ft_ss1 --split-dir products/alldata/splits --label-file products/alldata/perclass_labels/cls_reentrancy.json --label-key-mode project
epoch   0 loss 0.9843 clss 0.9843 var 0.0149 sc_mean 0.4292 sc_std 0.0995 val_AP 1.0000 val_binF1 1.0000 lr 1.00e-04 0.6s
epoch   1 loss 0.3763 clss 0.3763 var 0.0016 sc_mean 0.4329 sc_std 0.2096 val_AP 1.0000 val_binF1 1.0000 lr 1.00e-04 0.3s
epoch   2 loss 0.0874 clss 0.0874 var 0.0007 sc_mean 0.4066 sc_std 0.3201 val_AP 1.0000 val_binF1 1.0000 lr 1.00e-04 0.3s
epoch   3 loss 0.0486 clss 0.0486 var 0.0010 sc_mean 0.3798 sc_std 0.3705 val_AP 1.0000 val_binF1 1.0000 lr 1.00e-04 0.3s
epoch   4 loss 0.0294 clss 0.0294 var 0.0007 sc_mean 0.3780 sc_std 0.3881 val_AP 1.0000 val_binF1 1.0000 lr 5.00e-05 0.3s
epoch   5 loss 0.0204 clss 0.0204 var 0.0008 sc_mean 0.3828 sc_std 0.3906 val_AP 1.0000 val_binF1 1.0000 lr 5.00e-05 0.3s
early stop at epoch 5（连续 5 epoch val binary AP 不提升）
done seed2 (split_seed2): best val binary AP=1.0000 @ epoch; wall=3.2s train=2.0s graphs/s=1090.76 → runs/perclass_arm/cap20/cls_reentrancy/seed2

$ python scripts/train.py --seed 2 --split-seed 2 --head binary --pos-weight-cap 20.0 --out-dir runs/perclass_arm/cap20/cls_reentrancy --graph-dir products/alldata/graphs_ft_p2/cb_ft_ss2 --split-dir products/alldata/splits --label-file products/alldata/perclass_labels/cls_reentrancy.json --label-key-mode project
[evaluate] 标签来源：file=products/alldata/perclass_labels/cls_reentrancy.json key_mode=project
seed2 (split_seed2) [head=binary]: test F1 0.5=0.8889 / val_thr(0.55)=0.8889；FPR 0.5=0.0000 FNR 0.5=0.2000；AP=0.8833

$ python scripts/evaluate.py --runs-dir runs/perclass_arm/cap20/cls_reentrancy --seed 2 --graph-dir products/alldata/graphs_ft_p2/cb_ft_ss2 --split-dir products/alldata/splits --label-file products/alldata/perclass_labels/cls_reentrancy.json --label-key-mode project
[diagnose] 标签来源：file=products/alldata/perclass_labels/cls_reentrancy.json key_mode=project
seed2: 逐类诊断完成 → runs/perclass_arm/cap20/cls_reentrancy/seed2/diagnosis.json （test pos 5）
跨种子聚合 → runs/perclass_arm/cap20/cls_reentrancy/diagnosis_summary.json

$ python scripts/diagnose.py --runs-dir runs/perclass_arm/cap20/cls_reentrancy --seed 2 --graph-dir products/alldata/graphs_ft_p2/cb_ft_ss2 --split-dir products/alldata/splits --label-file products/alldata/perclass_labels/cls_reentrancy.json --label-key-mode project
epoch   0 loss 0.6141 clss 0.6141 var 0.0247 sc_mean 0.5460 sc_std 0.0790 val_AP 0.2000 val_binF1 0.1538 lr 1.00e-04 0.6s
epoch   1 loss 0.2894 clss 0.2894 var 0.0016 sc_mean 0.6721 sc_std 0.1512 val_AP 0.2000 val_binF1 0.3333 lr 1.00e-04 0.3s
epoch   2 loss 0.1467 clss 0.1467 var 0.0009 sc_mean 0.7185 sc_std 0.2105 val_AP 0.3333 val_binF1 0.0000 lr 1.00e-04 0.3s
epoch   3 loss 0.1265 clss 0.1265 var 0.0004 sc_mean 0.7092 sc_std 0.2613 val_AP 0.3333 val_binF1 0.0000 lr 1.00e-04 0.3s
epoch   4 loss 0.1084 clss 0.1084 var 0.0001 sc_mean 0.6891 sc_std 0.2915 val_AP 0.3333 val_binF1 0.0000 lr 1.00e-04 0.3s
epoch   5 loss 0.0814 clss 0.0814 var 0.0002 sc_mean 0.6602 sc_std 0.3051 val_AP 0.5000 val_binF1 0.0000 lr 1.00e-04 0.3s
epoch   6 loss 0.0688 clss 0.0688 var 0.0002 sc_mean 0.6504 sc_std 0.3154 val_AP 1.0000 val_binF1 0.0000 lr 1.00e-04 0.3s
epoch   7 loss 0.0400 clss 0.0400 var 0.0000 sc_mean 0.6296 sc_std 0.3257 val_AP 1.0000 val_binF1 1.0000 lr 1.00e-04 0.3s
epoch   8 loss 0.0281 clss 0.0281 var 0.0000 sc_mean 0.6173 sc_std 0.3335 val_AP 1.0000 val_binF1 1.0000 lr 1.00e-04 0.3s
epoch   9 loss 0.0134 clss 0.0134 var 0.0000 sc_mean 0.6141 sc_std 0.3418 val_AP 1.0000 val_binF1 1.0000 lr 1.00e-04 0.3s
epoch  10 loss 0.0135 clss 0.0135 var 0.0001 sc_mean 0.6011 sc_std 0.3475 val_AP 1.0000 val_binF1 1.0000 lr 5.00e-05 0.4s
epoch  11 loss 0.0052 clss 0.0052 var 0.0000 sc_mean 0.6030 sc_std 0.3530 val_AP 1.0000 val_binF1 1.0000 lr 5.00e-05 0.3s
early stop at epoch 11（连续 5 epoch val binary AP 不提升）
done seed0 (split_seed0): best val binary AP=1.0000 @ epoch; wall=5.2s train=3.8s graphs/s=1138.54 → runs/perclass_arm/cap20/cls_time_manipulation/seed0

$ python scripts/train.py --seed 0 --split-seed 0 --head binary --pos-weight-cap 20.0 --out-dir runs/perclass_arm/cap20/cls_time_manipulation --graph-dir products/alldata/graphs_ft_p2/cb_ft_ss0 --split-dir products/alldata/splits --label-file products/alldata/perclass_labels/cls_time_manipulation.json --label-key-mode project
[evaluate] 标签来源：file=products/alldata/perclass_labels/cls_time_manipulation.json key_mode=project
seed0 (split_seed0) [head=binary]: test F1 0.5=0.6667 / val_thr(0.2)=1.0000；FPR 0.5=0.0000 FNR 0.5=0.5000；AP=1.0000

$ python scripts/evaluate.py --runs-dir runs/perclass_arm/cap20/cls_time_manipulation --seed 0 --graph-dir products/alldata/graphs_ft_p2/cb_ft_ss0 --split-dir products/alldata/splits --label-file products/alldata/perclass_labels/cls_time_manipulation.json --label-key-mode project
[diagnose] 标签来源：file=products/alldata/perclass_labels/cls_time_manipulation.json key_mode=project
seed0: 逐类诊断完成 → runs/perclass_arm/cap20/cls_time_manipulation/seed0/diagnosis.json （test pos 2）
跨种子聚合 → runs/perclass_arm/cap20/cls_time_manipulation/diagnosis_summary.json

$ python scripts/diagnose.py --runs-dir runs/perclass_arm/cap20/cls_time_manipulation --seed 0 --graph-dir products/alldata/graphs_ft_p2/cb_ft_ss0 --split-dir products/alldata/splits --label-file products/alldata/perclass_labels/cls_time_manipulation.json --label-key-mode project
epoch   0 loss 0.4007 clss 0.4007 var 0.0199 sc_mean 0.6089 sc_std 0.0860 val_AP 0.1667 val_binF1 0.0000 lr 1.00e-04 0.7s
epoch   1 loss 0.2500 clss 0.2500 var 0.0024 sc_mean 0.7804 sc_std 0.1427 val_AP 0.2000 val_binF1 0.0000 lr 1.00e-04 0.4s
epoch   2 loss 0.1315 clss 0.1315 var 0.0006 sc_mean 0.8253 sc_std 0.1649 val_AP 0.3333 val_binF1 0.0000 lr 1.00e-04 0.3s
epoch   3 loss 0.1136 clss 0.1136 var 0.0005 sc_mean 0.8291 sc_std 0.1758 val_AP 0.3333 val_binF1 0.0000 lr 1.00e-04 0.3s
epoch   4 loss 0.1045 clss 0.1045 var 0.0005 sc_mean 0.8251 sc_std 0.1812 val_AP 0.3333 val_binF1 0.0000 lr 1.00e-04 0.3s
epoch   5 loss 0.0977 clss 0.0977 var 0.0004 sc_mean 0.8226 sc_std 0.1869 val_AP 0.3333 val_binF1 0.0000 lr 1.00e-04 0.3s
epoch   6 loss 0.0903 clss 0.0903 var 0.0005 sc_mean 0.8265 sc_std 0.1911 val_AP 0.3333 val_binF1 0.0000 lr 5.00e-05 0.3s
epoch   7 loss 0.0792 clss 0.0792 var 0.0004 sc_mean 0.8301 sc_std 0.1917 val_AP 0.3333 val_binF1 0.0000 lr 5.00e-05 0.3s
early stop at epoch 7（连续 5 epoch val binary AP 不提升）
done seed1 (split_seed1): best val binary AP=0.3333 @ epoch; wall=4.2s train=2.9s graphs/s=985.15 → runs/perclass_arm/cap20/cls_time_manipulation/seed1

$ python scripts/train.py --seed 1 --split-seed 1 --head binary --pos-weight-cap 20.0 --out-dir runs/perclass_arm/cap20/cls_time_manipulation --graph-dir products/alldata/graphs_ft_p2/cb_ft_ss1 --split-dir products/alldata/splits --label-file products/alldata/perclass_labels/cls_time_manipulation.json --label-key-mode project
[evaluate] 标签来源：file=products/alldata/perclass_labels/cls_time_manipulation.json key_mode=project
seed1 (split_seed1) [head=binary]: test F1 0.5=0.0000 / val_thr(0.2)=0.0000；FPR 0.5=0.0000 FNR 0.5=1.0000；AP=1.0000

$ python scripts/evaluate.py --runs-dir runs/perclass_arm/cap20/cls_time_manipulation --seed 1 --graph-dir products/alldata/graphs_ft_p2/cb_ft_ss1 --split-dir products/alldata/splits --label-file products/alldata/perclass_labels/cls_time_manipulation.json --label-key-mode project
[diagnose] 标签来源：file=products/alldata/perclass_labels/cls_time_manipulation.json key_mode=project
seed1: 逐类诊断完成 → runs/perclass_arm/cap20/cls_time_manipulation/seed1/diagnosis.json （test pos 1）
跨种子聚合 → runs/perclass_arm/cap20/cls_time_manipulation/diagnosis_summary.json

$ python scripts/diagnose.py --runs-dir runs/perclass_arm/cap20/cls_time_manipulation --seed 1 --graph-dir products/alldata/graphs_ft_p2/cb_ft_ss1 --split-dir products/alldata/splits --label-file products/alldata/perclass_labels/cls_time_manipulation.json --label-key-mode project
epoch   0 loss 0.7354 clss 0.7354 var 0.0126 sc_mean 0.4024 sc_std 0.1082 val_AP 1.0000 val_binF1 1.0000 lr 1.00e-04 0.6s
epoch   1 loss 0.2489 clss 0.2489 var 0.0014 sc_mean 0.4270 sc_std 0.2422 val_AP 1.0000 val_binF1 1.0000 lr 1.00e-04 0.3s
epoch   2 loss 0.1405 clss 0.1405 var 0.0010 sc_mean 0.4176 sc_std 0.3277 val_AP 1.0000 val_binF1 1.0000 lr 1.00e-04 0.3s
epoch   3 loss 0.1135 clss 0.1135 var 0.0006 sc_mean 0.4310 sc_std 0.3610 val_AP 1.0000 val_binF1 1.0000 lr 1.00e-04 0.3s
epoch   4 loss 0.0873 clss 0.0873 var 0.0006 sc_mean 0.4460 sc_std 0.3681 val_AP 1.0000 val_binF1 1.0000 lr 5.00e-05 0.3s
epoch   5 loss 0.0625 clss 0.0625 var 0.0001 sc_mean 0.4546 sc_std 0.3677 val_AP 1.0000 val_binF1 1.0000 lr 5.00e-05 0.3s
early stop at epoch 5（连续 5 epoch val binary AP 不提升）
done seed2 (split_seed2): best val binary AP=1.0000 @ epoch; wall=3.2s train=2.0s graphs/s=1096.52 → runs/perclass_arm/cap20/cls_time_manipulation/seed2

$ python scripts/train.py --seed 2 --split-seed 2 --head binary --pos-weight-cap 20.0 --out-dir runs/perclass_arm/cap20/cls_time_manipulation --graph-dir products/alldata/graphs_ft_p2/cb_ft_ss2 --split-dir products/alldata/splits --label-file products/alldata/perclass_labels/cls_time_manipulation.json --label-key-mode project
[evaluate] 标签来源：file=products/alldata/perclass_labels/cls_time_manipulation.json key_mode=project
seed2 (split_seed2) [head=binary]: test F1 0.5=0.0000 / val_thr(0.45)=0.0000；FPR 0.5=0.0000 FNR 0.5=1.0000；AP=0.1250

$ python scripts/evaluate.py --runs-dir runs/perclass_arm/cap20/cls_time_manipulation --seed 2 --graph-dir products/alldata/graphs_ft_p2/cb_ft_ss2 --split-dir products/alldata/splits --label-file products/alldata/perclass_labels/cls_time_manipulation.json --label-key-mode project
[diagnose] 标签来源：file=products/alldata/perclass_labels/cls_time_manipulation.json key_mode=project
seed2: 逐类诊断完成 → runs/perclass_arm/cap20/cls_time_manipulation/seed2/diagnosis.json （test pos 1）
跨种子聚合 → runs/perclass_arm/cap20/cls_time_manipulation/diagnosis_summary.json

$ python scripts/diagnose.py --runs-dir runs/perclass_arm/cap20/cls_time_manipulation --seed 2 --graph-dir products/alldata/graphs_ft_p2/cb_ft_ss2 --split-dir products/alldata/splits --label-file products/alldata/perclass_labels/cls_time_manipulation.json --label-key-mode project
epoch   0 loss 1.0839 clss 1.0839 var 0.0318 sc_mean 0.5308 sc_std 0.0684 val_AP 1.0000 val_binF1 0.9333 lr 1.00e-04 0.6s
epoch   1 loss 0.5997 clss 0.5997 var 0.0042 sc_mean 0.6143 sc_std 0.1159 val_AP 0.9750 val_binF1 0.9333 lr 1.00e-04 0.3s
epoch   2 loss 0.2471 clss 0.2471 var 0.0012 sc_mean 0.7055 sc_std 0.1637 val_AP 0.9750 val_binF1 0.9333 lr 1.00e-04 0.3s
epoch   3 loss 0.0638 clss 0.0638 var 0.0007 sc_mean 0.6945 sc_std 0.2204 val_AP 0.9861 val_binF1 0.9333 lr 1.00e-04 0.3s
epoch   4 loss 0.0159 clss 0.0159 var 0.0003 sc_mean 0.5743 sc_std 0.2847 val_AP 1.0000 val_binF1 1.0000 lr 5.00e-05 0.3s
epoch   5 loss 0.0070 clss 0.0070 var 0.0010 sc_mean 0.4734 sc_std 0.3095 val_AP 1.0000 val_binF1 0.9412 lr 5.00e-05 0.3s
early stop at epoch 5（连续 5 epoch val binary AP 不提升）
done seed0 (split_seed0): best val binary AP=1.0000 @ epoch; wall=3.2s train=2.1s graphs/s=1057.53 → runs/perclass_arm/cap20/cls_uncheck/seed0

$ python scripts/train.py --seed 0 --split-seed 0 --head binary --pos-weight-cap 20.0 --out-dir runs/perclass_arm/cap20/cls_uncheck --graph-dir products/alldata/graphs_ft_p2/cb_ft_ss0 --split-dir products/alldata/splits --label-file products/alldata/perclass_labels/cls_uncheck.json --label-key-mode project
[evaluate] 标签来源：file=products/alldata/perclass_labels/cls_uncheck.json key_mode=project
seed0 (split_seed0) [head=binary]: test F1 0.5=0.9333 / val_thr(0.55)=0.9231；FPR 0.5=0.0256 FNR 0.5=0.0000；AP=1.0000

$ python scripts/evaluate.py --runs-dir runs/perclass_arm/cap20/cls_uncheck --seed 0 --graph-dir products/alldata/graphs_ft_p2/cb_ft_ss0 --split-dir products/alldata/splits --label-file products/alldata/perclass_labels/cls_uncheck.json --label-key-mode project
[diagnose] 标签来源：file=products/alldata/perclass_labels/cls_uncheck.json key_mode=project
seed0: 逐类诊断完成 → runs/perclass_arm/cap20/cls_uncheck/seed0/diagnosis.json （test pos 7）
跨种子聚合 → runs/perclass_arm/cap20/cls_uncheck/diagnosis_summary.json

$ python scripts/diagnose.py --runs-dir runs/perclass_arm/cap20/cls_uncheck --seed 0 --graph-dir products/alldata/graphs_ft_p2/cb_ft_ss0 --split-dir products/alldata/splits --label-file products/alldata/perclass_labels/cls_uncheck.json --label-key-mode project
epoch   0 loss 1.0133 clss 1.0132 var 0.0290 sc_mean 0.5426 sc_std 0.0726 val_AP 0.9659 val_binF1 0.8750 lr 1.00e-04 0.6s
epoch   1 loss 0.6276 clss 0.6276 var 0.0052 sc_mean 0.6151 sc_std 0.1273 val_AP 1.0000 val_binF1 1.0000 lr 1.00e-04 0.3s
epoch   2 loss 0.3089 clss 0.3089 var 0.0016 sc_mean 0.5682 sc_std 0.1790 val_AP 1.0000 val_binF1 1.0000 lr 1.00e-04 0.3s
epoch   3 loss 0.0988 clss 0.0988 var 0.0011 sc_mean 0.5256 sc_std 0.2343 val_AP 1.0000 val_binF1 1.0000 lr 1.00e-04 0.3s
epoch   4 loss 0.0354 clss 0.0354 var 0.0012 sc_mean 0.4550 sc_std 0.2676 val_AP 1.0000 val_binF1 1.0000 lr 1.00e-04 0.3s
epoch   5 loss 0.0174 clss 0.0174 var 0.0008 sc_mean 0.4237 sc_std 0.3019 val_AP 1.0000 val_binF1 1.0000 lr 5.00e-05 0.3s
epoch   6 loss 0.0119 clss 0.0119 var 0.0009 sc_mean 0.4341 sc_std 0.3187 val_AP 1.0000 val_binF1 1.0000 lr 5.00e-05 0.3s
early stop at epoch 6（连续 5 epoch val binary AP 不提升）
done seed1 (split_seed1): best val binary AP=1.0000 @ epoch; wall=3.5s train=2.3s graphs/s=1099.72 → runs/perclass_arm/cap20/cls_uncheck/seed1

$ python scripts/train.py --seed 1 --split-seed 1 --head binary --pos-weight-cap 20.0 --out-dir runs/perclass_arm/cap20/cls_uncheck --graph-dir products/alldata/graphs_ft_p2/cb_ft_ss1 --split-dir products/alldata/splits --label-file products/alldata/perclass_labels/cls_uncheck.json --label-key-mode project
[evaluate] 标签来源：file=products/alldata/perclass_labels/cls_uncheck.json key_mode=project
seed1 (split_seed1) [head=binary]: test F1 0.5=0.8235 / val_thr(0.35)=0.8235；FPR 0.5=0.0769 FNR 0.5=0.0000；AP=0.9571

$ python scripts/evaluate.py --runs-dir runs/perclass_arm/cap20/cls_uncheck --seed 1 --graph-dir products/alldata/graphs_ft_p2/cb_ft_ss1 --split-dir products/alldata/splits --label-file products/alldata/perclass_labels/cls_uncheck.json --label-key-mode project
[diagnose] 标签来源：file=products/alldata/perclass_labels/cls_uncheck.json key_mode=project
seed1: 逐类诊断完成 → runs/perclass_arm/cap20/cls_uncheck/seed1/diagnosis.json （test pos 7）
跨种子聚合 → runs/perclass_arm/cap20/cls_uncheck/diagnosis_summary.json

$ python scripts/diagnose.py --runs-dir runs/perclass_arm/cap20/cls_uncheck --seed 1 --graph-dir products/alldata/graphs_ft_p2/cb_ft_ss1 --split-dir products/alldata/splits --label-file products/alldata/perclass_labels/cls_uncheck.json --label-key-mode project
epoch   0 loss 1.0354 clss 1.0353 var 0.0174 sc_mean 0.4337 sc_std 0.0914 val_AP 0.9008 val_binF1 0.8000 lr 1.00e-04 0.6s
epoch   1 loss 0.4136 clss 0.4136 var 0.0016 sc_mean 0.4381 sc_std 0.1938 val_AP 0.9010 val_binF1 0.8000 lr 1.00e-04 0.3s
epoch   2 loss 0.1079 clss 0.1079 var 0.0007 sc_mean 0.4024 sc_std 0.3031 val_AP 0.9089 val_binF1 0.8000 lr 1.00e-04 0.3s
epoch   3 loss 0.0289 clss 0.0289 var 0.0011 sc_mean 0.3807 sc_std 0.3595 val_AP 0.9187 val_binF1 0.8000 lr 1.00e-04 0.3s
epoch   4 loss 0.0148 clss 0.0148 var 0.0010 sc_mean 0.3940 sc_std 0.3813 val_AP 0.9241 val_binF1 0.8000 lr 1.00e-04 0.3s
epoch   5 loss 0.0069 clss 0.0069 var 0.0002 sc_mean 0.4080 sc_std 0.3872 val_AP 0.9241 val_binF1 0.8000 lr 1.00e-04 0.3s
epoch   6 loss 0.0051 clss 0.0051 var 0.0005 sc_mean 0.3896 sc_std 0.3947 val_AP 0.9241 val_binF1 0.8000 lr 1.00e-04 0.3s
epoch   7 loss 0.0031 clss 0.0031 var 0.0004 sc_mean 0.3865 sc_std 0.4013 val_AP 0.9241 val_binF1 0.8000 lr 1.00e-04 0.4s
epoch   8 loss 0.0020 clss 0.0020 var 0.0000 sc_mean 0.3800 sc_std 0.4092 val_AP 0.9427 val_binF1 0.8000 lr 1.00e-04 0.3s
epoch   9 loss 0.0048 clss 0.0048 var 0.0002 sc_mean 0.3799 sc_std 0.4084 val_AP 0.9306 val_binF1 0.8000 lr 1.00e-04 0.3s
epoch  10 loss 0.0012 clss 0.0012 var 0.0003 sc_mean 0.3619 sc_std 0.4111 val_AP 0.9306 val_binF1 0.8000 lr 1.00e-04 0.3s
epoch  11 loss 0.0010 clss 0.0010 var 0.0003 sc_mean 0.3620 sc_std 0.4102 val_AP 0.9306 val_binF1 0.8000 lr 1.00e-04 0.3s
epoch  12 loss 0.0015 clss 0.0015 var 0.0006 sc_mean 0.3629 sc_std 0.4127 val_AP 0.9127 val_binF1 0.8000 lr 5.00e-05 0.3s
epoch  13 loss 0.0010 clss 0.0010 var 0.0003 sc_mean 0.3711 sc_std 0.4133 val_AP 0.9127 val_binF1 0.8000 lr 5.00e-05 0.3s
early stop at epoch 13（连续 5 epoch val binary AP 不提升）
done seed2 (split_seed2): best val binary AP=0.9427 @ epoch; wall=6.0s train=4.4s graphs/s=1154.08 → runs/perclass_arm/cap20/cls_uncheck/seed2

$ python scripts/train.py --seed 2 --split-seed 2 --head binary --pos-weight-cap 20.0 --out-dir runs/perclass_arm/cap20/cls_uncheck --graph-dir products/alldata/graphs_ft_p2/cb_ft_ss2 --split-dir products/alldata/splits --label-file products/alldata/perclass_labels/cls_uncheck.json --label-key-mode project
[evaluate] 标签来源：file=products/alldata/perclass_labels/cls_uncheck.json key_mode=project
seed2 (split_seed2) [head=binary]: test F1 0.5=0.8750 / val_thr(0.2)=0.8235；FPR 0.5=0.0513 FNR 0.5=0.0000；AP=0.9617

$ python scripts/evaluate.py --runs-dir runs/perclass_arm/cap20/cls_uncheck --seed 2 --graph-dir products/alldata/graphs_ft_p2/cb_ft_ss2 --split-dir products/alldata/splits --label-file products/alldata/perclass_labels/cls_uncheck.json --label-key-mode project
[diagnose] 标签来源：file=products/alldata/perclass_labels/cls_uncheck.json key_mode=project
seed2: 逐类诊断完成 → runs/perclass_arm/cap20/cls_uncheck/seed2/diagnosis.json （test pos 7）
跨种子聚合 → runs/perclass_arm/cap20/cls_uncheck/diagnosis_summary.json

$ python scripts/diagnose.py --runs-dir runs/perclass_arm/cap20/cls_uncheck --seed 2 --graph-dir products/alldata/graphs_ft_p2/cb_ft_ss2 --split-dir products/alldata/splits --label-file products/alldata/perclass_labels/cls_uncheck.json --label-key-mode project
epoch   0 loss 1.2519 clss 1.2518 var 0.0324 sc_mean 0.5291 sc_std 0.0682 val_AP 1.0000 val_binF1 1.0000 lr 1.00e-04 0.8s
epoch   1 loss 0.7925 clss 0.7925 var 0.0051 sc_mean 0.6106 sc_std 0.1121 val_AP 1.0000 val_binF1 1.0000 lr 1.00e-04 0.3s
epoch   2 loss 0.3578 clss 0.3578 var 0.0020 sc_mean 0.7184 sc_std 0.1499 val_AP 1.0000 val_binF1 1.0000 lr 1.00e-04 0.3s
epoch   3 loss 0.1313 clss 0.1313 var 0.0002 sc_mean 0.7637 sc_std 0.1856 val_AP 1.0000 val_binF1 1.0000 lr 1.00e-04 0.4s
epoch   4 loss 0.0356 clss 0.0356 var 0.0000 sc_mean 0.7383 sc_std 0.2373 val_AP 1.0000 val_binF1 1.0000 lr 5.00e-05 0.4s
epoch   5 loss 0.0144 clss 0.0144 var 0.0001 sc_mean 0.7047 sc_std 0.2698 val_AP 1.0000 val_binF1 1.0000 lr 5.00e-05 0.3s
early stop at epoch 5（连续 5 epoch val binary AP 不提升）
done seed0 (split_seed0): best val binary AP=1.0000 @ epoch; wall=3.7s train=2.4s graphs/s=923.46 → runs/perclass_arm/cap0/cls_access_control/seed0

$ python scripts/train.py --seed 0 --split-seed 0 --head binary --pos-weight-cap 0.0 --out-dir runs/perclass_arm/cap0/cls_access_control --graph-dir products/alldata/graphs_ft_p2/cb_ft_ss0 --split-dir products/alldata/splits --label-file products/alldata/perclass_labels/cls_access_control.json --label-key-mode project
[evaluate] 标签来源：file=products/alldata/perclass_labels/cls_access_control.json key_mode=project
seed0 (split_seed0) [head=binary]: test F1 0.5=0.5000 / val_thr(0.5)=0.5000；FPR 0.5=0.0000 FNR 0.5=0.6667；AP=0.4145

$ python scripts/evaluate.py --runs-dir runs/perclass_arm/cap0/cls_access_control --seed 0 --graph-dir products/alldata/graphs_ft_p2/cb_ft_ss0 --split-dir products/alldata/splits --label-file products/alldata/perclass_labels/cls_access_control.json --label-key-mode project
[diagnose] 标签来源：file=products/alldata/perclass_labels/cls_access_control.json key_mode=project
seed0: 逐类诊断完成 → runs/perclass_arm/cap0/cls_access_control/seed0/diagnosis.json （test pos 3）
跨种子聚合 → runs/perclass_arm/cap0/cls_access_control/diagnosis_summary.json

$ python scripts/diagnose.py --runs-dir runs/perclass_arm/cap0/cls_access_control --seed 0 --graph-dir products/alldata/graphs_ft_p2/cb_ft_ss0 --split-dir products/alldata/splits --label-file products/alldata/perclass_labels/cls_access_control.json --label-key-mode project
epoch   0 loss 1.1141 clss 1.1140 var 0.0307 sc_mean 0.5301 sc_std 0.0705 val_AP 0.8333 val_binF1 0.6667 lr 1.00e-04 0.6s
epoch   1 loss 0.9964 clss 0.9964 var 0.0038 sc_mean 0.7054 sc_std 0.1345 val_AP 0.8667 val_binF1 0.8000 lr 1.00e-04 0.3s
epoch   2 loss 0.6660 clss 0.6660 var 0.0014 sc_mean 0.7560 sc_std 0.1770 val_AP 0.9167 val_binF1 0.8571 lr 1.00e-04 0.3s
epoch   3 loss 0.5139 clss 0.5139 var 0.0014 sc_mean 0.7199 sc_std 0.1976 val_AP 1.0000 val_binF1 1.0000 lr 1.00e-04 0.3s
epoch   4 loss 0.3360 clss 0.3360 var 0.0009 sc_mean 0.6821 sc_std 0.2154 val_AP 1.0000 val_binF1 1.0000 lr 1.00e-04 0.3s
epoch   5 loss 0.1848 clss 0.1848 var 0.0004 sc_mean 0.6617 sc_std 0.2404 val_AP 1.0000 val_binF1 1.0000 lr 1.00e-04 0.3s
epoch   6 loss 0.0478 clss 0.0478 var 0.0000 sc_mean 0.6398 sc_std 0.2677 val_AP 1.0000 val_binF1 1.0000 lr 1.00e-04 0.3s
epoch   7 loss 0.0120 clss 0.0120 var 0.0000 sc_mean 0.6163 sc_std 0.2949 val_AP 1.0000 val_binF1 1.0000 lr 5.00e-05 0.3s
epoch   8 loss 0.0059 clss 0.0059 var 0.0001 sc_mean 0.6053 sc_std 0.3092 val_AP 1.0000 val_binF1 1.0000 lr 5.00e-05 0.3s
early stop at epoch 8（连续 5 epoch val binary AP 不提升）
done seed1 (split_seed1): best val binary AP=1.0000 @ epoch; wall=4.2s train=2.9s graphs/s=1140.73 → runs/perclass_arm/cap0/cls_access_control/seed1

$ python scripts/train.py --seed 1 --split-seed 1 --head binary --pos-weight-cap 0.0 --out-dir runs/perclass_arm/cap0/cls_access_control --graph-dir products/alldata/graphs_ft_p2/cb_ft_ss1 --split-dir products/alldata/splits --label-file products/alldata/perclass_labels/cls_access_control.json --label-key-mode project
[evaluate] 标签来源：file=products/alldata/perclass_labels/cls_access_control.json key_mode=project
seed1 (split_seed1) [head=binary]: test F1 0.5=0.8000 / val_thr(0.25)=0.6667；FPR 0.5=0.0000 FNR 0.5=0.3333；AP=0.7193

$ python scripts/evaluate.py --runs-dir runs/perclass_arm/cap0/cls_access_control --seed 1 --graph-dir products/alldata/graphs_ft_p2/cb_ft_ss1 --split-dir products/alldata/splits --label-file products/alldata/perclass_labels/cls_access_control.json --label-key-mode project
[diagnose] 标签来源：file=products/alldata/perclass_labels/cls_access_control.json key_mode=project
seed1: 逐类诊断完成 → runs/perclass_arm/cap0/cls_access_control/seed1/diagnosis.json （test pos 3）
跨种子聚合 → runs/perclass_arm/cap0/cls_access_control/diagnosis_summary.json

$ python scripts/diagnose.py --runs-dir runs/perclass_arm/cap0/cls_access_control --seed 1 --graph-dir products/alldata/graphs_ft_p2/cb_ft_ss1 --split-dir products/alldata/splits --label-file products/alldata/perclass_labels/cls_access_control.json --label-key-mode project
epoch   0 loss 1.1639 clss 1.1639 var 0.0136 sc_mean 0.4015 sc_std 0.1011 val_AP 0.5345 val_binF1 0.5000 lr 1.00e-04 0.6s
epoch   1 loss 0.7713 clss 0.7713 var 0.0014 sc_mean 0.4413 sc_std 0.2124 val_AP 0.5926 val_binF1 0.5714 lr 1.00e-04 0.3s
epoch   2 loss 0.3606 clss 0.3606 var 0.0006 sc_mean 0.4563 sc_std 0.2921 val_AP 0.7037 val_binF1 0.6667 lr 1.00e-04 0.3s
epoch   3 loss 0.1440 clss 0.1440 var 0.0006 sc_mean 0.4490 sc_std 0.3404 val_AP 0.7037 val_binF1 0.8000 lr 1.00e-04 0.4s
epoch   4 loss 0.0469 clss 0.0469 var 0.0005 sc_mean 0.4487 sc_std 0.3597 val_AP 0.7037 val_binF1 0.8000 lr 1.00e-04 0.3s
epoch   5 loss 0.0111 clss 0.0111 var 0.0000 sc_mean 0.4550 sc_std 0.3699 val_AP 0.7037 val_binF1 0.8000 lr 1.00e-04 0.3s
epoch   6 loss 0.0043 clss 0.0043 var 0.0005 sc_mean 0.4457 sc_std 0.3796 val_AP 0.7037 val_binF1 0.8000 lr 5.00e-05 0.3s
epoch   7 loss 0.0102 clss 0.0102 var 0.0003 sc_mean 0.4519 sc_std 0.3859 val_AP 0.7037 val_binF1 0.8000 lr 5.00e-05 0.3s
early stop at epoch 7（连续 5 epoch val binary AP 不提升）
done seed2 (split_seed2): best val binary AP=0.7037 @ epoch; wall=4.1s train=2.6s graphs/s=1096.36 → runs/perclass_arm/cap0/cls_access_control/seed2

$ python scripts/train.py --seed 2 --split-seed 2 --head binary --pos-weight-cap 0.0 --out-dir runs/perclass_arm/cap0/cls_access_control --graph-dir products/alldata/graphs_ft_p2/cb_ft_ss2 --split-dir products/alldata/splits --label-file products/alldata/perclass_labels/cls_access_control.json --label-key-mode project
[evaluate] 标签来源：file=products/alldata/perclass_labels/cls_access_control.json key_mode=project
seed2 (split_seed2) [head=binary]: test F1 0.5=0.8000 / val_thr(0.3)=0.6667；FPR 0.5=0.0000 FNR 0.5=0.3333；AP=0.7037

$ python scripts/evaluate.py --runs-dir runs/perclass_arm/cap0/cls_access_control --seed 2 --graph-dir products/alldata/graphs_ft_p2/cb_ft_ss2 --split-dir products/alldata/splits --label-file products/alldata/perclass_labels/cls_access_control.json --label-key-mode project
[diagnose] 标签来源：file=products/alldata/perclass_labels/cls_access_control.json key_mode=project
seed2: 逐类诊断完成 → runs/perclass_arm/cap0/cls_access_control/seed2/diagnosis.json （test pos 3）
跨种子聚合 → runs/perclass_arm/cap0/cls_access_control/diagnosis_summary.json

$ python scripts/diagnose.py --runs-dir runs/perclass_arm/cap0/cls_access_control --seed 2 --graph-dir products/alldata/graphs_ft_p2/cb_ft_ss2 --split-dir products/alldata/splits --label-file products/alldata/perclass_labels/cls_access_control.json --label-key-mode project
epoch   0 loss 1.1924 clss 1.1923 var 0.0355 sc_mean 0.5329 sc_std 0.0648 val_AP 1.0000 val_binF1 1.0000 lr 1.00e-04 0.6s
epoch   1 loss 0.8348 clss 0.8348 var 0.0062 sc_mean 0.6076 sc_std 0.1074 val_AP 0.9167 val_binF1 0.8000 lr 1.00e-04 0.3s
epoch   2 loss 0.5571 clss 0.5571 var 0.0006 sc_mean 0.7226 sc_std 0.1396 val_AP 0.9167 val_binF1 0.8571 lr 1.00e-04 0.3s
epoch   3 loss 0.2986 clss 0.2986 var 0.0004 sc_mean 0.7871 sc_std 0.1569 val_AP 1.0000 val_binF1 1.0000 lr 1.00e-04 0.3s
epoch   4 loss 0.3044 clss 0.3044 var 0.0003 sc_mean 0.7869 sc_std 0.1846 val_AP 1.0000 val_binF1 1.0000 lr 5.00e-05 0.3s
epoch   5 loss 0.2571 clss 0.2571 var 0.0003 sc_mean 0.7577 sc_std 0.2104 val_AP 1.0000 val_binF1 1.0000 lr 5.00e-05 0.3s
early stop at epoch 5（连续 5 epoch val binary AP 不提升）
done seed0 (split_seed0): best val binary AP=1.0000 @ epoch; wall=3.3s train=2.1s graphs/s=1053.07 → runs/perclass_arm/cap0/cls_arithmetic/seed0

$ python scripts/train.py --seed 0 --split-seed 0 --head binary --pos-weight-cap 0.0 --out-dir runs/perclass_arm/cap0/cls_arithmetic --graph-dir products/alldata/graphs_ft_p2/cb_ft_ss0 --split-dir products/alldata/splits --label-file products/alldata/perclass_labels/cls_arithmetic.json --label-key-mode project
[evaluate] 标签来源：file=products/alldata/perclass_labels/cls_arithmetic.json key_mode=project
seed0 (split_seed0) [head=binary]: test F1 0.5=0.8000 / val_thr(0.5)=0.8000；FPR 0.5=0.0227 FNR 0.5=0.0000；AP=1.0000

$ python scripts/evaluate.py --runs-dir runs/perclass_arm/cap0/cls_arithmetic --seed 0 --graph-dir products/alldata/graphs_ft_p2/cb_ft_ss0 --split-dir products/alldata/splits --label-file products/alldata/perclass_labels/cls_arithmetic.json --label-key-mode project
[diagnose] 标签来源：file=products/alldata/perclass_labels/cls_arithmetic.json key_mode=project
seed0: 逐类诊断完成 → runs/perclass_arm/cap0/cls_arithmetic/seed0/diagnosis.json （test pos 2）
跨种子聚合 → runs/perclass_arm/cap0/cls_arithmetic/diagnosis_summary.json

$ python scripts/diagnose.py --runs-dir runs/perclass_arm/cap0/cls_arithmetic --seed 0 --graph-dir products/alldata/graphs_ft_p2/cb_ft_ss0 --split-dir products/alldata/splits --label-file products/alldata/perclass_labels/cls_arithmetic.json --label-key-mode project
epoch   0 loss 1.1453 clss 1.1453 var 0.0219 sc_mean 0.5897 sc_std 0.0802 val_AP 1.0000 val_binF1 1.0000 lr 1.00e-04 0.9s
epoch   1 loss 0.9186 clss 0.9186 var 0.0038 sc_mean 0.7155 sc_std 0.1214 val_AP 1.0000 val_binF1 1.0000 lr 1.00e-04 0.4s
epoch   2 loss 1.0731 clss 1.0731 var 0.0018 sc_mean 0.7871 sc_std 0.1508 val_AP 1.0000 val_binF1 1.0000 lr 1.00e-04 0.3s
epoch   3 loss 1.0525 clss 1.0525 var 0.0010 sc_mean 0.8101 sc_std 0.1621 val_AP 1.0000 val_binF1 1.0000 lr 1.00e-04 0.4s
epoch   4 loss 1.0954 clss 1.0954 var 0.0011 sc_mean 0.8161 sc_std 0.1662 val_AP 1.0000 val_binF1 1.0000 lr 5.00e-05 0.3s
epoch   5 loss 1.0519 clss 1.0519 var 0.0015 sc_mean 0.8131 sc_std 0.1680 val_AP 1.0000 val_binF1 1.0000 lr 5.00e-05 0.4s
early stop at epoch 5（连续 5 epoch val binary AP 不提升）
done seed1 (split_seed1): best val binary AP=1.0000 @ epoch; wall=3.8s train=2.5s graphs/s=877.03 → runs/perclass_arm/cap0/cls_arithmetic/seed1

$ python scripts/train.py --seed 1 --split-seed 1 --head binary --pos-weight-cap 0.0 --out-dir runs/perclass_arm/cap0/cls_arithmetic --graph-dir products/alldata/graphs_ft_p2/cb_ft_ss1 --split-dir products/alldata/splits --label-file products/alldata/perclass_labels/cls_arithmetic.json --label-key-mode project
[evaluate] 标签来源：file=products/alldata/perclass_labels/cls_arithmetic.json key_mode=project
seed1 (split_seed1) [head=binary]: test F1 0.5=0.0000 / val_thr(0.35)=1.0000；FPR 0.5=0.0000 FNR 0.5=1.0000；AP=1.0000

$ python scripts/evaluate.py --runs-dir runs/perclass_arm/cap0/cls_arithmetic --seed 1 --graph-dir products/alldata/graphs_ft_p2/cb_ft_ss1 --split-dir products/alldata/splits --label-file products/alldata/perclass_labels/cls_arithmetic.json --label-key-mode project
[diagnose] 标签来源：file=products/alldata/perclass_labels/cls_arithmetic.json key_mode=project
seed1: 逐类诊断完成 → runs/perclass_arm/cap0/cls_arithmetic/seed1/diagnosis.json （test pos 2）
跨种子聚合 → runs/perclass_arm/cap0/cls_arithmetic/diagnosis_summary.json

$ python scripts/diagnose.py --runs-dir runs/perclass_arm/cap0/cls_arithmetic --seed 1 --graph-dir products/alldata/graphs_ft_p2/cb_ft_ss1 --split-dir products/alldata/splits --label-file products/alldata/perclass_labels/cls_arithmetic.json --label-key-mode project
epoch   0 loss 1.2133 clss 1.2133 var 0.0171 sc_mean 0.4076 sc_std 0.0900 val_AP 1.0000 val_binF1 1.0000 lr 1.00e-04 0.9s
epoch   1 loss 0.6503 clss 0.6503 var 0.0014 sc_mean 0.4168 sc_std 0.1788 val_AP 1.0000 val_binF1 1.0000 lr 1.00e-04 0.4s
epoch   2 loss 0.3262 clss 0.3262 var 0.0003 sc_mean 0.4273 sc_std 0.2851 val_AP 1.0000 val_binF1 1.0000 lr 1.00e-04 0.4s
epoch   3 loss 0.2972 clss 0.2972 var 0.0006 sc_mean 0.4001 sc_std 0.3493 val_AP 1.0000 val_binF1 1.0000 lr 1.00e-04 0.4s
epoch   4 loss 0.2605 clss 0.2605 var 0.0007 sc_mean 0.3924 sc_std 0.3722 val_AP 1.0000 val_binF1 1.0000 lr 5.00e-05 0.4s
epoch   5 loss 0.1655 clss 0.1655 var 0.0005 sc_mean 0.4086 sc_std 0.3742 val_AP 1.0000 val_binF1 1.0000 lr 5.00e-05 0.3s
early stop at epoch 5（连续 5 epoch val binary AP 不提升）
done seed2 (split_seed2): best val binary AP=1.0000 @ epoch; wall=4.7s train=2.6s graphs/s=845.86 → runs/perclass_arm/cap0/cls_arithmetic/seed2

$ python scripts/train.py --seed 2 --split-seed 2 --head binary --pos-weight-cap 0.0 --out-dir runs/perclass_arm/cap0/cls_arithmetic --graph-dir products/alldata/graphs_ft_p2/cb_ft_ss2 --split-dir products/alldata/splits --label-file products/alldata/perclass_labels/cls_arithmetic.json --label-key-mode project
[evaluate] 标签来源：file=products/alldata/perclass_labels/cls_arithmetic.json key_mode=project
seed2 (split_seed2) [head=binary]: test F1 0.5=1.0000 / val_thr(0.5)=1.0000；FPR 0.5=0.0000 FNR 0.5=0.0000；AP=1.0000

$ python scripts/evaluate.py --runs-dir runs/perclass_arm/cap0/cls_arithmetic --seed 2 --graph-dir products/alldata/graphs_ft_p2/cb_ft_ss2 --split-dir products/alldata/splits --label-file products/alldata/perclass_labels/cls_arithmetic.json --label-key-mode project
[diagnose] 标签来源：file=products/alldata/perclass_labels/cls_arithmetic.json key_mode=project
seed2: 逐类诊断完成 → runs/perclass_arm/cap0/cls_arithmetic/seed2/diagnosis.json （test pos 3）
跨种子聚合 → runs/perclass_arm/cap0/cls_arithmetic/diagnosis_summary.json

$ python scripts/diagnose.py --runs-dir runs/perclass_arm/cap0/cls_arithmetic --seed 2 --graph-dir products/alldata/graphs_ft_p2/cb_ft_ss2 --split-dir products/alldata/splits --label-file products/alldata/perclass_labels/cls_arithmetic.json --label-key-mode project
epoch   0 loss 1.2348 clss 1.2347 var 0.0257 sc_mean 0.5426 sc_std 0.0762 val_AP 0.2000 val_binF1 0.2500 lr 1.00e-04 0.6s
epoch   1 loss 0.8380 clss 0.8380 var 0.0027 sc_mean 0.6498 sc_std 0.1330 val_AP 0.2500 val_binF1 0.4000 lr 1.00e-04 0.4s
epoch   2 loss 0.5576 clss 0.5576 var 0.0014 sc_mean 0.7284 sc_std 0.1818 val_AP 0.2500 val_binF1 0.0000 lr 1.00e-04 0.4s
epoch   3 loss 0.3602 clss 0.3602 var 0.0005 sc_mean 0.7503 sc_std 0.2207 val_AP 0.5000 val_binF1 0.0000 lr 1.00e-04 0.4s
epoch   4 loss 0.1779 clss 0.1779 var 0.0002 sc_mean 0.7412 sc_std 0.2525 val_AP 1.0000 val_binF1 1.0000 lr 1.00e-04 0.4s
epoch   5 loss 0.0501 clss 0.0501 var 0.0003 sc_mean 0.7288 sc_std 0.2704 val_AP 1.0000 val_binF1 1.0000 lr 1.00e-04 0.3s
epoch   6 loss 0.0182 clss 0.0182 var 0.0002 sc_mean 0.7235 sc_std 0.2849 val_AP 1.0000 val_binF1 1.0000 lr 1.00e-04 0.4s
epoch   7 loss 0.0078 clss 0.0078 var 0.0001 sc_mean 0.7060 sc_std 0.3011 val_AP 1.0000 val_binF1 1.0000 lr 1.00e-04 0.4s
epoch   8 loss 0.0033 clss 0.0033 var 0.0000 sc_mean 0.6881 sc_std 0.3143 val_AP 1.0000 val_binF1 1.0000 lr 5.00e-05 0.4s
epoch   9 loss 0.0021 clss 0.0021 var 0.0001 sc_mean 0.6798 sc_std 0.3219 val_AP 1.0000 val_binF1 1.0000 lr 5.00e-05 0.3s
early stop at epoch 9（连续 5 epoch val binary AP 不提升）
done seed0 (split_seed0): best val binary AP=1.0000 @ epoch; wall=5.1s train=3.6s graphs/s=1011.90 → runs/perclass_arm/cap0/cls_dos/seed0

$ python scripts/train.py --seed 0 --split-seed 0 --head binary --pos-weight-cap 0.0 --out-dir runs/perclass_arm/cap0/cls_dos --graph-dir products/alldata/graphs_ft_p2/cb_ft_ss0 --split-dir products/alldata/splits --label-file products/alldata/perclass_labels/cls_dos.json --label-key-mode project
[evaluate] 标签来源：file=products/alldata/perclass_labels/cls_dos.json key_mode=project
seed0 (split_seed0) [head=binary]: test F1 0.5=0.0000 / val_thr(0.2)=1.0000；FPR 0.5=0.0000 FNR 0.5=1.0000；AP=1.0000

$ python scripts/evaluate.py --runs-dir runs/perclass_arm/cap0/cls_dos --seed 0 --graph-dir products/alldata/graphs_ft_p2/cb_ft_ss0 --split-dir products/alldata/splits --label-file products/alldata/perclass_labels/cls_dos.json --label-key-mode project
[diagnose] 标签来源：file=products/alldata/perclass_labels/cls_dos.json key_mode=project
seed0: 逐类诊断完成 → runs/perclass_arm/cap0/cls_dos/seed0/diagnosis.json （test pos 1）
跨种子聚合 → runs/perclass_arm/cap0/cls_dos/diagnosis_summary.json

$ python scripts/diagnose.py --runs-dir runs/perclass_arm/cap0/cls_dos --seed 0 --graph-dir products/alldata/graphs_ft_p2/cb_ft_ss0 --split-dir products/alldata/splits --label-file products/alldata/perclass_labels/cls_dos.json --label-key-mode project
epoch   0 loss 1.1534 clss 1.1534 var 0.0287 sc_mean 0.5751 sc_std 0.0724 val_AP 1.0000 val_binF1 1.0000 lr 1.00e-04 0.6s
epoch   1 loss 0.9028 clss 0.9028 var 0.0032 sc_mean 0.7576 sc_std 0.1284 val_AP 1.0000 val_binF1 1.0000 lr 1.00e-04 0.4s
epoch   2 loss 0.7176 clss 0.7176 var 0.0010 sc_mean 0.8263 sc_std 0.1530 val_AP 1.0000 val_binF1 1.0000 lr 1.00e-04 0.3s
epoch   3 loss 0.6146 clss 0.6146 var 0.0005 sc_mean 0.8392 sc_std 0.1650 val_AP 1.0000 val_binF1 1.0000 lr 1.00e-04 0.3s
epoch   4 loss 0.4818 clss 0.4818 var 0.0004 sc_mean 0.8347 sc_std 0.1743 val_AP 1.0000 val_binF1 1.0000 lr 5.00e-05 0.3s
epoch   5 loss 0.3832 clss 0.3832 var 0.0003 sc_mean 0.8304 sc_std 0.1819 val_AP 1.0000 val_binF1 1.0000 lr 5.00e-05 0.3s
early stop at epoch 5（连续 5 epoch val binary AP 不提升）
done seed1 (split_seed1): best val binary AP=1.0000 @ epoch; wall=3.5s train=2.1s graphs/s=1027.34 → runs/perclass_arm/cap0/cls_dos/seed1

$ python scripts/train.py --seed 1 --split-seed 1 --head binary --pos-weight-cap 0.0 --out-dir runs/perclass_arm/cap0/cls_dos --graph-dir products/alldata/graphs_ft_p2/cb_ft_ss1 --split-dir products/alldata/splits --label-file products/alldata/perclass_labels/cls_dos.json --label-key-mode project
[evaluate] 标签来源：file=products/alldata/perclass_labels/cls_dos.json key_mode=project
seed1 (split_seed1) [head=binary]: test F1 0.5=0.0000 / val_thr(0.45)=0.0000；FPR 0.5=0.0000 FNR 0.5=1.0000；AP=1.0000

$ python scripts/evaluate.py --runs-dir runs/perclass_arm/cap0/cls_dos --seed 1 --graph-dir products/alldata/graphs_ft_p2/cb_ft_ss1 --split-dir products/alldata/splits --label-file products/alldata/perclass_labels/cls_dos.json --label-key-mode project
[diagnose] 标签来源：file=products/alldata/perclass_labels/cls_dos.json key_mode=project
seed1: 逐类诊断完成 → runs/perclass_arm/cap0/cls_dos/seed1/diagnosis.json （test pos 1）
跨种子聚合 → runs/perclass_arm/cap0/cls_dos/diagnosis_summary.json

$ python scripts/diagnose.py --runs-dir runs/perclass_arm/cap0/cls_dos --seed 1 --graph-dir products/alldata/graphs_ft_p2/cb_ft_ss1 --split-dir products/alldata/splits --label-file products/alldata/perclass_labels/cls_dos.json --label-key-mode project
epoch   0 loss 1.1355 clss 1.1354 var 0.0162 sc_mean 0.4073 sc_std 0.0933 val_AP 1.0000 val_binF1 1.0000 lr 1.00e-04 1.0s
epoch   1 loss 0.7061 clss 0.7061 var 0.0014 sc_mean 0.4400 sc_std 0.1895 val_AP 1.0000 val_binF1 1.0000 lr 1.00e-04 0.4s
epoch   2 loss 0.3978 clss 0.3978 var 0.0009 sc_mean 0.4608 sc_std 0.2928 val_AP 1.0000 val_binF1 1.0000 lr 1.00e-04 0.5s
epoch   3 loss 0.1911 clss 0.1911 var 0.0010 sc_mean 0.4401 sc_std 0.3456 val_AP 1.0000 val_binF1 1.0000 lr 1.00e-04 0.4s
epoch   4 loss 0.0548 clss 0.0548 var 0.0009 sc_mean 0.4413 sc_std 0.3592 val_AP 1.0000 val_binF1 1.0000 lr 5.00e-05 0.4s
epoch   5 loss 0.0179 clss 0.0179 var 0.0005 sc_mean 0.4522 sc_std 0.3617 val_AP 1.0000 val_binF1 1.0000 lr 5.00e-05 0.4s
early stop at epoch 5（连续 5 epoch val binary AP 不提升）
done seed2 (split_seed2): best val binary AP=1.0000 @ epoch; wall=4.7s train=2.8s graphs/s=772.17 → runs/perclass_arm/cap0/cls_dos/seed2

$ python scripts/train.py --seed 2 --split-seed 2 --head binary --pos-weight-cap 0.0 --out-dir runs/perclass_arm/cap0/cls_dos --graph-dir products/alldata/graphs_ft_p2/cb_ft_ss2 --split-dir products/alldata/splits --label-file products/alldata/perclass_labels/cls_dos.json --label-key-mode project
[evaluate] 标签来源：file=products/alldata/perclass_labels/cls_dos.json key_mode=project
seed2 (split_seed2) [head=binary]: test F1 0.5=1.0000 / val_thr(0.5)=1.0000；FPR 0.5=0.0000 FNR 0.5=0.0000；AP=1.0000

$ python scripts/evaluate.py --runs-dir runs/perclass_arm/cap0/cls_dos --seed 2 --graph-dir products/alldata/graphs_ft_p2/cb_ft_ss2 --split-dir products/alldata/splits --label-file products/alldata/perclass_labels/cls_dos.json --label-key-mode project
[diagnose] 标签来源：file=products/alldata/perclass_labels/cls_dos.json key_mode=project
seed2: 逐类诊断完成 → runs/perclass_arm/cap0/cls_dos/seed2/diagnosis.json （test pos 1）
跨种子聚合 → runs/perclass_arm/cap0/cls_dos/diagnosis_summary.json

$ python scripts/diagnose.py --runs-dir runs/perclass_arm/cap0/cls_dos --seed 2 --graph-dir products/alldata/graphs_ft_p2/cb_ft_ss2 --split-dir products/alldata/splits --label-file products/alldata/perclass_labels/cls_dos.json --label-key-mode project
epoch   0 loss 1.3236 clss 1.3236 var 0.0264 sc_mean 0.5400 sc_std 0.0752 val_AP 0.2000 val_binF1 0.3333 lr 1.00e-04 0.7s
epoch   1 loss 1.2134 clss 1.2134 var 0.0022 sc_mean 0.6347 sc_std 0.1353 val_AP 0.3333 val_binF1 0.2222 lr 1.00e-04 0.4s
epoch   2 loss 1.7760 clss 1.7760 var 0.0016 sc_mean 0.6891 sc_std 0.1903 val_AP 0.3333 val_binF1 0.0000 lr 1.00e-04 0.4s
epoch   3 loss 2.0114 clss 2.0114 var 0.0006 sc_mean 0.6900 sc_std 0.2411 val_AP 0.3333 val_binF1 0.0000 lr 1.00e-04 0.4s
epoch   4 loss 2.3529 clss 2.3529 var 0.0001 sc_mean 0.6564 sc_std 0.2749 val_AP 0.3333 val_binF1 0.0000 lr 1.00e-04 0.3s
epoch   5 loss 2.2698 clss 2.2698 var 0.0004 sc_mean 0.6179 sc_std 0.2892 val_AP 0.3333 val_binF1 0.0000 lr 5.00e-05 0.4s
epoch   6 loss 2.0917 clss 2.0917 var 0.0001 sc_mean 0.6041 sc_std 0.2977 val_AP 0.5000 val_binF1 0.0000 lr 5.00e-05 0.4s
epoch   7 loss 1.9316 clss 1.9316 var 0.0000 sc_mean 0.5812 sc_std 0.3016 val_AP 0.5000 val_binF1 0.0000 lr 5.00e-05 0.4s
epoch   8 loss 1.7907 clss 1.7907 var 0.0001 sc_mean 0.5586 sc_std 0.3020 val_AP 1.0000 val_binF1 0.0000 lr 5.00e-05 0.4s
epoch   9 loss 1.6854 clss 1.6854 var 0.0002 sc_mean 0.5340 sc_std 0.3066 val_AP 1.0000 val_binF1 0.0000 lr 5.00e-05 0.4s
epoch  10 loss 1.6344 clss 1.6344 var 0.0002 sc_mean 0.4893 sc_std 0.3050 val_AP 1.0000 val_binF1 0.0000 lr 5.00e-05 0.4s
epoch  11 loss 1.5142 clss 1.5142 var 0.0003 sc_mean 0.4706 sc_std 0.3091 val_AP 1.0000 val_binF1 0.0000 lr 5.00e-05 0.4s
epoch  12 loss 1.4866 clss 1.4866 var 0.0001 sc_mean 0.4371 sc_std 0.3071 val_AP 1.0000 val_binF1 0.0000 lr 2.50e-05 0.4s
epoch  13 loss 1.2542 clss 1.2542 var 0.0001 sc_mean 0.4063 sc_std 0.3049 val_AP 1.0000 val_binF1 0.0000 lr 2.50e-05 0.5s
early stop at epoch 13（连续 5 epoch val binary AP 不提升）
done seed0 (split_seed0): best val binary AP=1.0000 @ epoch; wall=7.0s train=5.2s graphs/s=972.43 → runs/perclass_arm/cap0/cls_front_running/seed0

$ python scripts/train.py --seed 0 --split-seed 0 --head binary --pos-weight-cap 0.0 --out-dir runs/perclass_arm/cap0/cls_front_running --graph-dir products/alldata/graphs_ft_p2/cb_ft_ss0 --split-dir products/alldata/splits --label-file products/alldata/perclass_labels/cls_front_running.json --label-key-mode project
[evaluate] 标签来源：file=products/alldata/perclass_labels/cls_front_running.json key_mode=project
seed0 (split_seed0) [head=binary]: test F1 0.5=0.0000 / val_thr(0.2)=0.0000；FPR 0.5=0.0000 FNR 0.5=1.0000；AP=0.5000

$ python scripts/evaluate.py --runs-dir runs/perclass_arm/cap0/cls_front_running --seed 0 --graph-dir products/alldata/graphs_ft_p2/cb_ft_ss0 --split-dir products/alldata/splits --label-file products/alldata/perclass_labels/cls_front_running.json --label-key-mode project
[diagnose] 标签来源：file=products/alldata/perclass_labels/cls_front_running.json key_mode=project
seed0: 逐类诊断完成 → runs/perclass_arm/cap0/cls_front_running/seed0/diagnosis.json （test pos 1）
跨种子聚合 → runs/perclass_arm/cap0/cls_front_running/diagnosis_summary.json

$ python scripts/diagnose.py --runs-dir runs/perclass_arm/cap0/cls_front_running --seed 0 --graph-dir products/alldata/graphs_ft_p2/cb_ft_ss0 --split-dir products/alldata/splits --label-file products/alldata/perclass_labels/cls_front_running.json --label-key-mode project
epoch   0 loss 1.3534 clss 1.3534 var 0.0184 sc_mean 0.6252 sc_std 0.0892 val_AP 0.0263 val_binF1 0.0000 lr 1.00e-04 0.7s
epoch   1 loss 1.1109 clss 1.1109 var 0.0020 sc_mean 0.7968 sc_std 0.1399 val_AP 0.0270 val_binF1 0.0000 lr 1.00e-04 0.4s
epoch   2 loss 1.9694 clss 1.9694 var 0.0010 sc_mean 0.8431 sc_std 0.1562 val_AP 0.0270 val_binF1 0.0000 lr 1.00e-04 0.4s
epoch   3 loss 0.8295 clss 0.8295 var 0.0005 sc_mean 0.8490 sc_std 0.1687 val_AP 0.0270 val_binF1 0.0000 lr 1.00e-04 0.4s
epoch   4 loss 0.7223 clss 0.7223 var 0.0003 sc_mean 0.8412 sc_std 0.1761 val_AP 0.0270 val_binF1 0.0000 lr 1.00e-04 0.3s
epoch   5 loss 0.6659 clss 0.6659 var 0.0005 sc_mean 0.8361 sc_std 0.1827 val_AP 0.0278 val_binF1 0.0000 lr 1.00e-04 0.4s
epoch   6 loss 0.6071 clss 0.6071 var 0.0003 sc_mean 0.8305 sc_std 0.1933 val_AP 0.0278 val_binF1 0.0000 lr 1.00e-04 0.3s
epoch   7 loss 0.5547 clss 0.5547 var 0.0002 sc_mean 0.8265 sc_std 0.2016 val_AP 0.0278 val_binF1 0.0000 lr 1.00e-04 0.4s
epoch   8 loss 0.4981 clss 0.4981 var 0.0004 sc_mean 0.8218 sc_std 0.2098 val_AP 0.0286 val_binF1 0.0000 lr 1.00e-04 0.4s
epoch   9 loss 0.4207 clss 0.4207 var 0.0003 sc_mean 0.8184 sc_std 0.2166 val_AP 0.0294 val_binF1 0.0000 lr 1.00e-04 0.4s
epoch  10 loss 0.3659 clss 0.3659 var 0.0001 sc_mean 0.8188 sc_std 0.2213 val_AP 0.0294 val_binF1 0.0000 lr 1.00e-04 0.4s
epoch  11 loss 0.2958 clss 0.2958 var 0.0002 sc_mean 0.8193 sc_std 0.2259 val_AP 0.0303 val_binF1 0.0000 lr 1.00e-04 0.4s
epoch  12 loss 0.1619 clss 0.1619 var 0.0001 sc_mean 0.8191 sc_std 0.2308 val_AP 0.0323 val_binF1 0.0000 lr 1.00e-04 0.3s
epoch  13 loss 0.1447 clss 0.1447 var 0.0000 sc_mean 0.8150 sc_std 0.2403 val_AP 0.0333 val_binF1 0.0000 lr 1.00e-04 0.3s
epoch  14 loss 0.0519 clss 0.0519 var 0.0000 sc_mean 0.8063 sc_std 0.2478 val_AP 0.0345 val_binF1 0.0000 lr 1.00e-04 0.4s
epoch  15 loss 0.0308 clss 0.0308 var 0.0000 sc_mean 0.7948 sc_std 0.2620 val_AP 0.0357 val_binF1 0.0000 lr 1.00e-04 0.4s
epoch  16 loss 0.0151 clss 0.0151 var 0.0000 sc_mean 0.7796 sc_std 0.2756 val_AP 0.0370 val_binF1 0.0000 lr 1.00e-04 0.3s
epoch  17 loss 0.0031 clss 0.0031 var 0.0000 sc_mean 0.7684 sc_std 0.2872 val_AP 0.0357 val_binF1 0.0000 lr 1.00e-04 0.3s
epoch  18 loss 0.0037 clss 0.0037 var 0.0000 sc_mean 0.7521 sc_std 0.2973 val_AP 0.0370 val_binF1 0.0000 lr 1.00e-04 0.4s
epoch  19 loss 0.0010 clss 0.0010 var 0.0000 sc_mean 0.7377 sc_std 0.3084 val_AP 0.0370 val_binF1 0.0000 lr 1.00e-04 0.4s
epoch  20 loss 0.0016 clss 0.0016 var 0.0000 sc_mean 0.7262 sc_std 0.3187 val_AP 0.0400 val_binF1 0.0000 lr 1.00e-04 0.4s
epoch  21 loss 0.0003 clss 0.0003 var 0.0000 sc_mean 0.7157 sc_std 0.3253 val_AP 0.0400 val_binF1 0.0000 lr 1.00e-04 0.4s
epoch  22 loss 0.0003 clss 0.0003 var 0.0000 sc_mean 0.7108 sc_std 0.3290 val_AP 0.0385 val_binF1 0.0000 lr 1.00e-04 0.3s
epoch  23 loss 0.0003 clss 0.0003 var 0.0000 sc_mean 0.7097 sc_std 0.3304 val_AP 0.0385 val_binF1 0.0000 lr 1.00e-04 0.4s
epoch  24 loss 0.0002 clss 0.0002 var 0.0000 sc_mean 0.7049 sc_std 0.3313 val_AP 0.0370 val_binF1 0.0000 lr 5.00e-05 0.3s
epoch  25 loss 0.0001 clss 0.0001 var 0.0000 sc_mean 0.7069 sc_std 0.3342 val_AP 0.0357 val_binF1 0.0000 lr 5.00e-05 0.3s
early stop at epoch 25（连续 5 epoch val binary AP 不提升）
done seed1 (split_seed1): best val binary AP=0.0400 @ epoch; wall=11.0s train=8.9s graphs/s=1061.86 → runs/perclass_arm/cap0/cls_front_running/seed1

$ python scripts/train.py --seed 1 --split-seed 1 --head binary --pos-weight-cap 0.0 --out-dir runs/perclass_arm/cap0/cls_front_running --graph-dir products/alldata/graphs_ft_p2/cb_ft_ss1 --split-dir products/alldata/splits --label-file products/alldata/perclass_labels/cls_front_running.json --label-key-mode project
[evaluate] 标签来源：file=products/alldata/perclass_labels/cls_front_running.json key_mode=project
seed1 (split_seed1) [head=binary]: test F1 0.5=0.5000 / val_thr(0.2)=0.5000；FPR 0.5=0.0444 FNR 0.5=0.0000；AP=1.0000

$ python scripts/evaluate.py --runs-dir runs/perclass_arm/cap0/cls_front_running --seed 1 --graph-dir products/alldata/graphs_ft_p2/cb_ft_ss1 --split-dir products/alldata/splits --label-file products/alldata/perclass_labels/cls_front_running.json --label-key-mode project
[diagnose] 标签来源：file=products/alldata/perclass_labels/cls_front_running.json key_mode=project
seed1: 逐类诊断完成 → runs/perclass_arm/cap0/cls_front_running/seed1/diagnosis.json （test pos 1）
跨种子聚合 → runs/perclass_arm/cap0/cls_front_running/diagnosis_summary.json

$ python scripts/diagnose.py --runs-dir runs/perclass_arm/cap0/cls_front_running --seed 1 --graph-dir products/alldata/graphs_ft_p2/cb_ft_ss1 --split-dir products/alldata/splits --label-file products/alldata/perclass_labels/cls_front_running.json --label-key-mode project
epoch   0 loss 1.2000 clss 1.2000 var 0.0171 sc_mean 0.4272 sc_std 0.0898 val_AP 0.0303 val_binF1 0.0444 lr 1.00e-04 0.6s
epoch   1 loss 0.8619 clss 0.8619 var 0.0017 sc_mean 0.4636 sc_std 0.1956 val_AP 0.0286 val_binF1 0.0000 lr 1.00e-04 0.4s
epoch   2 loss 0.8162 clss 0.8162 var 0.0006 sc_mean 0.5021 sc_std 0.2930 val_AP 0.0303 val_binF1 0.0000 lr 1.00e-04 0.4s
epoch   3 loss 0.7646 clss 0.7646 var 0.0009 sc_mean 0.5069 sc_std 0.3307 val_AP 0.0312 val_binF1 0.0000 lr 1.00e-04 0.3s
epoch   4 loss 0.4940 clss 0.4940 var 0.0007 sc_mean 0.5181 sc_std 0.3392 val_AP 0.0333 val_binF1 0.0000 lr 1.00e-04 0.4s
epoch   5 loss 0.4186 clss 0.4186 var 0.0002 sc_mean 0.5327 sc_std 0.3419 val_AP 0.0370 val_binF1 0.0000 lr 1.00e-04 0.4s
epoch   6 loss 0.2092 clss 0.2092 var 0.0006 sc_mean 0.5278 sc_std 0.3482 val_AP 0.0417 val_binF1 0.0000 lr 1.00e-04 0.4s
epoch   7 loss 0.1380 clss 0.1380 var 0.0001 sc_mean 0.5236 sc_std 0.3585 val_AP 0.0435 val_binF1 0.0000 lr 1.00e-04 0.4s
epoch   8 loss 0.0457 clss 0.0457 var 0.0001 sc_mean 0.5091 sc_std 0.3685 val_AP 0.0476 val_binF1 0.0000 lr 1.00e-04 0.4s
epoch   9 loss 0.0177 clss 0.0177 var 0.0002 sc_mean 0.4962 sc_std 0.3780 val_AP 0.0500 val_binF1 0.0000 lr 1.00e-04 0.4s
epoch  10 loss 0.0087 clss 0.0087 var 0.0002 sc_mean 0.4623 sc_std 0.3871 val_AP 0.0526 val_binF1 0.0000 lr 1.00e-04 0.4s
epoch  11 loss 0.0031 clss 0.0031 var 0.0003 sc_mean 0.4474 sc_std 0.3927 val_AP 0.0526 val_binF1 0.0000 lr 1.00e-04 0.4s
epoch  12 loss 0.0014 clss 0.0014 var 0.0003 sc_mean 0.4379 sc_std 0.3997 val_AP 0.0556 val_binF1 0.0000 lr 1.00e-04 0.4s
epoch  13 loss 0.0008 clss 0.0008 var 0.0005 sc_mean 0.4346 sc_std 0.4043 val_AP 0.0526 val_binF1 0.0000 lr 1.00e-04 0.4s
epoch  14 loss 0.0006 clss 0.0006 var 0.0001 sc_mean 0.4286 sc_std 0.4079 val_AP 0.0526 val_binF1 0.0000 lr 1.00e-04 0.3s
epoch  15 loss 0.0004 clss 0.0004 var 0.0000 sc_mean 0.4256 sc_std 0.4081 val_AP 0.0526 val_binF1 0.0000 lr 1.00e-04 0.3s
epoch  16 loss 0.0011 clss 0.0011 var 0.0004 sc_mean 0.4228 sc_std 0.4082 val_AP 0.0556 val_binF1 0.0000 lr 5.00e-05 0.4s
epoch  17 loss 0.0004 clss 0.0004 var 0.0003 sc_mean 0.4208 sc_std 0.4095 val_AP 0.0556 val_binF1 0.0000 lr 5.00e-05 0.3s
early stop at epoch 17（连续 5 epoch val binary AP 不提升）
done seed2 (split_seed2): best val binary AP=0.0556 @ epoch; wall=8.3s train=6.3s graphs/s=1041.25 → runs/perclass_arm/cap0/cls_front_running/seed2

$ python scripts/train.py --seed 2 --split-seed 2 --head binary --pos-weight-cap 0.0 --out-dir runs/perclass_arm/cap0/cls_front_running --graph-dir products/alldata/graphs_ft_p2/cb_ft_ss2 --split-dir products/alldata/splits --label-file products/alldata/perclass_labels/cls_front_running.json --label-key-mode project
[evaluate] 标签来源：file=products/alldata/perclass_labels/cls_front_running.json key_mode=project
seed2 (split_seed2) [head=binary]: test F1 0.5=1.0000 / val_thr(0.2)=1.0000；FPR 0.5=0.0000 FNR 0.5=0.0000；AP=1.0000

$ python scripts/evaluate.py --runs-dir runs/perclass_arm/cap0/cls_front_running --seed 2 --graph-dir products/alldata/graphs_ft_p2/cb_ft_ss2 --split-dir products/alldata/splits --label-file products/alldata/perclass_labels/cls_front_running.json --label-key-mode project
[diagnose] 标签来源：file=products/alldata/perclass_labels/cls_front_running.json key_mode=project
seed2: 逐类诊断完成 → runs/perclass_arm/cap0/cls_front_running/seed2/diagnosis.json （test pos 1）
跨种子聚合 → runs/perclass_arm/cap0/cls_front_running/diagnosis_summary.json

$ python scripts/diagnose.py --runs-dir runs/perclass_arm/cap0/cls_front_running --seed 2 --graph-dir products/alldata/graphs_ft_p2/cb_ft_ss2 --split-dir products/alldata/splits --label-file products/alldata/perclass_labels/cls_front_running.json --label-key-mode project
epoch   0 loss 1.1322 clss 1.1321 var 0.0340 sc_mean 0.5282 sc_std 0.0675 val_AP 1.0000 val_binF1 1.0000 lr 1.00e-04 0.7s
epoch   1 loss 0.6089 clss 0.6089 var 0.0047 sc_mean 0.5645 sc_std 0.1199 val_AP 1.0000 val_binF1 1.0000 lr 1.00e-04 0.4s
epoch   2 loss 0.2081 clss 0.2081 var 0.0016 sc_mean 0.6166 sc_std 0.1782 val_AP 1.0000 val_binF1 1.0000 lr 1.00e-04 0.4s
epoch   3 loss 0.0672 clss 0.0672 var 0.0005 sc_mean 0.6200 sc_std 0.2400 val_AP 0.9667 val_binF1 0.8889 lr 1.00e-04 0.4s
epoch   4 loss 0.0387 clss 0.0387 var 0.0001 sc_mean 0.5696 sc_std 0.2893 val_AP 0.9429 val_binF1 0.8889 lr 5.00e-05 0.4s
epoch   5 loss 0.0484 clss 0.0484 var 0.0004 sc_mean 0.5131 sc_std 0.3095 val_AP 0.9429 val_binF1 0.8889 lr 5.00e-05 0.4s
early stop at epoch 5（连续 5 epoch val binary AP 不提升）
done seed0 (split_seed0): best val binary AP=1.0000 @ epoch; wall=3.8s train=2.3s graphs/s=938.29 → runs/perclass_arm/cap0/cls_reentrancy/seed0

$ python scripts/train.py --seed 0 --split-seed 0 --head binary --pos-weight-cap 0.0 --out-dir runs/perclass_arm/cap0/cls_reentrancy --graph-dir products/alldata/graphs_ft_p2/cb_ft_ss0 --split-dir products/alldata/splits --label-file products/alldata/perclass_labels/cls_reentrancy.json --label-key-mode project
[evaluate] 标签来源：file=products/alldata/perclass_labels/cls_reentrancy.json key_mode=project
seed0 (split_seed0) [head=binary]: test F1 0.5=0.9091 / val_thr(0.5)=0.9091；FPR 0.5=0.0244 FNR 0.5=0.0000；AP=1.0000

$ python scripts/evaluate.py --runs-dir runs/perclass_arm/cap0/cls_reentrancy --seed 0 --graph-dir products/alldata/graphs_ft_p2/cb_ft_ss0 --split-dir products/alldata/splits --label-file products/alldata/perclass_labels/cls_reentrancy.json --label-key-mode project
[diagnose] 标签来源：file=products/alldata/perclass_labels/cls_reentrancy.json key_mode=project
seed0: 逐类诊断完成 → runs/perclass_arm/cap0/cls_reentrancy/seed0/diagnosis.json （test pos 5）
跨种子聚合 → runs/perclass_arm/cap0/cls_reentrancy/diagnosis_summary.json

$ python scripts/diagnose.py --runs-dir runs/perclass_arm/cap0/cls_reentrancy --seed 0 --graph-dir products/alldata/graphs_ft_p2/cb_ft_ss0 --split-dir products/alldata/splits --label-file products/alldata/perclass_labels/cls_reentrancy.json --label-key-mode project
epoch   0 loss 1.0444 clss 1.0444 var 0.0241 sc_mean 0.6149 sc_std 0.0791 val_AP 0.8889 val_binF1 0.9091 lr 1.00e-04 0.6s
epoch   1 loss 0.5879 clss 0.5879 var 0.0029 sc_mean 0.7974 sc_std 0.1274 val_AP 0.9000 val_binF1 0.9091 lr 1.00e-04 0.4s
epoch   2 loss 0.2509 clss 0.2509 var 0.0004 sc_mean 0.8509 sc_std 0.1518 val_AP 0.9762 val_binF1 0.9231 lr 1.00e-04 0.4s
epoch   3 loss 0.0437 clss 0.0437 var 0.0001 sc_mean 0.8555 sc_std 0.1757 val_AP 1.0000 val_binF1 1.0000 lr 1.00e-04 0.3s
epoch   4 loss 0.0106 clss 0.0106 var 0.0001 sc_mean 0.8378 sc_std 0.2036 val_AP 1.0000 val_binF1 0.9231 lr 1.00e-04 0.3s
epoch   5 loss 0.0032 clss 0.0032 var 0.0002 sc_mean 0.8217 sc_std 0.2262 val_AP 1.0000 val_binF1 0.9231 lr 1.00e-04 0.3s
epoch   6 loss 0.0021 clss 0.0021 var 0.0000 sc_mean 0.8151 sc_std 0.2410 val_AP 1.0000 val_binF1 0.9231 lr 1.00e-04 0.3s
epoch   7 loss 0.0012 clss 0.0012 var 0.0000 sc_mean 0.8102 sc_std 0.2504 val_AP 1.0000 val_binF1 0.9231 lr 5.00e-05 0.3s
epoch   8 loss 0.0010 clss 0.0010 var 0.0003 sc_mean 0.8079 sc_std 0.2562 val_AP 1.0000 val_binF1 0.9231 lr 5.00e-05 0.3s
early stop at epoch 8（连续 5 epoch val binary AP 不提升）
done seed1 (split_seed1): best val binary AP=1.0000 @ epoch; wall=4.5s train=3.0s graphs/s=1099.02 → runs/perclass_arm/cap0/cls_reentrancy/seed1

$ python scripts/train.py --seed 1 --split-seed 1 --head binary --pos-weight-cap 0.0 --out-dir runs/perclass_arm/cap0/cls_reentrancy --graph-dir products/alldata/graphs_ft_p2/cb_ft_ss1 --split-dir products/alldata/splits --label-file products/alldata/perclass_labels/cls_reentrancy.json --label-key-mode project
[evaluate] 标签来源：file=products/alldata/perclass_labels/cls_reentrancy.json key_mode=project
seed1 (split_seed1) [head=binary]: test F1 0.5=0.8000 / val_thr(0.8)=0.8000；FPR 0.5=0.0000 FNR 0.5=0.3333；AP=0.8294

$ python scripts/evaluate.py --runs-dir runs/perclass_arm/cap0/cls_reentrancy --seed 1 --graph-dir products/alldata/graphs_ft_p2/cb_ft_ss1 --split-dir products/alldata/splits --label-file products/alldata/perclass_labels/cls_reentrancy.json --label-key-mode project
[diagnose] 标签来源：file=products/alldata/perclass_labels/cls_reentrancy.json key_mode=project
seed1: 逐类诊断完成 → runs/perclass_arm/cap0/cls_reentrancy/seed1/diagnosis.json （test pos 6）
跨种子聚合 → runs/perclass_arm/cap0/cls_reentrancy/diagnosis_summary.json

$ python scripts/diagnose.py --runs-dir runs/perclass_arm/cap0/cls_reentrancy --seed 1 --graph-dir products/alldata/graphs_ft_p2/cb_ft_ss1 --split-dir products/alldata/splits --label-file products/alldata/perclass_labels/cls_reentrancy.json --label-key-mode project
epoch   0 loss 0.9843 clss 0.9843 var 0.0149 sc_mean 0.4292 sc_std 0.0995 val_AP 1.0000 val_binF1 1.0000 lr 1.00e-04 0.6s
epoch   1 loss 0.3763 clss 0.3763 var 0.0016 sc_mean 0.4329 sc_std 0.2096 val_AP 1.0000 val_binF1 1.0000 lr 1.00e-04 0.3s
epoch   2 loss 0.0874 clss 0.0874 var 0.0007 sc_mean 0.4066 sc_std 0.3201 val_AP 1.0000 val_binF1 1.0000 lr 1.00e-04 0.3s
epoch   3 loss 0.0486 clss 0.0486 var 0.0010 sc_mean 0.3798 sc_std 0.3705 val_AP 1.0000 val_binF1 1.0000 lr 1.00e-04 0.3s
epoch   4 loss 0.0294 clss 0.0294 var 0.0007 sc_mean 0.3780 sc_std 0.3881 val_AP 1.0000 val_binF1 1.0000 lr 5.00e-05 0.3s
epoch   5 loss 0.0204 clss 0.0204 var 0.0008 sc_mean 0.3828 sc_std 0.3906 val_AP 1.0000 val_binF1 1.0000 lr 5.00e-05 0.3s
early stop at epoch 5（连续 5 epoch val binary AP 不提升）
done seed2 (split_seed2): best val binary AP=1.0000 @ epoch; wall=3.2s train=2.0s graphs/s=1096.22 → runs/perclass_arm/cap0/cls_reentrancy/seed2

$ python scripts/train.py --seed 2 --split-seed 2 --head binary --pos-weight-cap 0.0 --out-dir runs/perclass_arm/cap0/cls_reentrancy --graph-dir products/alldata/graphs_ft_p2/cb_ft_ss2 --split-dir products/alldata/splits --label-file products/alldata/perclass_labels/cls_reentrancy.json --label-key-mode project
[evaluate] 标签来源：file=products/alldata/perclass_labels/cls_reentrancy.json key_mode=project
seed2 (split_seed2) [head=binary]: test F1 0.5=0.8889 / val_thr(0.55)=0.8889；FPR 0.5=0.0000 FNR 0.5=0.2000；AP=0.8833

$ python scripts/evaluate.py --runs-dir runs/perclass_arm/cap0/cls_reentrancy --seed 2 --graph-dir products/alldata/graphs_ft_p2/cb_ft_ss2 --split-dir products/alldata/splits --label-file products/alldata/perclass_labels/cls_reentrancy.json --label-key-mode project
[diagnose] 标签来源：file=products/alldata/perclass_labels/cls_reentrancy.json key_mode=project
seed2: 逐类诊断完成 → runs/perclass_arm/cap0/cls_reentrancy/seed2/diagnosis.json （test pos 5）
跨种子聚合 → runs/perclass_arm/cap0/cls_reentrancy/diagnosis_summary.json

$ python scripts/diagnose.py --runs-dir runs/perclass_arm/cap0/cls_reentrancy --seed 2 --graph-dir products/alldata/graphs_ft_p2/cb_ft_ss2 --split-dir products/alldata/splits --label-file products/alldata/perclass_labels/cls_reentrancy.json --label-key-mode project
epoch   0 loss 1.2314 clss 1.2314 var 0.0251 sc_mean 0.5441 sc_std 0.0781 val_AP 0.2000 val_binF1 0.1250 lr 1.00e-04 0.6s
epoch   1 loss 1.0354 clss 1.0354 var 0.0017 sc_mean 0.6680 sc_std 0.1485 val_AP 0.2000 val_binF1 0.2500 lr 1.00e-04 0.3s
epoch   2 loss 0.9624 clss 0.9624 var 0.0009 sc_mean 0.7179 sc_std 0.2063 val_AP 0.3333 val_binF1 0.0000 lr 1.00e-04 0.3s
epoch   3 loss 1.0373 clss 1.0373 var 0.0004 sc_mean 0.7104 sc_std 0.2578 val_AP 0.3333 val_binF1 0.0000 lr 1.00e-04 0.3s
epoch   4 loss 0.9123 clss 0.9123 var 0.0001 sc_mean 0.6890 sc_std 0.2897 val_AP 0.3333 val_binF1 0.0000 lr 1.00e-04 0.3s
epoch   5 loss 0.6685 clss 0.6685 var 0.0002 sc_mean 0.6590 sc_std 0.3041 val_AP 0.5000 val_binF1 0.0000 lr 1.00e-04 0.3s
epoch   6 loss 0.5487 clss 0.5487 var 0.0002 sc_mean 0.6503 sc_std 0.3149 val_AP 1.0000 val_binF1 0.0000 lr 1.00e-04 0.3s
epoch   7 loss 0.3131 clss 0.3131 var 0.0000 sc_mean 0.6304 sc_std 0.3254 val_AP 1.0000 val_binF1 1.0000 lr 1.00e-04 0.3s
epoch   8 loss 0.2248 clss 0.2248 var 0.0000 sc_mean 0.6168 sc_std 0.3335 val_AP 1.0000 val_binF1 1.0000 lr 1.00e-04 0.3s
epoch   9 loss 0.0893 clss 0.0893 var 0.0000 sc_mean 0.6123 sc_std 0.3421 val_AP 1.0000 val_binF1 1.0000 lr 1.00e-04 0.3s
epoch  10 loss 0.0843 clss 0.0843 var 0.0001 sc_mean 0.5974 sc_std 0.3485 val_AP 1.0000 val_binF1 1.0000 lr 5.00e-05 0.3s
epoch  11 loss 0.0284 clss 0.0284 var 0.0000 sc_mean 0.5995 sc_std 0.3541 val_AP 1.0000 val_binF1 1.0000 lr 5.00e-05 0.3s
early stop at epoch 11（连续 5 epoch val binary AP 不提升）
done seed0 (split_seed0): best val binary AP=1.0000 @ epoch; wall=5.2s train=3.8s graphs/s=1152.28 → runs/perclass_arm/cap0/cls_time_manipulation/seed0

$ python scripts/train.py --seed 0 --split-seed 0 --head binary --pos-weight-cap 0.0 --out-dir runs/perclass_arm/cap0/cls_time_manipulation --graph-dir products/alldata/graphs_ft_p2/cb_ft_ss0 --split-dir products/alldata/splits --label-file products/alldata/perclass_labels/cls_time_manipulation.json --label-key-mode project
[evaluate] 标签来源：file=products/alldata/perclass_labels/cls_time_manipulation.json key_mode=project
seed0 (split_seed0) [head=binary]: test F1 0.5=0.6667 / val_thr(0.2)=1.0000；FPR 0.5=0.0000 FNR 0.5=0.5000；AP=1.0000

$ python scripts/evaluate.py --runs-dir runs/perclass_arm/cap0/cls_time_manipulation --seed 0 --graph-dir products/alldata/graphs_ft_p2/cb_ft_ss0 --split-dir products/alldata/splits --label-file products/alldata/perclass_labels/cls_time_manipulation.json --label-key-mode project
[diagnose] 标签来源：file=products/alldata/perclass_labels/cls_time_manipulation.json key_mode=project
seed0: 逐类诊断完成 → runs/perclass_arm/cap0/cls_time_manipulation/seed0/diagnosis.json （test pos 2）
跨种子聚合 → runs/perclass_arm/cap0/cls_time_manipulation/diagnosis_summary.json

$ python scripts/diagnose.py --runs-dir runs/perclass_arm/cap0/cls_time_manipulation --seed 0 --graph-dir products/alldata/graphs_ft_p2/cb_ft_ss0 --split-dir products/alldata/splits --label-file products/alldata/perclass_labels/cls_time_manipulation.json --label-key-mode project
epoch   0 loss 1.1119 clss 1.1118 var 0.0213 sc_mean 0.5983 sc_std 0.0830 val_AP 0.1667 val_binF1 0.2222 lr 1.00e-04 0.6s
epoch   1 loss 1.3038 clss 1.3038 var 0.0028 sc_mean 0.7599 sc_std 0.1393 val_AP 0.2500 val_binF1 0.0000 lr 1.00e-04 0.3s
epoch   2 loss 0.7261 clss 0.7261 var 0.0007 sc_mean 0.8134 sc_std 0.1654 val_AP 0.3333 val_binF1 0.0000 lr 1.00e-04 0.3s
epoch   3 loss 0.6543 clss 0.6543 var 0.0006 sc_mean 0.8221 sc_std 0.1766 val_AP 0.3333 val_binF1 0.0000 lr 1.00e-04 0.3s
epoch   4 loss 0.6007 clss 0.6007 var 0.0005 sc_mean 0.8199 sc_std 0.1820 val_AP 0.3333 val_binF1 0.0000 lr 1.00e-04 0.3s
epoch   5 loss 0.5578 clss 0.5578 var 0.0005 sc_mean 0.8188 sc_std 0.1868 val_AP 0.3333 val_binF1 0.0000 lr 1.00e-04 0.3s
epoch   6 loss 0.5190 clss 0.5190 var 0.0005 sc_mean 0.8235 sc_std 0.1907 val_AP 0.3333 val_binF1 0.0000 lr 5.00e-05 0.3s
epoch   7 loss 0.4541 clss 0.4541 var 0.0003 sc_mean 0.8275 sc_std 0.1917 val_AP 0.3333 val_binF1 0.0000 lr 5.00e-05 0.3s
early stop at epoch 7（连续 5 epoch val binary AP 不提升）
done seed1 (split_seed1): best val binary AP=0.3333 @ epoch; wall=3.9s train=2.6s graphs/s=1108.13 → runs/perclass_arm/cap0/cls_time_manipulation/seed1

$ python scripts/train.py --seed 1 --split-seed 1 --head binary --pos-weight-cap 0.0 --out-dir runs/perclass_arm/cap0/cls_time_manipulation --graph-dir products/alldata/graphs_ft_p2/cb_ft_ss1 --split-dir products/alldata/splits --label-file products/alldata/perclass_labels/cls_time_manipulation.json --label-key-mode project
[evaluate] 标签来源：file=products/alldata/perclass_labels/cls_time_manipulation.json key_mode=project
seed1 (split_seed1) [head=binary]: test F1 0.5=0.0000 / val_thr(0.2)=0.0000；FPR 0.5=0.0000 FNR 0.5=1.0000；AP=1.0000

$ python scripts/evaluate.py --runs-dir runs/perclass_arm/cap0/cls_time_manipulation --seed 1 --graph-dir products/alldata/graphs_ft_p2/cb_ft_ss1 --split-dir products/alldata/splits --label-file products/alldata/perclass_labels/cls_time_manipulation.json --label-key-mode project
[diagnose] 标签来源：file=products/alldata/perclass_labels/cls_time_manipulation.json key_mode=project
seed1: 逐类诊断完成 → runs/perclass_arm/cap0/cls_time_manipulation/seed1/diagnosis.json （test pos 1）
跨种子聚合 → runs/perclass_arm/cap0/cls_time_manipulation/diagnosis_summary.json

$ python scripts/diagnose.py --runs-dir runs/perclass_arm/cap0/cls_time_manipulation --seed 1 --graph-dir products/alldata/graphs_ft_p2/cb_ft_ss1 --split-dir products/alldata/splits --label-file products/alldata/perclass_labels/cls_time_manipulation.json --label-key-mode project
epoch   0 loss 1.6981 clss 1.6981 var 0.0150 sc_mean 0.4056 sc_std 0.0981 val_AP 1.0000 val_binF1 1.0000 lr 1.00e-04 0.6s
epoch   1 loss 0.8075 clss 0.8075 var 0.0016 sc_mean 0.4191 sc_std 0.2166 val_AP 1.0000 val_binF1 1.0000 lr 1.00e-04 0.3s
epoch   2 loss 0.6474 clss 0.6474 var 0.0010 sc_mean 0.4159 sc_std 0.3134 val_AP 1.0000 val_binF1 1.0000 lr 1.00e-04 0.3s
epoch   3 loss 0.5485 clss 0.5485 var 0.0006 sc_mean 0.4264 sc_std 0.3585 val_AP 1.0000 val_binF1 1.0000 lr 1.00e-04 0.3s
epoch   4 loss 0.4009 clss 0.4009 var 0.0006 sc_mean 0.4441 sc_std 0.3689 val_AP 1.0000 val_binF1 1.0000 lr 5.00e-05 0.3s
epoch   5 loss 0.2698 clss 0.2698 var 0.0001 sc_mean 0.4542 sc_std 0.3699 val_AP 1.0000 val_binF1 1.0000 lr 5.00e-05 0.3s
early stop at epoch 5（连续 5 epoch val binary AP 不提升）
done seed2 (split_seed2): best val binary AP=1.0000 @ epoch; wall=3.4s train=2.1s graphs/s=1015.05 → runs/perclass_arm/cap0/cls_time_manipulation/seed2

$ python scripts/train.py --seed 2 --split-seed 2 --head binary --pos-weight-cap 0.0 --out-dir runs/perclass_arm/cap0/cls_time_manipulation --graph-dir products/alldata/graphs_ft_p2/cb_ft_ss2 --split-dir products/alldata/splits --label-file products/alldata/perclass_labels/cls_time_manipulation.json --label-key-mode project
[evaluate] 标签来源：file=products/alldata/perclass_labels/cls_time_manipulation.json key_mode=project
seed2 (split_seed2) [head=binary]: test F1 0.5=0.0000 / val_thr(0.45)=0.0000；FPR 0.5=0.0000 FNR 0.5=1.0000；AP=0.2000

$ python scripts/evaluate.py --runs-dir runs/perclass_arm/cap0/cls_time_manipulation --seed 2 --graph-dir products/alldata/graphs_ft_p2/cb_ft_ss2 --split-dir products/alldata/splits --label-file products/alldata/perclass_labels/cls_time_manipulation.json --label-key-mode project
[diagnose] 标签来源：file=products/alldata/perclass_labels/cls_time_manipulation.json key_mode=project
seed2: 逐类诊断完成 → runs/perclass_arm/cap0/cls_time_manipulation/seed2/diagnosis.json （test pos 1）
跨种子聚合 → runs/perclass_arm/cap0/cls_time_manipulation/diagnosis_summary.json

$ python scripts/diagnose.py --runs-dir runs/perclass_arm/cap0/cls_time_manipulation --seed 2 --graph-dir products/alldata/graphs_ft_p2/cb_ft_ss2 --split-dir products/alldata/splits --label-file products/alldata/perclass_labels/cls_time_manipulation.json --label-key-mode project
epoch   0 loss 1.0839 clss 1.0839 var 0.0318 sc_mean 0.5308 sc_std 0.0684 val_AP 1.0000 val_binF1 0.9333 lr 1.00e-04 0.6s
epoch   1 loss 0.5997 clss 0.5997 var 0.0042 sc_mean 0.6142 sc_std 0.1159 val_AP 0.9750 val_binF1 0.9333 lr 1.00e-04 0.3s
epoch   2 loss 0.2471 clss 0.2471 var 0.0012 sc_mean 0.7050 sc_std 0.1638 val_AP 0.9750 val_binF1 0.9333 lr 1.00e-04 0.3s
epoch   3 loss 0.0638 clss 0.0638 var 0.0007 sc_mean 0.6939 sc_std 0.2206 val_AP 0.9861 val_binF1 0.9333 lr 1.00e-04 0.3s
epoch   4 loss 0.0158 clss 0.0158 var 0.0003 sc_mean 0.5735 sc_std 0.2848 val_AP 1.0000 val_binF1 1.0000 lr 5.00e-05 0.3s
epoch   5 loss 0.0070 clss 0.0070 var 0.0010 sc_mean 0.4727 sc_std 0.3095 val_AP 1.0000 val_binF1 0.9412 lr 5.00e-05 0.3s
early stop at epoch 5（连续 5 epoch val binary AP 不提升）
done seed0 (split_seed0): best val binary AP=1.0000 @ epoch; wall=3.4s train=2.1s graphs/s=1031.70 → runs/perclass_arm/cap0/cls_uncheck/seed0

$ python scripts/train.py --seed 0 --split-seed 0 --head binary --pos-weight-cap 0.0 --out-dir runs/perclass_arm/cap0/cls_uncheck --graph-dir products/alldata/graphs_ft_p2/cb_ft_ss0 --split-dir products/alldata/splits --label-file products/alldata/perclass_labels/cls_uncheck.json --label-key-mode project
[evaluate] 标签来源：file=products/alldata/perclass_labels/cls_uncheck.json key_mode=project
seed0 (split_seed0) [head=binary]: test F1 0.5=0.9333 / val_thr(0.55)=0.9231；FPR 0.5=0.0256 FNR 0.5=0.0000；AP=1.0000

$ python scripts/evaluate.py --runs-dir runs/perclass_arm/cap0/cls_uncheck --seed 0 --graph-dir products/alldata/graphs_ft_p2/cb_ft_ss0 --split-dir products/alldata/splits --label-file products/alldata/perclass_labels/cls_uncheck.json --label-key-mode project
[diagnose] 标签来源：file=products/alldata/perclass_labels/cls_uncheck.json key_mode=project
seed0: 逐类诊断完成 → runs/perclass_arm/cap0/cls_uncheck/seed0/diagnosis.json （test pos 7）
跨种子聚合 → runs/perclass_arm/cap0/cls_uncheck/diagnosis_summary.json

$ python scripts/diagnose.py --runs-dir runs/perclass_arm/cap0/cls_uncheck --seed 0 --graph-dir products/alldata/graphs_ft_p2/cb_ft_ss0 --split-dir products/alldata/splits --label-file products/alldata/perclass_labels/cls_uncheck.json --label-key-mode project
epoch   0 loss 1.0133 clss 1.0132 var 0.0290 sc_mean 0.5426 sc_std 0.0726 val_AP 0.9659 val_binF1 0.8750 lr 1.00e-04 1.0s
epoch   1 loss 0.6276 clss 0.6276 var 0.0052 sc_mean 0.6151 sc_std 0.1273 val_AP 1.0000 val_binF1 1.0000 lr 1.00e-04 0.4s
epoch   2 loss 0.3089 clss 0.3089 var 0.0016 sc_mean 0.5682 sc_std 0.1790 val_AP 1.0000 val_binF1 1.0000 lr 1.00e-04 0.4s
epoch   3 loss 0.0988 clss 0.0988 var 0.0011 sc_mean 0.5256 sc_std 0.2343 val_AP 1.0000 val_binF1 1.0000 lr 1.00e-04 0.4s
epoch   4 loss 0.0354 clss 0.0354 var 0.0012 sc_mean 0.4550 sc_std 0.2676 val_AP 1.0000 val_binF1 1.0000 lr 1.00e-04 0.4s
epoch   5 loss 0.0174 clss 0.0174 var 0.0008 sc_mean 0.4237 sc_std 0.3019 val_AP 1.0000 val_binF1 1.0000 lr 5.00e-05 0.5s
epoch   6 loss 0.0119 clss 0.0119 var 0.0009 sc_mean 0.4341 sc_std 0.3187 val_AP 1.0000 val_binF1 1.0000 lr 5.00e-05 0.5s
early stop at epoch 6（连续 5 epoch val binary AP 不提升）
done seed1 (split_seed1): best val binary AP=1.0000 @ epoch; wall=4.8s train=3.3s graphs/s=774.58 → runs/perclass_arm/cap0/cls_uncheck/seed1

$ python scripts/train.py --seed 1 --split-seed 1 --head binary --pos-weight-cap 0.0 --out-dir runs/perclass_arm/cap0/cls_uncheck --graph-dir products/alldata/graphs_ft_p2/cb_ft_ss1 --split-dir products/alldata/splits --label-file products/alldata/perclass_labels/cls_uncheck.json --label-key-mode project
[evaluate] 标签来源：file=products/alldata/perclass_labels/cls_uncheck.json key_mode=project
seed1 (split_seed1) [head=binary]: test F1 0.5=0.8235 / val_thr(0.35)=0.8235；FPR 0.5=0.0769 FNR 0.5=0.0000；AP=0.9571

$ python scripts/evaluate.py --runs-dir runs/perclass_arm/cap0/cls_uncheck --seed 1 --graph-dir products/alldata/graphs_ft_p2/cb_ft_ss1 --split-dir products/alldata/splits --label-file products/alldata/perclass_labels/cls_uncheck.json --label-key-mode project
[diagnose] 标签来源：file=products/alldata/perclass_labels/cls_uncheck.json key_mode=project
seed1: 逐类诊断完成 → runs/perclass_arm/cap0/cls_uncheck/seed1/diagnosis.json （test pos 7）
跨种子聚合 → runs/perclass_arm/cap0/cls_uncheck/diagnosis_summary.json

$ python scripts/diagnose.py --runs-dir runs/perclass_arm/cap0/cls_uncheck --seed 1 --graph-dir products/alldata/graphs_ft_p2/cb_ft_ss1 --split-dir products/alldata/splits --label-file products/alldata/perclass_labels/cls_uncheck.json --label-key-mode project
epoch   0 loss 1.0354 clss 1.0353 var 0.0174 sc_mean 0.4337 sc_std 0.0914 val_AP 0.9008 val_binF1 0.8000 lr 1.00e-04 0.8s
epoch   1 loss 0.4136 clss 0.4136 var 0.0016 sc_mean 0.4381 sc_std 0.1938 val_AP 0.9010 val_binF1 0.8000 lr 1.00e-04 0.4s
epoch   2 loss 0.1079 clss 0.1079 var 0.0007 sc_mean 0.4024 sc_std 0.3031 val_AP 0.9089 val_binF1 0.8000 lr 1.00e-04 0.3s
epoch   3 loss 0.0289 clss 0.0289 var 0.0011 sc_mean 0.3807 sc_std 0.3595 val_AP 0.9187 val_binF1 0.8000 lr 1.00e-04 0.3s
epoch   4 loss 0.0148 clss 0.0148 var 0.0010 sc_mean 0.3940 sc_std 0.3813 val_AP 0.9241 val_binF1 0.8000 lr 1.00e-04 0.3s
epoch   5 loss 0.0069 clss 0.0069 var 0.0002 sc_mean 0.4080 sc_std 0.3872 val_AP 0.9241 val_binF1 0.8000 lr 1.00e-04 0.3s
epoch   6 loss 0.0051 clss 0.0051 var 0.0005 sc_mean 0.3896 sc_std 0.3947 val_AP 0.9241 val_binF1 0.8000 lr 1.00e-04 0.3s
epoch   7 loss 0.0031 clss 0.0031 var 0.0004 sc_mean 0.3865 sc_std 0.4013 val_AP 0.9241 val_binF1 0.8000 lr 1.00e-04 0.3s
epoch   8 loss 0.0020 clss 0.0020 var 0.0000 sc_mean 0.3800 sc_std 0.4092 val_AP 0.9427 val_binF1 0.8000 lr 1.00e-04 0.3s
epoch   9 loss 0.0048 clss 0.0048 var 0.0002 sc_mean 0.3799 sc_std 0.4084 val_AP 0.9306 val_binF1 0.8000 lr 1.00e-04 0.3s
epoch  10 loss 0.0012 clss 0.0012 var 0.0003 sc_mean 0.3619 sc_std 0.4111 val_AP 0.9306 val_binF1 0.8000 lr 1.00e-04 0.3s
epoch  11 loss 0.0010 clss 0.0010 var 0.0003 sc_mean 0.3620 sc_std 0.4102 val_AP 0.9306 val_binF1 0.8000 lr 1.00e-04 0.3s
epoch  12 loss 0.0015 clss 0.0015 var 0.0006 sc_mean 0.3629 sc_std 0.4127 val_AP 0.9127 val_binF1 0.8000 lr 5.00e-05 0.3s
epoch  13 loss 0.0010 clss 0.0010 var 0.0003 sc_mean 0.3711 sc_std 0.4133 val_AP 0.9127 val_binF1 0.8000 lr 5.00e-05 0.3s
early stop at epoch 13（连续 5 epoch val binary AP 不提升）
done seed2 (split_seed2): best val binary AP=0.9427 @ epoch; wall=6.4s train=4.5s graphs/s=1127.59 → runs/perclass_arm/cap0/cls_uncheck/seed2

$ python scripts/train.py --seed 2 --split-seed 2 --head binary --pos-weight-cap 0.0 --out-dir runs/perclass_arm/cap0/cls_uncheck --graph-dir products/alldata/graphs_ft_p2/cb_ft_ss2 --split-dir products/alldata/splits --label-file products/alldata/perclass_labels/cls_uncheck.json --label-key-mode project
[evaluate] 标签来源：file=products/alldata/perclass_labels/cls_uncheck.json key_mode=project
seed2 (split_seed2) [head=binary]: test F1 0.5=0.8750 / val_thr(0.2)=0.8235；FPR 0.5=0.0513 FNR 0.5=0.0000；AP=0.9617

$ python scripts/evaluate.py --runs-dir runs/perclass_arm/cap0/cls_uncheck --seed 2 --graph-dir products/alldata/graphs_ft_p2/cb_ft_ss2 --split-dir products/alldata/splits --label-file products/alldata/perclass_labels/cls_uncheck.json --label-key-mode project
[diagnose] 标签来源：file=products/alldata/perclass_labels/cls_uncheck.json key_mode=project
seed2: 逐类诊断完成 → runs/perclass_arm/cap0/cls_uncheck/seed2/diagnosis.json （test pos 7）
跨种子聚合 → runs/perclass_arm/cap0/cls_uncheck/diagnosis_summary.json

$ python scripts/diagnose.py --runs-dir runs/perclass_arm/cap0/cls_uncheck --seed 2 --graph-dir products/alldata/graphs_ft_p2/cb_ft_ss2 --split-dir products/alldata/splits --label-file products/alldata/perclass_labels/cls_uncheck.json --label-key-mode project
